title,post_date,blog link,result link
Revaluation Result SE (Mechanical Engg. R-2019)_Sem-IV_ ATKT _'C' Scheme_CBCS_Winter-2025,2026-04-16T03:02:00-07:00,https://vishwaniketanexam.blogspot.com/2026/04/revaluation-result-se-mechanical-engg-r_16.html,https://vishwaniketaneduin-my.sharepoint.com/:b:/g/personal/exam_vimeet_vishwaniketan_edu_in/IQBImq-ot5tuSZIQNz49xxloAd42ypGk38yerHJsTQ5aYfk?e=gkuNzg
Revaluation Result SE (Mechanical Engg. R-2019)_Sem-III_ ATKT _'C' Scheme_CBCS_Winter-2025,2026-04-16T02:59:00-07:00,https://vishwaniketanexam.blogspot.com/2026/04/revaluation-result-se-mechanical-engg-r.html,https://vishwaniketaneduin-my.sharepoint.com/:b:/g/personal/exam_vimeet_vishwaniketan_edu_in/IQBDwXLBCUbDRJ_nA487iaMRARwQ-oF8NG1D-GcX0wMTUDU?e=ZTfK26
Revaluation Result SE (Electrical Engg. R-2019)_Sem-IV_ ATKT _'C' Scheme_CBCS_Winter-2025,2026-04-15T03:07:00-07:00,https://vishwaniketanexam.blogspot.com/2026/04/revaluation-result-se-electrical-engg-r_15.html,https://vishwaniketaneduin-my.sharepoint.com/:b:/g/personal/exam_vimeet_vishwaniketan_edu_in/IQAkr_6SYMwbS4D7s65H5OTWAXt77UWlT0wyxPsXkfCwtso?e=5GRtvb
Revaluation Result SE (Electrical Engg. R-2019)_Sem-III_ ATKT _'C' Scheme_CBCS_Winter-2025,2026-04-15T03:04:00-07:00,https://vishwaniketanexam.blogspot.com/2026/04/revaluation-result-se-electrical-engg-r.html,https://vishwaniketaneduin-my.sharepoint.com/:b:/g/personal/exam_vimeet_vishwaniketan_edu_in/IQCfQ5NOWFZFQavtsif0vAtyAWHfuAEO08Wo1irDWSPyZq4?e=AeMhQT
Revaluation Result TE (CIVIL Engg. R-2019)_Sem-VI_ KT _'C' Scheme_CBCS_Winter-2025,2026-04-15T02:55:00-07:00,https://vishwaniketanexam.blogspot.com/2026/04/revaluation-result-te-civil-engg-r_64.html,https://vishwaniketaneduin-my.sharepoint.com/:b:/g/personal/exam_vimeet_vishwaniketan_edu_in/IQCu10ZVqNv3Qq1dE2ERGKbOAYJ9GT1DPaS9DoP8OI8lL1Q?e=m20xah
Revaluation Result SE (CIVIL Engg. R-2019)_Sem-III_ KT _'C' Scheme_CBCS_Winter-2025,2026-04-15T02:45:00-07:00,https://vishwaniketanexam.blogspot.com/2026/04/revaluation-result-se-civil-engg-r_15.html,https://vishwaniketaneduin-my.sharepoint.com/:b:/g/personal/exam_vimeet_vishwaniketan_edu_in/IQCMGRvwAI99R4dU2QK-O0AZAdnZdxwhr3XxOwZY8vO6yJ4?e=UVKj0A
Revaluation Result SE (CIVIL Engg. R-2019)_Sem-IV_ KT _'C' Scheme_CBCS_Winter-2025,2026-04-15T02:43:00-07:00,https://vishwaniketanexam.blogspot.com/2026/04/revaluation-result-se-civil-engg-r.html,https://vishwaniketaneduin-my.sharepoint.com/:b:/g/personal/exam_vimeet_vishwaniketan_edu_in/IQDrb2ZdQgoVQIAUhuoAV7NVAYYvQeSB1T-XSxCgZPBb5-M?e=zCtwg2
Revaluation Result TE (CIVIL Engg. R-2019)_Sem-V_ Regular _'C' Scheme_CBCS_Winter-2025,2026-04-15T02:34:00-07:00,https://vishwaniketanexam.blogspot.com/2026/04/revaluation-result-te-civil-engg-r_15.html,https://vishwaniketaneduin-my.sharepoint.com/:b:/g/personal/exam_vimeet_vishwaniketan_edu_in/IQDsUtTCkhA8QKhHSJ230dtLATvwRY6F2sw5D0r16r1sG8E?e=aUfPw9
Revaluation Result TE (CIVIL Engg. R-2019)_Sem-V_ ATKT _'C' Scheme_CBCS_Winter-2025,2026-04-15T02:32:00-07:00,https://vishwaniketanexam.blogspot.com/2026/04/revaluation-result-te-civil-engg-r.html,https://vishwaniketaneduin-my.sharepoint.com/:b:/g/personal/exam_vimeet_vishwaniketan_edu_in/IQD_Ai9tzb1OSYmHE9qtVFKAAT0mvivbVqHcCmlJ-qmA4u8?e=c1NeIs
Revaluation Result TE (ExTC Engg. R-2019)_Sem-V_ ATKT _'C' Scheme_CBCS_Winter-2025,2026-04-15T02:27:00-07:00,https://vishwaniketanexam.blogspot.com/2026/04/revaluation-result-te-extc-engg-r_15.html,https://vishwaniketaneduin-my.sharepoint.com/:b:/g/personal/exam_vimeet_vishwaniketan_edu_in/IQDSCyhD_6x7TL-yaLbKEBqMAaaOvMNCbbe_Ej62UWeLQqI?e=CkqJfp
Revaluation Result TE (ExTC Engg. R-2019)_Sem-V_ Regular _'C' Scheme_CBCS_Winter-2025,2026-04-15T02:25:00-07:00,https://vishwaniketanexam.blogspot.com/2026/04/revaluation-result-te-extc-engg-r.html,https://vishwaniketaneduin-my.sharepoint.com/:b:/g/personal/exam_vimeet_vishwaniketan_edu_in/IQChc5OedOSuSYesm2_15ZexAUJz009oQZYAUyqYu4l7EQY?e=Tnz5Rm
Revaluation Result TE (Electrical Engg. R-2019)_Sem-V_ Regular _'C' Scheme_CBCS_Winter-2025,2026-04-15T02:21:00-07:00,https://vishwaniketanexam.blogspot.com/2026/04/revaluation-result-te-electrical-engg-r_5.html,https://vishwaniketaneduin-my.sharepoint.com/:b:/g/personal/exam_vimeet_vishwaniketan_edu_in/IQCGBrtNUM2WRZGPN24ovn6uAZH-niFmT6BFhnx7_9k9M8E?e=g7vQXr
Revaluation Result TE (Electrical Engg. R-2019)_Sem-V_ ATKT _'C' Scheme_CBCS_Winter-2025,2026-04-15T02:19:00-07:00,https://vishwaniketanexam.blogspot.com/2026/04/revaluation-result-te-electrical-engg-r_15.html,https://vishwaniketaneduin-my.sharepoint.com/:b:/g/personal/exam_vimeet_vishwaniketan_edu_in/IQD8KcVOVWtgSbeglSn_ypwBASM_QXCrdCit2rubM0NRwaI?e=JQSL37
Revaluation Result TE (Electrical Engg. R-2019)_Sem-VI_ ATKT _'C' Scheme_CBCS_Winter-2025,2026-04-07T03:01:00-07:00,https://vishwaniketanexam.blogspot.com/2026/04/revaluation-result-te-electrical-engg-r.html,https://vishwaniketaneduin-my.sharepoint.com/:b:/g/personal/exam_vimeet_vishwaniketan_edu_in/IQCJrTsao3qfQoS-7oHUPPcaAUX1FDfQUzreAsVdnrbG2XQ?e=W8CwMj
Revaluation Result SE (EXTC Engg. R-2019)_Sem-III_ ATKT _'C' Scheme_CBCS_Winter-2025,2026-04-07T02:59:00-07:00,https://vishwaniketanexam.blogspot.com/2026/04/revaluation-result-se-extc-engg-r_7.html,https://vishwaniketaneduin-my.sharepoint.com/:b:/g/personal/exam_vimeet_vishwaniketan_edu_in/IQB7fO5lMDomRa983gZAF69UAUkxsDT64opPEA3Cokevvhw?e=yT7Siz
Revaluation Result SE (EXTC Engg. R-2019)_Sem-IV_ ATKT _'C' Scheme_CBCS_Winter-2025,2026-04-07T02:57:00-07:00,https://vishwaniketanexam.blogspot.com/2026/04/revaluation-result-se-extc-engg-r.html,https://vishwaniketaneduin-my.sharepoint.com/:b:/g/personal/exam_vimeet_vishwaniketan_edu_in/IQC6qXXd8kx6R5wKjma69bGPAdpjSa21rQsfT9iXkHioSfs?e=r89DXF
Revaluation Result TE (Mechanical Engg. R-2019)_Sem-VI_ ATKT _'C' Scheme_CBCS_Winter-2025,2026-04-07T02:55:00-07:00,https://vishwaniketanexam.blogspot.com/2026/04/revaluation-result-te-mechanical-engg-r_7.html,https://vishwaniketaneduin-my.sharepoint.com/:b:/g/personal/exam_vimeet_vishwaniketan_edu_in/IQBhlrhXX9rDTZeaWYsv9TxzAaCaMj79sdxDd0h15jXChPY?e=XKIcXV
Revaluation Result TE (Mechanical Engg. R-2019)_Sem-V_ ATKT _'C' Scheme_CBCS_Winter-2025,2026-04-07T02:54:00-07:00,https://vishwaniketanexam.blogspot.com/2026/04/revaluation-result-te-mechanical-engg-r.html,https://vishwaniketaneduin-my.sharepoint.com/:b:/g/personal/exam_vimeet_vishwaniketan_edu_in/IQB-MHQEi7asRrlRLqYWhEztAez18Zxl6RC-0Fac5y52WqU?e=7shfWt
Revaluation Result TE (Mechanical Engg. R-2019)_Sem-V_ Regular _'C' Scheme_CBCS_Winter-2025,2026-04-07T02:52:00-07:00,https://vishwaniketanexam.blogspot.com/2026/04/revaluation-result-te-computer-engg-r_7.html,https://vishwaniketaneduin-my.sharepoint.com/:b:/g/personal/exam_vimeet_vishwaniketan_edu_in/IQBCQe8VwJ0qTb-pnp7L7BTSAdlRZuLveb1-enpaumZ0JUA?e=qDlKvu
Revaluation Result TE (Computer Engg. R-2019)_Sem-V_ Regular _'C' Scheme_CBCS_Winter-2025,2026-04-07T02:50:00-07:00,https://vishwaniketanexam.blogspot.com/2026/04/revaluation-result-te-computer-engg-r.html,https://vishwaniketaneduin-my.sharepoint.com/:b:/g/personal/exam_vimeet_vishwaniketan_edu_in/IQAzwlKcVBy8SbDpZyIkoOKMAZIHhxESZ8eiPi10rkcQLN0?e=cEKda6
Revaluation Result SE (Computer Engg. R-2019)_Sem-IV_ ATKT _'C' Scheme_CBCS_Winter-2025,2026-04-07T02:48:00-07:00,https://vishwaniketanexam.blogspot.com/2026/04/revaluation-result-se-computer-engg-r_7.html,https://vishwaniketaneduin-my.sharepoint.com/:b:/g/personal/exam_vimeet_vishwaniketan_edu_in/IQB8081yj0ViRK-FEgdZP85FAdXuOfdUrUsKlbIkwcymWGo?e=Ss6n2t
Revaluation Result SE (Computer Engg. R-2019)_Sem-III_ ATKT _'C' Scheme_CBCS_Winter-2025,2026-04-07T02:47:00-07:00,https://vishwaniketanexam.blogspot.com/2026/04/revaluation-result-se-computer-engg-r.html,https://vishwaniketaneduin-my.sharepoint.com/:b:/g/personal/exam_vimeet_vishwaniketan_edu_in/IQBrMOPZSHeBRYflyV9PAcoCAUGhOf7H9jQcUuPDppT8GCg?e=u6CnBX
Revaluation Result TE (CSE(AI & ML) Engg. R-2019)_Sem-V_ Regular _'C' Scheme_CBCS_Winter-2025,2026-04-07T02:45:00-07:00,https://vishwaniketanexam.blogspot.com/2026/04/revaluation-result-te-cseai-ml-engg-r.html,https://vishwaniketaneduin-my.sharepoint.com/:b:/g/personal/exam_vimeet_vishwaniketan_edu_in/IQBDgS36QWnORLr_A0EHn0OTAQCj-ESrf4PP3omkfg46uTc?e=2334CW
Revaluation Result TE (CSE(AI & ML) Engg. R-2019)_Sem-V_ ATKT _'C' Scheme_CBCS_Winter-2025,2026-04-07T02:43:00-07:00,https://vishwaniketanexam.blogspot.com/2026/04/revaluation-result-se-cseai-ml-engg-r_36.html,https://vishwaniketaneduin-my.sharepoint.com/:b:/g/personal/exam_vimeet_vishwaniketan_edu_in/IQA3CGm5XficQrir8lU3PLO5Ab_GHwFZXjyVu-r-J0nxrQ0?e=jwY15x
Revaluation Result SE (CSE(AI & ML) Engg. R-2019)_Sem-IV_ ATKT _'C' Scheme_CBCS_Winter-2025,2026-04-07T02:42:00-07:00,https://vishwaniketanexam.blogspot.com/2026/04/revaluation-result-se-cseai-ml-engg-r_7.html,https://vishwaniketaneduin-my.sharepoint.com/:b:/g/personal/exam_vimeet_vishwaniketan_edu_in/IQDyQU9eqLDRTaUSPWa46tzcAW5B2ZzZrGPySECQlmTZxbs?e=IU8jkK
Revaluation Result SE (CSE(AI & ML) Engg. R-2019)_Sem-III_ ATKT _'C' Scheme_CBCS_Winter-2025,2026-04-07T02:40:00-07:00,https://vishwaniketanexam.blogspot.com/2026/04/revaluation-result-se-cseai-ml-engg-r.html,https://vishwaniketaneduin-my.sharepoint.com/:b:/g/personal/exam_vimeet_vishwaniketan_edu_in/IQCL3_b_vh0NRZW3quXs1jE6ATYt2jIhxXG0eIfTGdgBwUg?e=E6n2Tp
Result SE (Civil Engg. R-2019)_Sem-III_ATKT _'C' Scheme_CBCS_Winter-2025,2026-03-27T03:40:00.106000-07:00,https://vishwaniketanexam.blogspot.com/2026/03/result-se-civil-engg-r-2019sem-iiiatkt.html,https://vishwaniketaneduin-my.sharepoint.com/:b:/g/personal/exam_vimeet_vishwaniketan_edu_in/IQC5A7ruUqZXQ5zdgvex1GjiAdnhdSeGaBF-eMYPe8RGd6Y?e=FnLcPa
Result SE (Civil Engg. R-2019)_Sem-IV_ATKT _'C' Scheme_CBCS_Winter-2025,2026-03-27T03:39:57.873000-07:00,https://vishwaniketanexam.blogspot.com/2026/03/result-se-civil-engg-r-2019sem-ivatkt-c.html,https://vishwaniketaneduin-my.sharepoint.com/:b:/g/personal/exam_vimeet_vishwaniketan_edu_in/IQBfSmAtDyg4QKjAy0LzfAbUAb-pApTDH_-BgxDUBuhFy28?e=3TZMBd
Result TE (Civil Engg. R-2019)_Sem-V_Regular & ATKT _'C' Scheme_CBCS_Winter-2025,2026-03-27T03:39:55.241000-07:00,https://vishwaniketanexam.blogspot.com/2026/03/result-te-civil-engg-r-2019sem-vregular.html,https://vishwaniketaneduin-my.sharepoint.com/:b:/g/personal/exam_vimeet_vishwaniketan_edu_in/IQDvYck8ZnUiRLOtqagnS7HFAQ0Q3kve2qU-IgCiRlzKmP4?e=ZVkgTo
Result TE (Civil Engg. R-2019)_Sem-VI_ATKT _'C' Scheme_CBCS_Winter-2025,2026-03-27T03:39:52.643000-07:00,https://vishwaniketanexam.blogspot.com/2026/03/result-te-civil-engg-r-2019sem-viatkt-c.html,https://vishwaniketaneduin-my.sharepoint.com/:b:/g/personal/exam_vimeet_vishwaniketan_edu_in/IQCYPfDiU3ICTrXXag6ODagMAQ9lpyG7NwVwH8GbU8Io5SQ?e=seU9WB
Result TE (Mechanical Engg. R-2019)_Sem-VI_ATKT _'C' Scheme_CBCS_Winter-2025,2026-03-16T02:35:00-07:00,https://vishwaniketanexam.blogspot.com/2026/03/result-te-mechanical-engg-r-2019sem_16.html,https://vishwaniketaneduin-my.sharepoint.com/:b:/g/personal/exam_vimeet_vishwaniketan_edu_in/IQAxdOMg0sZlRprCQC67awu9AVmdJLAyJtqAemV6b8UuDA8?e=zBCGMI
Result TE (Mechanical Engg. R-2019)_Sem-V_Regular &  ATKT _'C' Scheme_CBCS_Winter-2025,2026-03-16T02:33:00-07:00,https://vishwaniketanexam.blogspot.com/2026/03/result-te-mechanical-engg-r-2019sem.html,https://vishwaniketaneduin-my.sharepoint.com/:b:/g/personal/exam_vimeet_vishwaniketan_edu_in/IQAFlQSEqxogTaoCa7A7aTcXATyWMEvOCXQ9BwVfXY7NxwI?e=AFOgdK
Result SE (Mechanical Engg. R-2019)_Sem-IV_ ATKT _'C' Scheme_CBCS_Winter-2025,2026-03-16T02:17:00-07:00,https://vishwaniketanexam.blogspot.com/2026/03/result-se-mechanical-engg-r-2019sem-iv.html,https://vishwaniketaneduin-my.sharepoint.com/:b:/g/personal/exam_vimeet_vishwaniketan_edu_in/IQBNNEJasJlUTKpmpEQ5h60bAWtiExw267k3yk82suTMBko?e=JaPWRa
Result SE (Mechanical Engg. R-2019)_Sem-III_ ATKT _'C' Scheme_CBCS_Winter-2025,2026-03-16T02:15:00-07:00,https://vishwaniketanexam.blogspot.com/2026/03/result-se-mechanical-engg-r-2019sem-iii.html,https://vishwaniketaneduin-my.sharepoint.com/:b:/g/personal/exam_vimeet_vishwaniketan_edu_in/IQABuAqNqWTsRqL-D50vLxQGAcIU8HO1rPI_m7dSjcl93KE?e=bnfO3d
Result TE (Electrical Engg. R-2019)_Sem-V_Regular & ATKT _'C' Scheme_CBCS_Winter-2025,2026-03-16T02:05:00-07:00,https://vishwaniketanexam.blogspot.com/2026/03/result-te-electrical-engg-r-2019sem.html,https://vishwaniketaneduin-my.sharepoint.com/:b:/g/personal/exam_vimeet_vishwaniketan_edu_in/IQDueVHDHVIoQ687ClKf-U51AUOK4hMc02UpRZAMYJOHgU4?e=o8bOPp
Result SE (Electrical Engg. R-2019)_Sem-IV_ ATKT _'C' Scheme_CBCS_Winter-2025,2026-03-16T02:04:00-07:00,https://vishwaniketanexam.blogspot.com/2026/03/result-te-electrical-engg-r-2019sem-v.html,https://vishwaniketaneduin-my.sharepoint.com/:b:/g/personal/exam_vimeet_vishwaniketan_edu_in/IQDtu63h98Y_T6SCtUE0YHwsAc9AzkLbEbK2l4WThOw2po4?e=G4zi7D
Result TE (Electrical Engg. R-2019)_Sem-VI_ ATKT _'C' Scheme_CBCS_Winter-2025,2026-03-16T02:02:00-07:00,https://vishwaniketanexam.blogspot.com/2026/03/result-se-electrical-engg-r-2019sem-iv.html,https://vishwaniketaneduin-my.sharepoint.com/:b:/g/personal/exam_vimeet_vishwaniketan_edu_in/IQDbDhNpyraiQaaLbaskN85CAczQQdYRl25BM-N2GJ1Z7H0?e=v4izLM
Result SE (Electrical Engg. R-2019)_Sem-III_ ATKT _'C' Scheme_CBCS_Winter-2025,2026-03-16T02:01:00-07:00,https://vishwaniketanexam.blogspot.com/2026/03/result-se-electrical-engg-r-2019sem-iii.html,https://vishwaniketaneduin-my.sharepoint.com/:b:/g/personal/exam_vimeet_vishwaniketan_edu_in/IQDtp_pZafJrS7uc7xpePjAoAXEzP_QRqECa78rF3-qs3Go?e=brRTg4
Result SE (Mechanical Engg.)_Sem-III_ Regular_ NEP 2020_Winter-2025,2026-03-05T23:04:00-08:00,https://vishwaniketanexam.blogspot.com/2026/03/result-se-mechanical-enggsem-iii.html,https://vishwaniketaneduin-my.sharepoint.com/:b:/g/personal/exam_vimeet_vishwaniketan_edu_in/IQBoy2nkMyFRTY8jJ4EPh9hVAWbsXpQimwTBLoDhNns2SWg?e=VbZzLc
Result SE (CSE(AI & ML) Engg.)_Sem-III_ Regular_ NEP 2020_Winter-2025,2026-03-05T22:53:00-08:00,https://vishwaniketanexam.blogspot.com/2026/03/result-se-cseai-ml-enggsem-iii-regular_5.html,https://vishwaniketaneduin-my.sharepoint.com/:b:/g/personal/exam_vimeet_vishwaniketan_edu_in/IQBoy2nkMyFRTY8jJ4EPh9hVAWbsXpQimwTBLoDhNns2SWg?e=YFGoAN
Result SE (CSE(AI & ML) Engg.)_Sem-III_ Regular_ NEP 2020_Winter-2025,2026-03-04T02:43:00-08:00,https://vishwaniketanexam.blogspot.com/2026/03/result-se-cseai-ml-enggsem-iii-regular.html,https://vishwaniketaneduin-my.sharepoint.com/:b:/g/personal/exam_vimeet_vishwaniketan_edu_in/IQC-ESNdkR0zQ6yAWMqu_PnNAddIO4L8eANvla40xrdCiVk?e=nw9qje
Result SE (Computer Engg.)_Sem-III_ Regular_ NEP 2020_Winter-2025,2026-02-27T02:58:00-08:00,https://vishwaniketanexam.blogspot.com/2026/02/result-se-computer-enggsem-iii-regular.html,https://vishwaniketaneduin-my.sharepoint.com/:b:/g/personal/exam_vimeet_vishwaniketan_edu_in/IQBeo-iXTWSHQ4mOh3RwCoZbAf39lTMka1p18rXqSIhjl0A?e=myQcM9
Result SE (Electrical  Engg.)_Sem-III_ Regular_ NEP 2020_Winter-2025,2026-02-27T02:57:00-08:00,https://vishwaniketanexam.blogspot.com/2026/02/result-se-electrical-enggsem-iii.html,https://vishwaniketaneduin-my.sharepoint.com/:b:/g/personal/exam_vimeet_vishwaniketan_edu_in/IQDJQWQku8qORJG6VPcppWg1AaJDSPqMsjFvRc5WM-4l3-4?e=sV67Ns
Result SE (Civil Engg.)_Sem-III_ Regular_ NEP 2020_Winter-2025,2026-02-27T02:56:00-08:00,https://vishwaniketanexam.blogspot.com/2026/02/result-se-civil-enggsem-iii-regular-nep.html,https://vishwaniketaneduin-my.sharepoint.com/:b:/g/personal/exam_vimeet_vishwaniketan_edu_in/IQBq1OLTX1ZmTajTh2Zuzme4AfP0-EFsMMhSmOqwhj6Wro4?e=H6dBXg
Result SE (EXTC  Engg.)_Sem-III_ Regular_ NEP 2020_Winter-2025,2026-02-27T02:54:00-08:00,https://vishwaniketanexam.blogspot.com/2026/02/result-se-extc-enggsem-iii-regular-nep.html,https://vishwaniketaneduin-my.sharepoint.com/:b:/g/personal/exam_vimeet_vishwaniketan_edu_in/IQD2Orga8_iZS7x82l4MJKYoAe7UjP1CWB8YQTeATSI0s3A?e=HPFQI3
Result Honours Degree _Data Science_Sem-V_'C' Scheme_CBCS_DEC 2025,2026-02-17T02:09:00-08:00,https://vishwaniketanexam.blogspot.com/2026/02/result-honours-degree-data-sciencesem_17.html,https://vishwaniketaneduin-my.sharepoint.com/:b:/g/personal/exam_vimeet_vishwaniketan_edu_in/IQBB64XzO8n6RLTuCLKTk1RrAVsa9hkSDbF1cwh9cHJ0H6E?e=Vd96qW
Result Honours Degree _AI & ML_Sem-VII_'C' Scheme_CBCS_DEC 2025,2026-02-17T02:07:00-08:00,https://vishwaniketanexam.blogspot.com/2026/02/result-honours-degree-ai-mlsem-viic.html,https://vishwaniketaneduin-my.sharepoint.com/:b:/g/personal/exam_vimeet_vishwaniketan_edu_in/IQB57yekHgKERJudFLqsDJJ4AXXVZqWXZlqCZZf9metAKcw?e=N1nOX6
Result Honours Degree _Data Science_Sem-VII_'C' Scheme_CBCS_DEC 2025,2026-02-17T02:05:00-08:00,https://vishwaniketanexam.blogspot.com/2026/02/result-honours-degree-data-sciencesem.html,https://vishwaniketaneduin-my.sharepoint.com/:b:/g/personal/exam_vimeet_vishwaniketan_edu_in/IQAxCUALq36YT4Qg52NkrRVcAb9QTSeXA8sPeNdbIL1Grkg?e=H1bcuR
Result TE (Computer Engg. R-2019)_Sem-VI_ ATKT _'C' Scheme_CBCS_Winter-2025,2026-02-17T01:33:00-08:00,https://vishwaniketanexam.blogspot.com/2026/02/result-te-computer-engg-r-2019sem-vi.html,https://vishwaniketaneduin-my.sharepoint.com/:b:/g/personal/exam_vimeet_vishwaniketan_edu_in/IQAWFsfKjLkYTK-MM_1AfibnATFaGcygS3xm6AB1L5rwU2E?e=At5OIU
Result TE (Computer Engg. R-2019)_Sem-V_ Regular & ATKT _'C' Scheme_CBCS_Winter-2025,2026-02-17T01:32:00-08:00,https://vishwaniketanexam.blogspot.com/2026/02/result-te-computer-engg-r-2019sem-v.html,https://vishwaniketaneduin-my.sharepoint.com/:b:/g/personal/exam_vimeet_vishwaniketan_edu_in/IQCvxeU4W8EMT7bw2ezZr8IQASAwhvNs0UeSuucuouE63N4?e=YwJxhx
Result SE (Computer Engg. R-2019)_Sem-IV_ ATKT _'C' Scheme_CBCS_Winter-2025,2026-02-17T01:31:00-08:00,https://vishwaniketanexam.blogspot.com/2026/02/result-se-computer-engg-r-2019sem-iv.html,https://vishwaniketaneduin-my.sharepoint.com/:b:/g/personal/exam_vimeet_vishwaniketan_edu_in/IQBZf_aYEAXHRYh0CRFWa15PATQx2Gin_nvPM6JXK-UAL9k?e=nfMBNd
Result SE (Computer Engg. R-2019)_Sem-III_ ATKT _'C' Scheme_CBCS_Winter-2025,2026-02-17T01:28:00-08:00,https://vishwaniketanexam.blogspot.com/2026/02/result-se-computer-engg-r-2019sem-iii.html,https://vishwaniketaneduin-my.sharepoint.com/:b:/g/personal/exam_vimeet_vishwaniketan_edu_in/IQBmcER6vZarQZJFdKkE3vGWATGHyQ0djBLCAqq_-N6FLYM?e=ja3CLz
Result TE (CSE(AI & ML) Engg. R-2019)_Sem-VI_ATKT _'C' Scheme_CBCS_Winter-2025,2026-02-16T02:49:00-08:00,https://vishwaniketanexam.blogspot.com/2026/02/result-te-cseai-ml-engg-r-2019sem.html,https://vishwaniketaneduin-my.sharepoint.com/:b:/g/personal/exam_vimeet_vishwaniketan_edu_in/IQDXYcg04kU7RZyOOyqR4s0dASKH7vkYy5F54y0dJHa2kvU?e=caVXCX
Result TE (CSE(AI & ML) Engg. R-2019)_Sem-V_ Regular & ATKT _'C' Scheme_CBCS_Winter-2025,2026-02-16T02:47:00-08:00,https://vishwaniketanexam.blogspot.com/2026/02/result-te-cseai-ml-engg-r-2019sem-v.html,https://vishwaniketaneduin-my.sharepoint.com/:b:/g/personal/exam_vimeet_vishwaniketan_edu_in/IQA0ONOAf-SXQpVIPI4msevFAdoae-lKIruNLIRQyYJah18?e=JwHMIe
Result SE (CSE(AI & ML) Engg. R-2019)_Sem-IV_ ATKT _'C' Scheme_CBCS_Winter-2025,2026-02-16T02:45:00-08:00,https://vishwaniketanexam.blogspot.com/2026/02/result-se-cseai-ml-engg-r-2019sem-iv.html,https://vishwaniketaneduin-my.sharepoint.com/:b:/g/personal/exam_vimeet_vishwaniketan_edu_in/IQCKvh4JdZ6ERZz2xXIfz8g-AS3CQTLcjLYDgJ0LxPl6SH0?e=QZZvP9
Result SE (CSE(AI & ML) Engg. R-2019)_Sem-III_ ATKT _'C' Scheme_CBCS_Winter-2025,2026-02-16T02:44:00-08:00,https://vishwaniketanexam.blogspot.com/2026/02/result-se-cseai-ml-engg-r-2019sem-iii.html,https://vishwaniketaneduin-my.sharepoint.com/:b:/g/personal/exam_vimeet_vishwaniketan_edu_in/IQCDp2Ua2tkZRoDOqeZHelIPART1DsfispHos8FgOUwUE9g?e=Yy8pjx
Result TE (ExTC Engg. R-2019)_Sem-VI_ ATKT _'C' Scheme_CBCS_Winter-2025,2026-02-15T22:36:00-08:00,https://vishwaniketanexam.blogspot.com/2026/02/result-te-extc-engg-r-2019sem-vi-atkt-c.html,https://vishwaniketaneduin-my.sharepoint.com/:b:/g/personal/exam_vimeet_vishwaniketan_edu_in/IQBfexRNKexQToEVohZf4g3uAZFltyASpgHZH0QOG3g49qU?e=WFSb3M
Result TE (ExTC Engg. R-2019)_Sem-V_Regular &  ATKT _'C' Scheme_CBCS_Winter-2025,2026-02-15T22:31:00-08:00,https://vishwaniketanexam.blogspot.com/2026/02/result-se-extc-engg-r-2019sem-vregular.html,https://vishwaniketaneduin-my.sharepoint.com/:b:/g/personal/exam_vimeet_vishwaniketan_edu_in/IQAgRSX69SKpSoRC0I3bMvCoAQQPoGqzgDtX6OALlmX7HTY?e=r0OZTO
Result SE (ExTC Engg. R-2019)_Sem-IV_ ATKT _'C' Scheme_CBCS_Winter-2025,2026-02-15T22:29:00-08:00,https://vishwaniketanexam.blogspot.com/2026/02/result-se-extc-engg-r-2019sem-iv-atkt-c.html,https://vishwaniketaneduin-my.sharepoint.com/:b:/g/personal/exam_vimeet_vishwaniketan_edu_in/IQDmH0_ykxA-QJQHdpcp5x7hAa2B4VcJF5DnbmU2umeDNmQ?e=XUmCDW
Result SE (ExTC Engg. R-2019)_Sem-III_ ATKT _'C' Scheme_CBCS_Winter-2025,2026-02-15T22:24:00-08:00,https://vishwaniketanexam.blogspot.com/2026/02/result-se-extc-engg-r-2019sem-iii-atkt.html,https://vishwaniketaneduin-my.sharepoint.com/:b:/g/personal/exam_vimeet_vishwaniketan_edu_in/IQDdR7uN1jFQRJPoIcitxnAjAQ3Z7SBwZ8r9IQ3rGokCUG8?e=yyu36E
Revaluation Gazette_Electrical Engg. TE SEM VI (C Scheme)_KT_MAY 2025 Examination,2025-10-06T03:51:00-07:00,https://vishwaniketanexam.blogspot.com/2025/10/revaluation-gazetteelectrical-engg-te_65.html,https://vishwaniketaneduin-my.sharepoint.com/:b:/g/personal/exam_vimeet_vishwaniketan_edu_in/ERLfbWIzvFtEgWhtmLDIS44BTszX8doaFMchSV2b6_Ny0g?e=ChO10t
Revaluation Gazette_Electrical Engg. TE SEM VI (C Scheme)_Regular_MAY 2025 Examination,2025-10-06T03:49:00-07:00,https://vishwaniketanexam.blogspot.com/2025/10/revaluation-gazetteelectrical-engg-te_6.html,https://vishwaniketaneduin-my.sharepoint.com/:b:/g/personal/exam_vimeet_vishwaniketan_edu_in/EdXQ29AuOupMgevBD31BOtQBPxw-Nwkd6Ef8WP_EkDyP7g?e=8RbUZ7
Revaluation Gazette_Civil Engg. TE SEM VI (C Scheme)_KT_MAY 2025 Examination,2025-10-06T03:39:00-07:00,https://vishwaniketanexam.blogspot.com/2025/10/revaluation-gazettecivil-engg-te-sem-vi_6.html,https://vishwaniketaneduin-my.sharepoint.com/:b:/g/personal/exam_vimeet_vishwaniketan_edu_in/EfTNl1JxsMdKkhEb9PnEmpgBRfxjqWyjWgXUwpIXj7uxXQ?e=we6INW
Revaluation Gazette_Civil Engg. TE SEM VI (C Scheme)_Regular_MAY 2025 Examination,2025-10-06T03:36:00-07:00,https://vishwaniketanexam.blogspot.com/2025/10/revaluation-gazettecivil-engg-te-sem-vi.html,https://vishwaniketaneduin-my.sharepoint.com/:b:/g/personal/exam_vimeet_vishwaniketan_edu_in/EXfpN2U3uAFKkmMmFlgVUUcBDyPhMbd2c_xbyAibd19gqQ?e=zOSBEU
Revaluation Gazette_Civil Engg. TE SEM V (C Scheme)_Regular_MAY 2025 Examination,2025-10-06T03:35:00-07:00,https://vishwaniketanexam.blogspot.com/2025/10/revaluation-gazettecivil-engg-se-sem-v_93.html,https://vishwaniketaneduin-my.sharepoint.com/:b:/g/personal/exam_vimeet_vishwaniketan_edu_in/EcXKcdi4LoVMoKwlw0kX0E0B8k3Tet7lPp-udmuhit5quw?e=n4xPb5
Revaluation Gazette_Civil Engg. TE SEM V (C Scheme)_KT_BSR_MAY 2025 Examination,2025-10-06T03:32:00-07:00,https://vishwaniketanexam.blogspot.com/2025/10/revaluation-gazettecivil-engg-se-sem-v_6.html,https://vishwaniketaneduin-my.sharepoint.com/:b:/g/personal/exam_vimeet_vishwaniketan_edu_in/EdyNCXzr9rBJrtNhAH-TYK0BnqtDZTqVscGaBxY5pzvj7g?e=plfD9t
Revaluation Gazette_Civil Engg. TE SEM V (C Scheme)_KT_ACT_MAY 2025 Examination,2025-10-06T03:31:00-07:00,https://vishwaniketanexam.blogspot.com/2025/10/revaluation-gazettecivil-engg-se-sem-v.html,https://vishwaniketaneduin-my.sharepoint.com/:b:/g/personal/exam_vimeet_vishwaniketan_edu_in/EZx2UWSh-g1Bjco3eYHipNwBJRHBzZIyxcV51xJrCqpRgQ?e=K27re3
Revaluation Gazette_Civil Engg. SE SEM IV (C Scheme)_Regular_MAY 2025 Examination,2025-10-06T03:30:00-07:00,https://vishwaniketanexam.blogspot.com/2025/10/revaluation-gazettecivil-engg-se-sem-iv_6.html,https://vishwaniketaneduin-my.sharepoint.com/:b:/g/personal/exam_vimeet_vishwaniketan_edu_in/EX5Ym-JIB3dIoKi9woMjcMMBHLI7oSemhcocqwVBIvi28Q?e=ItsfBP
Revaluation Gazette_Civil Engg. SE SEM IV (C Scheme)_KT_MAY 2025 Examination,2025-10-06T03:28:00-07:00,https://vishwaniketanexam.blogspot.com/2025/10/revaluation-gazettecivil-engg-se-sem-iv.html,https://vishwaniketaneduin-my.sharepoint.com/:b:/g/personal/exam_vimeet_vishwaniketan_edu_in/EfFnbHrs9YRFnKBbZ8bJgRMBxc6tgqA5b9YAf5pNzJlmVw?e=jlwXIp
Revaluation Gazette_Civil Engg. SE SEM III (C Scheme)_KT_MAY 2025 Examination,2025-10-06T03:27:00-07:00,https://vishwaniketanexam.blogspot.com/2025/10/revaluation-gazettecivil-engg-se-sem_6.html,https://vishwaniketaneduin-my.sharepoint.com/:b:/g/personal/exam_vimeet_vishwaniketan_edu_in/EflNq6uMnRNGr_neMiyq3lsBVp6RuNt5W8_wlNHeMLcH8g?e=d7YkXG
Revaluation Gazette_Civil Engg. SE SEM III (C Scheme)_Regular_MAY 2025 Examination,2025-10-06T03:25:00-07:00,https://vishwaniketanexam.blogspot.com/2025/10/revaluation-gazettecivil-engg-se-sem.html,https://vishwaniketaneduin-my.sharepoint.com/:b:/g/personal/exam_vimeet_vishwaniketan_edu_in/ETns9SMedeVEmOznXulnOPIBt6ctthqmytwdSoHf_3QwMA?e=bwLb4b
Revaluation Gazette_Electrical Engg. SE SEM III (C Scheme)_ KT_MAY 2025 Examination,2025-10-06T03:13:00-07:00,https://vishwaniketanexam.blogspot.com/2025/10/revaluation-gazetteelectrical-engg-se_6.html,https://vishwaniketaneduin-my.sharepoint.com/:b:/g/personal/exam_vimeet_vishwaniketan_edu_in/EVPkMj9q_lVEtwCRZ6kRBugBeV20elQw3EvkL5G7WFAv-w?e=fHLYOR
Revaluation Gazette_Electrical Engg. TE SEM V (C Scheme)_Regular_MAY 2025 Examination,2025-10-05T22:15:00-07:00,https://vishwaniketanexam.blogspot.com/2025/10/revaluation-gazetteelectrical-engg-te_5.html,https://vishwaniketaneduin-my.sharepoint.com/:b:/g/personal/exam_vimeet_vishwaniketan_edu_in/EVZtw7PE9O5Lr6PVVjNUucIBd8VwFzblSQSEBH5zu4hjvw?e=5h7k82
Revaluation Gazette_Electrical Engg. TE SEM V (C Scheme)_ KT_MAY 2025 Examination,2025-10-05T22:14:00-07:00,https://vishwaniketanexam.blogspot.com/2025/10/revaluation-gazetteelectrical-engg-te.html,https://vishwaniketaneduin-my.sharepoint.com/:b:/g/personal/exam_vimeet_vishwaniketan_edu_in/EeCGZ6fO5xxMm8Qc-cGCxxwBfNalF4iEhOe4_7rKChOdIw?e=nsFiTj
Revaluation Gazette_Electrical Engg. SE SEM IV (C Scheme)_ KT_MAY 2025 Examination,2025-10-05T22:12:00-07:00,https://vishwaniketanexam.blogspot.com/2025/10/revaluation-gazetteelectrical-engg-se_82.html,https://vishwaniketaneduin-my.sharepoint.com/:b:/g/personal/exam_vimeet_vishwaniketan_edu_in/EcgbwsJLnM1DmlrPlqOMuIQBIHvUQbWpKEgWDYPUXORD2A?e=76OPXG
Revaluation Gazette_Electrical Engg. SE SEM IV (C Scheme)_ Regular_MAY 2025 Examination,2025-10-05T22:11:00-07:00,https://vishwaniketanexam.blogspot.com/2025/10/revaluation-gazetteelectrical-engg-se_5.html,https://vishwaniketaneduin-my.sharepoint.com/:b:/g/personal/exam_vimeet_vishwaniketan_edu_in/ETIIKz37ceRHjiJExNSkraIB2GTynZR5egpH1vz8wgcdFA?e=jJ2sjS
Revaluation Gazette_Electrical Engg. SE SEM III (C Scheme)_ Regular_MAY 2025 Examination,2025-10-05T22:08:00-07:00,https://vishwaniketanexam.blogspot.com/2025/10/revaluation-gazetteelectrical-engg-se.html,https://vishwaniketaneduin-my.sharepoint.com/:b:/g/personal/exam_vimeet_vishwaniketan_edu_in/Ed2_kSmb331Gn07BIXUjNbQBTn0U1G8FZUmgL1XEm2zFhw?e=Ds6Zqx
Revaluation Gazette_Mechanical Engg. TE SEM VI (C Scheme)_ KT_MAY 2025 Examination,2025-10-05T07:28:00-07:00,https://vishwaniketanexam.blogspot.com/2025/10/revaluation-gazettemechanical-engg-te_5.html,https://vishwaniketaneduin-my.sharepoint.com/:b:/g/personal/exam_vimeet_vishwaniketan_edu_in/EQ5SAQa6o85KjStz8t1eZVsBIJZJ3Sa_7MBNFQwe6vDk0Q?e=RiE5eF
Revaluation Gazette_Mechanical Engg. TE SEM V (C Scheme)_ KT_MAY 2025 Examination,2025-10-05T07:26:00-07:00,https://vishwaniketanexam.blogspot.com/2025/10/revaluation-gazettemechanical-engg-te.html,https://vishwaniketaneduin-my.sharepoint.com/:b:/g/personal/exam_vimeet_vishwaniketan_edu_in/ET8G1PZqoLBJmSk5H0s1_h4BrqVaUeTaYBxaQp1JrnsgVw?e=xv8HuF
Revaluation Gazette_Mechanical Engg. SE SEM IV (C Scheme)_ Regular_MAY 2025 Examination,2025-10-05T07:24:00-07:00,https://vishwaniketanexam.blogspot.com/2025/10/revaluation-gazettemechanical-engg-se_52.html,https://vishwaniketaneduin-my.sharepoint.com/:b:/g/personal/exam_vimeet_vishwaniketan_edu_in/EVzNHNyFd81Kltllst1VIb0B_sT5EyqERYAacZTQsQGWqA?e=9RdeaR
Revaluation Gazette_Mechanical Engg. SE SEM IV (C Scheme)_ KT_MAY 2025 Examination,2025-10-05T07:23:00-07:00,https://vishwaniketanexam.blogspot.com/2025/10/revaluation-gazettemechanical-engg-se_51.html,https://vishwaniketaneduin-my.sharepoint.com/:b:/g/personal/exam_vimeet_vishwaniketan_edu_in/EeJYyDMUysdNmjcqcH-3Au4B6vIt574o5s4xBGxwTksiOw?e=oBTpUK
Revaluation Gazette_Mechanical Engg. SE SEM III (C Scheme)_ KT_MAY 2025 Examination,2025-10-05T07:21:00-07:00,https://vishwaniketanexam.blogspot.com/2025/10/revaluation-gazettemechanical-engg-se_5.html,https://vishwaniketaneduin-my.sharepoint.com/:b:/g/personal/exam_vimeet_vishwaniketan_edu_in/EZi7gijFXINOne09Wy4t3doB0owvP7FwwF6P6pvCH1akLA?e=7v40oh
Revaluation Gazette_Mechanical Engg. SE SEM III (C Scheme)_ Regular_MAY 2025 Examination,2025-10-05T07:19:00-07:00,https://vishwaniketanexam.blogspot.com/2025/10/revaluation-gazettemechanical-engg-se.html,https://vishwaniketaneduin-my.sharepoint.com/:b:/g/personal/exam_vimeet_vishwaniketan_edu_in/Ef-FIGcfddBMjSks35GmH-4BrSK8S3c_wDER2iRrf1DnfA?e=1lVGZO
Revaluation Gazette_EXTC Engg. SE SEM IV (C Scheme)_ Regular_MAY 2025 Examination,2025-10-05T07:18:00-07:00,https://vishwaniketanexam.blogspot.com/2025/10/revaluation-gazetteextc-engg-se-sem-iv.html,https://vishwaniketaneduin-my.sharepoint.com/:b:/g/personal/exam_vimeet_vishwaniketan_edu_in/EZ09wgvuDgNFkJ4oPj26JUQBKWnhuAJR0ghwj9o3d25J1A?e=0VVY6R
Revaluation Gazette_EXTC Engg. SE SEM III (C Scheme)_ KT_MAY 2025 Examination,2025-10-05T07:15:00-07:00,https://vishwaniketanexam.blogspot.com/2025/10/revaluation-gazetteextc-engg-se-sem-iii_5.html,https://vishwaniketaneduin-my.sharepoint.com/:b:/g/personal/exam_vimeet_vishwaniketan_edu_in/ERTL2Vs85OVArxPsiWII3CUBo51hlpNRW3ozTcx_sfqJJQ?e=aWmbNi
Revaluation Gazette_EXTC Engg. SE SEM III (C Scheme)_ Regular_MAY 2025 Examination,2025-10-05T07:14:00-07:00,https://vishwaniketanexam.blogspot.com/2025/10/revaluation-gazetteextc-engg-se-sem-iii.html,https://vishwaniketaneduin-my.sharepoint.com/:b:/g/personal/exam_vimeet_vishwaniketan_edu_in/EVezCemX6l5IkpSllp8sIPgBIWkoRjyvvyuFVMD24UgRGA?e=2g6p2C
Revaluation Gazette_CSE (AI & ML) Engg. TE SEM VI (C Scheme)_ Regular_MAY 2025 Examination,2025-10-05T07:12:00-07:00,https://vishwaniketanexam.blogspot.com/2025/10/revaluation-gazettecse-ai-ml-engg-te_5.html,https://vishwaniketaneduin-my.sharepoint.com/:b:/g/personal/exam_vimeet_vishwaniketan_edu_in/EQ6Z4XpKAVxLgmqKmS-DbzcBg3OwDJ28d5Vxb_qnASEu0Q?e=WuQjNb
Revaluation Gazette_CSE (AI & ML) Engg. TE SEM V (C Scheme)_ Regular_MAY 2025 Examination,2025-10-05T07:11:00-07:00,https://vishwaniketanexam.blogspot.com/2025/10/revaluation-gazettecse-ai-ml-engg-te.html,https://vishwaniketaneduin-my.sharepoint.com/:b:/g/personal/exam_vimeet_vishwaniketan_edu_in/EcJqavKw9cNKn8zkRR4xOIsBbnrs27GRBrgZaskj9Vmvqg?e=JAUVwC
Revaluation Gazette_CSE (AI & ML) Engg. SE SEM IV (C Scheme)_ KT_MAY 2025 Examination,2025-10-05T07:09:00-07:00,https://vishwaniketanexam.blogspot.com/2025/10/revaluation-gazettecse-ai-ml-engg-se_65.html,https://vishwaniketaneduin-my.sharepoint.com/:b:/g/personal/exam_vimeet_vishwaniketan_edu_in/ESR3gEQzgoZBmUXoQXRMQ8gBowTm1ldJsfn1aXhZU7THSA?e=sHDwYJ
Revaluation Gazette_CSE (AI & ML) Engg. SE SEM IV (C Scheme)_ Regular_MAY 2025 Examination,2025-10-05T07:07:00-07:00,https://vishwaniketanexam.blogspot.com/2025/10/revaluation-gazettecse-ai-ml-engg-se_54.html,https://vishwaniketaneduin-my.sharepoint.com/:b:/g/personal/exam_vimeet_vishwaniketan_edu_in/Edn72nUg6VhJgnZT2C1y-lIBdIn9_rbZvloTy2vo3OGIeA?e=XomQNo
Revaluation Gazette_CSE (AI & ML) Engg. SE SEM III (C Scheme)_ Regular_MAY 2025 Examination,2025-10-05T07:06:00-07:00,https://vishwaniketanexam.blogspot.com/2025/10/revaluation-gazettecse-ai-ml-engg-se_5.html,https://vishwaniketaneduin-my.sharepoint.com/:b:/g/personal/exam_vimeet_vishwaniketan_edu_in/EbbpejlITx9KrczqZSVf9wcB3xaWCSK8z_Fmx6qwh4wVZQ?e=VGUEN2
Revaluation Gazette_CSE (AI & ML) Engg. SE SEM III (C Scheme)_ KT_MAY 2025 Examination,2025-10-05T07:05:00-07:00,https://vishwaniketanexam.blogspot.com/2025/10/revaluation-gazettecse-ai-ml-engg-se.html,https://vishwaniketaneduin-my.sharepoint.com/:b:/g/personal/exam_vimeet_vishwaniketan_edu_in/EZ0J9_lteT9AgBGqrniS1KIB6dSqNhUGjPX3sqVGhc31JQ?e=ZXu9Nx
Revaluation Gazette_Computer Engg. TE SEM VI (C Scheme)_ Regular_MAY 2025 Examination,2025-10-05T07:02:00-07:00,https://vishwaniketanexam.blogspot.com/2025/10/revaluation-gazettecomputer-engg-te-sem_63.html,https://vishwaniketaneduin-my.sharepoint.com/:b:/g/personal/exam_vimeet_vishwaniketan_edu_in/EY3UjIwzMQJCjhps9R2pvBUBxphSzjt2jiTr0-Pq64F6_A?e=yWZ1nE
Revaluation Gazette_Computer Engg. TE SEM V (C Scheme)_ Regular_MAY 2025 Examination,2025-10-05T06:42:00-07:00,https://vishwaniketanexam.blogspot.com/2025/10/revaluation-gazettecomputer-engg-te-sem_5.html,https://vishwaniketaneduin-my.sharepoint.com/:b:/g/personal/exam_vimeet_vishwaniketan_edu_in/Efnf5Ggyu4NLvo0utDaCt0wBwMKOu_KHdRC7Pur7PFc3pA?e=20Xirk
Revaluation Gazette_Computer Engg. TE SEM V (C Scheme)_ KT_MAY 2025 Examination,2025-10-05T06:41:00-07:00,https://vishwaniketanexam.blogspot.com/2025/10/revaluation-gazettecomputer-engg-te-sem.html,https://vishwaniketaneduin-my.sharepoint.com/:b:/g/personal/exam_vimeet_vishwaniketan_edu_in/EWQ4bHrHJLxNjEZteYXAKJkBw6WLbaA-HC848xP4k-PVyQ?e=r20e91
Revaluation Gazette_Computer Engg. SE SEM IV (C Scheme)_ Regular_MAY 2025 Examination,2025-10-05T06:39:00-07:00,https://vishwaniketanexam.blogspot.com/2025/10/revaluation-gazettecomputer-engg-se-sem_5.html,https://vishwaniketaneduin-my.sharepoint.com/:b:/g/personal/exam_vimeet_vishwaniketan_edu_in/Efoose_qK_NMsrfH8wV53AABvauVRlZBsEqxgL51dl-UIg?e=hHwamU
Revaluation Gazette_Computer Engg. SE SEM III (C Scheme)_ KT_MAY 2025 Examination,2025-10-04T03:30:00-07:00,https://vishwaniketanexam.blogspot.com/2025/10/revaluation-gazettecomputer-engg-se-sem.html,https://vishwaniketaneduin-my.sharepoint.com/:b:/g/personal/exam_vimeet_vishwaniketan_edu_in/ESU0eFuTn9pDvKgVeXX3yZUB-y5A1v7o2q7uwCUdUaKrIQ?e=VjIk5S
Result TE (Civil Engg. R-2019)_Sem-VI_ Regular & ATKT _'C' Scheme_CBCS_MAY-2025,2025-09-01T03:45:00-07:00,https://vishwaniketanexam.blogspot.com/2025/09/result-te-civil-engg-r-2019sem-vi.html,https://vishwaniketaneduin-my.sharepoint.com/:b:/g/personal/exam_vimeet_vishwaniketan_edu_in/ESsR7XzHX1ZFntqr7hS_uekBMDSsf_RGXlBvH7eamNSzPg?e=TsOfM0
Result TE (Civil Engg. R-2019)_Sem-V_ Regular & ATKT _'C' Scheme_CBCS_MAY-2025,2025-09-01T03:44:00-07:00,https://vishwaniketanexam.blogspot.com/2025/09/result-te-civil-engg-r-2019sem-v.html,https://vishwaniketaneduin-my.sharepoint.com/:b:/g/personal/exam_vimeet_vishwaniketan_edu_in/EalfEByftohPjV3JvWv0ZyEB03chdjqkfWysll7lv-SjeQ?e=tJw020
Result SE (Civil Engg. R-2019)_Sem-IV_ Regular & ATKT _'C' Scheme_CBCS_MAY-2025,2025-09-01T03:43:00-07:00,https://vishwaniketanexam.blogspot.com/2025/09/result-se-civil-engg-r-2019sem-iv.html,https://vishwaniketaneduin-my.sharepoint.com/:b:/g/personal/exam_vimeet_vishwaniketan_edu_in/EUGF0v5p10BKn4xuQojY1aIBbIgUWe1taN39UgP-2qNEXw?e=mNGv07
Result SE (Civil Engg. R-2019)_Sem-III_ Regular & ATKT _'C' Scheme_CBCS_MAY-2025,2025-09-01T03:42:00-07:00,https://vishwaniketanexam.blogspot.com/2025/09/result-se-civil-engg-r-2019sem-iii.html,https://vishwaniketaneduin-my.sharepoint.com/:b:/g/personal/exam_vimeet_vishwaniketan_edu_in/EWNd2PKg4upJtN0EC258rEMB-vkzZ7qnQ4QLaciFicA4ng?e=dC9pQD
Result Honours Degree _AI & ML_Sem-VI_'C' Scheme_CBCS_May 2025,2025-08-21T04:04:00-07:00,https://vishwaniketanexam.blogspot.com/2025/08/result-honours-degree-ai-mlsem-vic.html,https://vishwaniketaneduin-my.sharepoint.com/:b:/g/personal/exam_vimeet_vishwaniketan_edu_in/EQizxyRh10xFrmjWcHRGil4BjpXLgOjlBqpxfzDO7Hr5ng?e=vbPbKF
Result Honours Degree _Data Science_Sem-VI_'C' Scheme_CBCS_May 2025,2025-08-21T04:03:00-07:00,https://vishwaniketanexam.blogspot.com/2025/08/result-honours-degree-data-sciencesem_21.html,https://vishwaniketaneduin-my.sharepoint.com/:b:/g/personal/exam_vimeet_vishwaniketan_edu_in/ERVyMKFohNNJnlsKYp0HhlABZx94AiKOM_AifCZ7RU8f0g?e=mgSKES
Result Honours Degree _Block Chain_Sem-VIII_'C' Scheme_CBCS_May 2025,2025-08-21T04:01:00-07:00,https://vishwaniketanexam.blogspot.com/2025/08/result-honours-degree-block-chainsem.html,https://vishwaniketaneduin-my.sharepoint.com/:b:/g/personal/exam_vimeet_vishwaniketan_edu_in/EUXhzWZR5FhMqL1VnjPQK_IBP5sgCMyLiND6DyV_tTceAw?e=P2YFrK
Result Honours Degree _AI & ML_Sem-VIII_'C' Scheme_CBCS_May 2025,2025-08-21T03:59:00-07:00,https://vishwaniketanexam.blogspot.com/2025/08/result-honours-degree-ai-mlsem-viiic.html,https://vishwaniketaneduin-my.sharepoint.com/:b:/g/personal/exam_vimeet_vishwaniketan_edu_in/ETSUu9w7bkdCjT5uBDmxIloB2RxJNNzMJtU_iiXoFGJt7Q?e=Q6MO97
Result Honours Degree _Data Science_Sem-VIII_'C' Scheme_CBCS_May 2025,2025-08-21T03:55:00-07:00,https://vishwaniketanexam.blogspot.com/2025/08/result-honours-degree-data-sciencesem.html,https://vishwaniketaneduin-my.sharepoint.com/:b:/g/personal/exam_vimeet_vishwaniketan_edu_in/EWQtS5SLusxKswxtIhIDFeoBgTx-dxTVoKHMjXtjDo4EWA?e=FoiDjn
Result TE (Computer Engg. R-2019)_Sem-VI_ Regular & ATKT _'C' Scheme_CBCS_MAY-2025_ Updated,2025-08-21T03:30:00-07:00,https://vishwaniketanexam.blogspot.com/2025/08/result-te-computer-engg-r-2019sem-vi.html,https://vishwaniketaneduin-my.sharepoint.com/:b:/g/personal/exam_vimeet_vishwaniketan_edu_in/EbFcWA9D9BpIi6z_s6P0WscBjz81AdYAEW01rIGUNWDh_g?e=HyCLW8
Result TE (Computer Engg. R-2019)_Sem-V_ Regular & ATKT _'C' Scheme_CBCS_MAY-2025,2025-08-21T03:29:00-07:00,https://vishwaniketanexam.blogspot.com/2025/08/result-te-computer-engg-r-2019sem-v.html,https://vishwaniketaneduin-my.sharepoint.com/:b:/g/personal/exam_vimeet_vishwaniketan_edu_in/EYst51BNOkZBjVK3LYzkG5QBdmrkhiz80ksdVFF5562uGQ?e=yXqLKs
Result SE (Computer Engg. R-2019)_Sem-IV_ Regular & ATKT _'C' Scheme_CBCS_MAY-2025_Updated,2025-08-21T03:28:00-07:00,https://vishwaniketanexam.blogspot.com/2025/08/result-se-computer-engg-r-2019sem-iv.html,https://vishwaniketaneduin-my.sharepoint.com/:b:/g/personal/exam_vimeet_vishwaniketan_edu_in/EWPcAvAmi3RMgT9b2Xz2xVsBS5gmpum9des-4A44KOav4Q?e=IRpvRc
Result SE (Computer Engg. R-2019)_Sem-III_ Regular & ATKT _'C' Scheme_CBCS_MAY-2025,2025-08-21T03:27:00-07:00,https://vishwaniketanexam.blogspot.com/2025/08/result-se-computer-engg-r-2019sem-iii.html,https://vishwaniketaneduin-my.sharepoint.com/:b:/g/personal/exam_vimeet_vishwaniketan_edu_in/EbIQu-aA1DpCu7nyrnyil0ABVsBK1J3IF1i1T8igXBdpnQ?e=mZQtw2
Result TE (ExTC Engg. R-2019)_Sem-VI_ Regular & ATKT _'C' Scheme_CBCS_MAY-2025,2025-08-12T23:47:00-07:00,https://vishwaniketanexam.blogspot.com/2025/08/result-te-extc-engg-r-2019sem-vi.html,https://vishwaniketaneduin-my.sharepoint.com/:b:/g/personal/exam_vimeet_vishwaniketan_edu_in/EagYqXy1JVxJjhcDCcFmdGQBK94sfXPrgyhInXsc4b28SQ?e=QjMaWq
Result TE (ExTC Engg. R-2019)_Sem-V_ Regular & ATKT _'C' Scheme_CBCS_MAY-2025,2025-08-12T23:45:00-07:00,https://vishwaniketanexam.blogspot.com/2025/08/result-te-extc-engg-r-2019sem-v-regular.html,https://vishwaniketaneduin-my.sharepoint.com/:b:/g/personal/exam_vimeet_vishwaniketan_edu_in/EUf57_TbNlRNqNS5rbT-Y1QBLaTXzA9tuDX2rnQ8Ykts0w?e=Od5uuk
Result SE (ExTC Engg. R-2019)_Sem-IV_ Regular & ATKT _'C' Scheme_CBCS_MAY-2025,2025-08-12T23:39:00-07:00,https://vishwaniketanexam.blogspot.com/2025/08/result-se-extc-engg-r-2019sem-iv.html,https://vishwaniketaneduin-my.sharepoint.com/:b:/g/personal/exam_vimeet_vishwaniketan_edu_in/EQm6S26VsQ1HhF3TRekj_dUBYaQEEiBDcDjwVWBoQ-amrQ?e=XkY1x2
Result SE (ExTC Engg. R-2019)_Sem-III_ Regular & ATKT _'C' Scheme_CBCS_MAY-2025,2025-08-12T23:37:00-07:00,https://vishwaniketanexam.blogspot.com/2025/08/result-se-extc-engg-r-2019sem-iii.html,https://vishwaniketaneduin-my.sharepoint.com/:b:/g/personal/exam_vimeet_vishwaniketan_edu_in/EVj7OyjJ7pBBp-V-7vk5MesBe-60elHVynl1V3qky7Cxxg?e=eqCNpV
Result TE (Electrical Engg. R-2019)_Sem-VI_ Regular & ATKT _'C' Scheme_CBCS_MAY-2025_Updated,2025-08-12T23:17:00-07:00,https://vishwaniketanexam.blogspot.com/2025/08/result-te-electrical-engg-r-2019sem-vi.html,https://vishwaniketaneduin-my.sharepoint.com/:b:/g/personal/exam_vimeet_vishwaniketan_edu_in/Eds-tCzZrXRHj-Z5AAWAtVQBJKcoVMzxZDyGm8pVrzkt9Q?e=mESgs0
Result TE (Electrical Engg. R-2019)_Sem-V_ Regular & ATKT _'C' Scheme_CBCS_MAY-2025,2025-08-12T23:16:00-07:00,https://vishwaniketanexam.blogspot.com/2025/08/result-te-electrical-engg-r-2019sem-v.html,https://vishwaniketaneduin-my.sharepoint.com/:b:/g/personal/exam_vimeet_vishwaniketan_edu_in/EZpmMTOmnb1BgrMQzhjtGRgB6ghmEsTrUXtYGyh-1w0ilg?e=owSMfS
Result SE (Electrical Engg. R-2019)_Sem-IV_ Regular & ATKT _'C' Scheme_CBCS_MAY-2025_Updated,2025-08-12T23:15:00-07:00,https://vishwaniketanexam.blogspot.com/2025/08/result-se-electrical-engg-r-2019sem-iv.html,https://vishwaniketaneduin-my.sharepoint.com/:b:/g/personal/exam_vimeet_vishwaniketan_edu_in/EUthNs2v_ohMgf6pjfVzPPUBhlmcH_95fm_IGWrEQ-q-uQ?e=NgrMUR
Result SE (Electrical Engg. R-2019)_Sem-III_ Regular & ATKT _'C' Scheme_CBCS_MAY-2025,2025-08-12T23:13:00-07:00,https://vishwaniketanexam.blogspot.com/2025/08/result-se-electrical-engg-r-2019sem-iii.html,https://vishwaniketaneduin-my.sharepoint.com/:b:/g/personal/exam_vimeet_vishwaniketan_edu_in/EVctQbcEkBFGtLpF0exsaeoBohAzM9Ohh39eLyAHNDeqSw?e=9ErmHu
Result TE (Mechanical Engg. R-2019)_Sem-V ATKT _'C' Scheme_CBCS_MAY-2025,2025-08-12T04:18:00-07:00,https://vishwaniketanexam.blogspot.com/2025/08/result-te-mechanical-engg-r-2019sem-v.html,https://vishwaniketaneduin-my.sharepoint.com/:b:/g/personal/exam_vimeet_vishwaniketan_edu_in/EdJde-KrHcZJo0sIOgjnXbgBLkai9ghukbxLWORc96ZlTg?e=fstrPh
Result TE (Mechanical Engg. R-2019)_Sem-VI_ Regular & ATKT _'C' Scheme_CBCS_MAY-2025,2025-08-12T04:17:00-07:00,https://vishwaniketanexam.blogspot.com/2025/08/result-te-mechanical-engg-r-2019sem-vi.html,https://vishwaniketaneduin-my.sharepoint.com/:b:/g/personal/exam_vimeet_vishwaniketan_edu_in/ERGthYzpmPNDldXu9arCVHoBs5kgyxFyF985JPnQOUiNEA?e=vfioHL
Result SE (Mechanical Engg. R-2019)_Sem-IV_ Regular & ATKT _'C' Scheme_CBCS_MAY-2025,2025-08-12T04:14:00-07:00,https://vishwaniketanexam.blogspot.com/2025/08/result-se-mechanical-engg-r-2019sem-iv.html,https://vishwaniketaneduin-my.sharepoint.com/:b:/g/personal/exam_vimeet_vishwaniketan_edu_in/EafGwzklhV5Hlez091OTzSQBpyI9IjZQEQwi8rJbFZFFuQ?e=r4Hiw2
Result SE (Mechanical Engg. R-2019)_Sem-III_ Regular & ATKT _'C' Scheme_CBCS_MAY-2025,2025-08-12T04:12:00-07:00,https://vishwaniketanexam.blogspot.com/2025/08/result-se-mechanical-engg-r-2019sem-iii.html,https://vishwaniketaneduin-my.sharepoint.com/:b:/g/personal/exam_vimeet_vishwaniketan_edu_in/EcDaGsnVS2VDm42h99DZOoMBwUfsWmCIHyNAxq55hqYA8g?e=4QvoJ3
Result TE (CSE (AI &ML) R-2019)_Sem-VI_ Regular & ATKT _'C' Scheme_CBCS_MAY-2025_Updated,2025-07-24T05:21:00-07:00,https://vishwaniketanexam.blogspot.com/2025/07/result-te-cse-ai-r-2019sem-vi-regular.html,https://vishwaniketaneduin-my.sharepoint.com/:b:/g/personal/exam_vimeet_vishwaniketan_edu_in/EfrkpLIcGRVEsn2LBW3qNssB7LfXhGELMOaGH9UlC4FYhg?e=Uhon3C
Result TE (CSE (AI &ML) R-2019)_Sem-V_ Regular & ATKT _'C' Scheme_CBCS_MAY-2025,2025-07-24T05:20:00-07:00,https://vishwaniketanexam.blogspot.com/2025/07/result-te-cse-ai-r-2019sem-v-regular.html,https://vishwaniketaneduin-my.sharepoint.com/:b:/g/personal/exam_vimeet_vishwaniketan_edu_in/EUmyfGRVY3FMn1GmiQjYM8MB-5SytCtkI93MsTS7wgo3rA?e=bl3Kmb
Result SE (CSE (AI &ML) R-2019)_Sem-III_ Regular & ATKT _'C' Scheme_CBCS_MAY-2025,2025-07-24T05:17:00-07:00,https://vishwaniketanexam.blogspot.com/2025/07/result-se-cse-ai-r-2019sem-iii-regular.html,https://vishwaniketaneduin-my.sharepoint.com/:b:/g/personal/exam_vimeet_vishwaniketan_edu_in/Ea38eCzCpF5Pusvpr_rE8y4BX1VNGaDcC7B1YPVHtAUYmA?e=KVC9oP
Offline Revaluation / Photocopy application forms for May 2025 Examination,2025-07-06T05:37:00-07:00,https://vishwaniketanexam.blogspot.com/2025/07/offline-revaluation-photocopy.html,https://vishwaniketaneduin-my.sharepoint.com/:b:/g/personal/exam_vimeet_vishwaniketan_edu_in/EWYWbKtM1oxHnwEynNiExq4BvI-rz1IdlPOxEqt71IaqFQ?e=JTD9EM
Online Revaluation / Photocopy Link for May 2025 Examination,2025-07-06T05:32:00-07:00,https://vishwaniketanexam.blogspot.com/2025/07/revaluation-photocopy-link-for-may-2025.html,https://revalphoto.mu.ac.in/reval/instruction.html | https://vishwaniketaneduin-my.sharepoint.com/:b:/g/personal/exam_vimeet_vishwaniketan_edu_in/EUB8KKD06PdAu-l5uUV7SuEByjfPI1-ge1Lf_p2LK1J_0A?e=42tIFb
Revaluation Gazette_Civil Engg. TE SEM V (C Scheme)_Regular & KT_DEC 2024 Examination,2025-05-06T05:23:00-07:00,https://vishwaniketanexam.blogspot.com/2025/05/revaluation-gazettecivil-engg-te-sem-v.html,https://vishwaniketaneduin-my.sharepoint.com/:b:/g/personal/exam_vimeet_vishwaniketan_edu_in/EfNf7rq6ieRAi3PvRxLKFJMB7DEAoxygAVy0Cs1uISkxeg?e=ffErHU
Revaluation Gazette_Computer Engg. SE SEM III (C Scheme)_ Regular & KT_DEC 2024 Examination,2025-05-06T05:15:00-07:00,https://vishwaniketanexam.blogspot.com/2025/05/revaluation-gazettecomputer-engg-se-sem_6.html,https://vishwaniketaneduin-my.sharepoint.com/:b:/g/personal/exam_vimeet_vishwaniketan_edu_in/EXtIJ6a8d-xBjMciubIEnnwBUfsNQL3N4bK-Yyn4Ay0i5A?e=tRieI1
Revaluation Gazette_EXTC Engg. TE SEM V (C Scheme)_ Regular_DEC 2024 Examination,2025-05-05T00:56:00-07:00,https://vishwaniketanexam.blogspot.com/2025/05/revaluation-gazetteextc-engg-te-sem-v-c.html,https://vishwaniketaneduin-my.sharepoint.com/:b:/g/personal/exam_vimeet_vishwaniketan_edu_in/ERSn0LG-1ZdLgJWKN4Vzqj4BBMzKloBvndWhRXdzZw1uhA?e=FcqcaY
Revaluation Gazette_EXTC Engg. SE SEM IV (C Scheme)_ KT_DEC 2024 Examination,2025-05-05T00:55:00-07:00,https://vishwaniketanexam.blogspot.com/2025/05/revaluation-gazetteextc-engg-se-sem-iv.html,https://vishwaniketaneduin-my.sharepoint.com/:b:/g/personal/exam_vimeet_vishwaniketan_edu_in/EVkXN87cQghLuU4DMHCVjGsB6EkpFR32zToDVCO09MXKfg?e=orqFaG
Revaluation Gazette_EXTC Engg. SE SEM III (C Scheme)_ Regular & KT_DEC 2024 Examination,2025-05-05T00:54:00-07:00,https://vishwaniketanexam.blogspot.com/2025/05/revaluation-gazetteextc-engg-se-sem-iii.html,https://vishwaniketaneduin-my.sharepoint.com/:b:/g/personal/exam_vimeet_vishwaniketan_edu_in/EYjYW-0uTUhBmJw0RxyRe2MBdblJ4xZS7855-OPr6ao-Pg?e=Nw0w6d
Revaluation Gazette_CSE (AI & ML) Engg. SE SEM III (C Scheme)_ Regular & KT_DEC 2024 Examination,2025-05-05T00:45:00-07:00,https://vishwaniketanexam.blogspot.com/2025/05/revaluation-gazettecse-ai-ml-engg-se_5.html,https://vishwaniketaneduin-my.sharepoint.com/:b:/g/personal/exam_vimeet_vishwaniketan_edu_in/Edi097y2f5VPlvw0bogsWlIBuZRhnuwyc5XCXJCxAtcBsA?e=tYU8HA
Revaluation Gazette_Computer Engg. TE SEM V (C Scheme)_ Regular & KT_DEC 2024 Examination,2025-05-05T00:29:00-07:00,https://vishwaniketanexam.blogspot.com/2025/05/revaluation-gazettecomputer-engg-te-sem_5.html,https://vishwaniketaneduin-my.sharepoint.com/:b:/g/personal/exam_vimeet_vishwaniketan_edu_in/EaRZS4oM099AscBb7ksw0t8BJ1vfmu3xKkuYydbdVr-75A?e=zpuoHo
Revaluation Gazette_CSE (AI & ML) Engg. SE SEM IV (C Scheme)_ KT_DEC 2024 Examination,2025-05-02T03:58:00-07:00,https://vishwaniketanexam.blogspot.com/2025/05/revaluation-gazettecse-ai-ml-engg-se.html,https://vishwaniketaneduin-my.sharepoint.com/:b:/g/personal/exam_vimeet_vishwaniketan_edu_in/EVxcsYrAngFJr8a3YucrM5EBpjiIT5VJOk9cCfSPgXMnzA?e=PGSjYw
Revaluation Gazette_CSE (AI & ML) Engg. TE SEM V (C Scheme)_ Regular_DEC 2024 Examination,2025-05-02T03:57:00-07:00,https://vishwaniketanexam.blogspot.com/2025/05/revaluation-gazettecse-ai-ml-engg-te_2.html,https://vishwaniketaneduin-my.sharepoint.com/:b:/g/personal/exam_vimeet_vishwaniketan_edu_in/Eezh0FXc4t1Nhks0FOY_tzIBKAJ5xcINLAiKE8HMiOAVrw?e=chwkF6
Revaluation Gazette_CSE (AI & ML) Engg. TE SEM VI (C Scheme)_ KT_DEC 2024 Examination,2025-05-02T03:56:00-07:00,https://vishwaniketanexam.blogspot.com/2025/05/revaluation-gazettecse-ai-ml-engg-te.html,https://vishwaniketaneduin-my.sharepoint.com/:b:/g/personal/exam_vimeet_vishwaniketan_edu_in/EXGtT2Zq-6tNqMCOjzmkZnMBmqq6jHy84cWXN-xWcOkjTg?e=JX2Lsl
Revaluation Gazette_Computer Engg. TE SEM VI (C Scheme)_ KT_DEC 2024 Examination,2025-05-02T03:27:00-07:00,https://vishwaniketanexam.blogspot.com/2025/05/revaluation-gazettecomputer-engg-te-sem.html,https://vishwaniketaneduin-my.sharepoint.com/:b:/g/personal/exam_vimeet_vishwaniketan_edu_in/EbVJFlHvM2JCuMj4zxGvCnQBD-ziL7j5da9-chpEvv3-8A?e=2oDx9l
Revaluation Gazette_Computer Engg. SE SEM IV (C Scheme)_ KT_DEC 2024 Examination,2025-05-02T03:25:00-07:00,https://vishwaniketanexam.blogspot.com/2025/05/revaluation-gazettecomputer-engg-se-sem.html,https://vishwaniketaneduin-my.sharepoint.com/:b:/g/personal/exam_vimeet_vishwaniketan_edu_in/EeURes6Q11NPgVtllNOKyh4BdKpo7X64Kcv3TMccqRNOiQ?e=pxesd0
Revaluation Gazette_Civil Engg. TE SEM VI (C Scheme)_ATKT_DEC 2024 Examination,2025-05-02T02:55:00-07:00,https://vishwaniketanexam.blogspot.com/2025/05/revaluation-gazettecivil-engg-te-sem-vi.html,https://vishwaniketaneduin-my.sharepoint.com/:b:/g/personal/exam_vimeet_vishwaniketan_edu_in/EYHoBvmfXzlMgVwdbvPv9e0Be2GIj-CxfStGzl5_DuQDEw?e=xKlzhZ
Revaluation Gazette_Civil Engg. SE SEM IV (C Scheme)_ATKT_DEC 2024 Examination,2025-05-02T02:37:00-07:00,https://vishwaniketanexam.blogspot.com/2025/05/revaluation-gazettecivil-engg-se-sem-iv.html,https://vishwaniketaneduin-my.sharepoint.com/:b:/g/personal/exam_vimeet_vishwaniketan_edu_in/EUFTxQAXnpNCpo4Je8qzAgQBHr9jCjL3XLhOyvIhybI7fA?e=1w4JvX
Revaluation Gazette_Civil Engg. SE SEM III (C Scheme)_Regular_DEC 2024 Examination,2025-05-02T02:36:00-07:00,https://vishwaniketanexam.blogspot.com/2025/05/revaluation-gazettecivil-engg-se-sem.html,https://vishwaniketaneduin-my.sharepoint.com/:b:/g/personal/exam_vimeet_vishwaniketan_edu_in/EcImXcs6awNJqZ_WtqdWs90BPfNAPV9Jcnkm7ynzeQ_LOg?e=xzlxYX
Revaluation Gazette_Electrical Engg. SE SEM IV (C Scheme)_ KT_DEC 2024 Examination,2025-04-28T04:43:00-07:00,https://vishwaniketanexam.blogspot.com/2025/04/revaluation-gazetteelectrical-engg-se_28.html,https://vishwaniketaneduin-my.sharepoint.com/:b:/g/personal/exam_vimeet_vishwaniketan_edu_in/EcA_khYPuEVMtCpbWfp-sUwBq-KeobmpEArXjoYNIt_QIg?e=hNSi8F
Revaluation Gazette_Electrical Engg. TE SEM VI (C Scheme)_ KT_DEC 2024 Examination,2025-04-28T04:42:00-07:00,https://vishwaniketanexam.blogspot.com/2025/04/revaluation-gazetteelectrical-engg-te_28.html,https://vishwaniketaneduin-my.sharepoint.com/:b:/g/personal/exam_vimeet_vishwaniketan_edu_in/EbfgMg4DekJJmhZPju7puT0BxCseG1uCoz62g7ElDnXh-Q?e=Q9FH0y
Revaluation Gazette_Electrical Engg. TE SEM V (C Scheme)_Regular & KT_DEC 2024 Examination,2025-04-28T04:41:00-07:00,https://vishwaniketanexam.blogspot.com/2025/04/revaluation-gazetteelectrical-engg-te.html,https://vishwaniketaneduin-my.sharepoint.com/:b:/g/personal/exam_vimeet_vishwaniketan_edu_in/EaJO6H4jT3BLm_ShoLp-pzgBcTWk1E__oVPKy4c-2S_vcA?e=YrJK02
Revaluation Gazette_Electrical Engg. SE SEM III (C Scheme)_Regular & KT_DEC 2024 Examination,2025-04-28T04:39:00-07:00,https://vishwaniketanexam.blogspot.com/2025/04/revaluation-gazetteelectrical-engg-se.html,https://vishwaniketaneduin-my.sharepoint.com/:b:/g/personal/exam_vimeet_vishwaniketan_edu_in/EfZ8I6loXA5Dn7m4-IS1ejoBG-WUs6DOT0HAb8a66MCKTg?e=AmjOG9
Revaluation Gazette_Mechanical Engg. SE SEM IV (C Scheme)_KT_DEC 2024 Examination,2025-04-28T04:35:00-07:00,https://vishwaniketanexam.blogspot.com/2025/04/revaluation-gazettemechanical-engg-se_28.html,https://vishwaniketaneduin-my.sharepoint.com/:b:/g/personal/exam_vimeet_vishwaniketan_edu_in/Eeimvjm4rblOv3wvB51PiSQBRdmx2xfislFOzjW3vGL92Q?e=p7ewlG
Revaluation Gazette_Mechanical Engg. TE SEM VI (C Scheme)_KT_DEC 2024 Examination,2025-04-28T04:34:00-07:00,https://vishwaniketanexam.blogspot.com/2025/04/revaluation-gazettemechanical-engg-te_28.html,https://vishwaniketaneduin-my.sharepoint.com/:b:/g/personal/exam_vimeet_vishwaniketan_edu_in/ETxeBynYDi9DmXRGaN7phMUBn-FK5hTOo3MnfCCuNZW0Ag?e=bnlVYM
Revaluation Gazette_Mechanical Engg. TE SEM V (C Scheme)_Regular & KT_DEC 2024 Examination,2025-04-28T04:32:00-07:00,https://vishwaniketanexam.blogspot.com/2025/04/revaluation-gazettemechanical-engg-te.html,https://vishwaniketaneduin-my.sharepoint.com/:b:/g/personal/exam_vimeet_vishwaniketan_edu_in/ETRxP4LNeuNBmP01vqs7V7sBkp_CKoHqtOn0r5NSouqG4g?e=nntxu8
Revaluation Gazette_Mechanical Engg. SE SEM III (C Scheme)_Regular & KT_DEC 2024 Examination,2025-04-28T04:31:00-07:00,https://vishwaniketanexam.blogspot.com/2025/04/revaluation-gazettemechanical-engg-se.html,https://vishwaniketaneduin-my.sharepoint.com/:b:/g/personal/exam_vimeet_vishwaniketan_edu_in/EeM6x3psiddMh11i0vfpChQBeRchd0rIfbHF26Df7V9Jmg?e=7WxQOG
Result Honours Degree _AI & ML_Sem-VI__ATKT_'C' Scheme_CBCS_Dec 2024,2025-04-10T00:07:00-07:00,https://vishwaniketanexam.blogspot.com/2025/04/result-honours-degree-ai-mlsem-viatktc.html,https://vishwaniketaneduin-my.sharepoint.com/:b:/g/personal/exam_vimeet_vishwaniketan_edu_in/EcDddDGctsdKhUlviv0ItowBlAGBy3yvZAmLdNYdoX7PZQ?e=IoIagN
Result Honours Degree _AI & ML_Sem-V_'C' Scheme_CBCS_Dec 2024,2025-04-10T00:06:00-07:00,https://vishwaniketanexam.blogspot.com/2025/04/result-honours-degree-ai-mlsem-vc.html,https://vishwaniketaneduin-my.sharepoint.com/:b:/g/personal/exam_vimeet_vishwaniketan_edu_in/Eb2BcTW_c3lMozA0I7Gj5p4BN5UwFLi5U_I_i12z05ijJw?e=vkPgMR
Result Honours Degree _Data Science_Sem-V_'C' Scheme_CBCS_Dec 2024,2025-04-10T00:04:00-07:00,https://vishwaniketanexam.blogspot.com/2025/04/result-honours-degree-data-sciencesem_10.html,https://vishwaniketaneduin-my.sharepoint.com/:b:/g/personal/exam_vimeet_vishwaniketan_edu_in/EWzLH1TSAT5HvO_vF3rwdmoBp8ExhUrZwN6diPfGxfZG8w?e=GhfZdS
Result Honours Degree _AI & ML_Sem-VII_'C' Scheme_CBCS_Dec 2024,2025-04-09T23:45:00-07:00,https://vishwaniketanexam.blogspot.com/2025/04/result-honours-degree-ai-mlsem-viic.html,https://vishwaniketaneduin-my.sharepoint.com/:b:/g/personal/exam_vimeet_vishwaniketan_edu_in/EWtWOwbc6sJOp3TL0dGx87UBz0T9HPlAn963DpU9yWJVLg?e=QvUP26
Result Honours Degree _Data Science_Sem-VII_'C' Scheme_CBCS_Dec 2024,2025-04-09T23:43:00-07:00,https://vishwaniketanexam.blogspot.com/2025/04/result-honours-degree-data-sciencesem.html,https://vishwaniketaneduin-my.sharepoint.com/:b:/g/personal/exam_vimeet_vishwaniketan_edu_in/ER6y0-0I0fpLuvaNzNQCFHgByCy6sS9qm5A6_Z0ZA7tIBg?e=Yir0ek
Result Honours Degree_BlockChain_Sem-VII_'C' Scheme_CBCS_Dec 2024,2025-04-09T23:39:00-07:00,https://vishwaniketanexam.blogspot.com/2025/04/result-honours-degree-blockchaincseai.html,https://vishwaniketaneduin-my.sharepoint.com/:b:/g/personal/exam_vimeet_vishwaniketan_edu_in/EUfcuayW2oVGgWyaNq9fAQUB1koQP4nY4gWCRVy2uKgPvg?e=xBItDW
Result SE (Computer Engineering R-2019)_Sem-IV_ Regular & ATKT _'C' Scheme_CBCS_DEC-2024,2025-03-10T04:52:00-07:00,https://vishwaniketanexam.blogspot.com/2025/03/result-se-computer-engineering-r_10.html,https://vishwaniketaneduin-my.sharepoint.com/:b:/g/personal/exam_vimeet_vishwaniketan_edu_in/EbiUkZj9lBRNgVi4ymENrhoB-JF8vi_2r6GdWKlPwHXtqw?e=jXxB2d
Result TE (Computer Engineering R-2019)_Sem-VI_ Regular & ATKT _'C' Scheme_CBCS_DEC-2024,2025-03-10T04:51:00-07:00,https://vishwaniketanexam.blogspot.com/2025/03/result-te-computer-engineering-r_10.html,https://vishwaniketaneduin-my.sharepoint.com/:b:/g/personal/exam_vimeet_vishwaniketan_edu_in/EQ_gMWTQodBFmZ7FXPhjxccBPu9UvmzhNZsWPxw4vluKrA?e=IaW8oI
Result TE (Computer Engineering R-2019)_Sem-V_ Regular & ATKT _'C' Scheme_CBCS_DEC-2024,2025-03-10T04:50:00-07:00,https://vishwaniketanexam.blogspot.com/2025/03/result-te-computer-engineering-r.html,https://vishwaniketaneduin-my.sharepoint.com/:b:/g/personal/exam_vimeet_vishwaniketan_edu_in/EYwpHEM0d29Iq0OtzUDazkkBmBDQ5m8waX_HYxPw1QE9ng?e=ZXpE6A
Result SE (Computer Engineering R-2019)_Sem-III_ Regular & ATKT _'C' Scheme_CBCS_DEC-2024,2025-03-10T04:49:00-07:00,https://vishwaniketanexam.blogspot.com/2025/03/result-se-computer-engineering-r.html,https://vishwaniketaneduin-my.sharepoint.com/:b:/g/personal/exam_vimeet_vishwaniketan_edu_in/EdkiUp09FnlOmmHKyMJQa8MBYYIJBXt9UJSdnHAQPCKDSA?e=XrViWl
Result SE (CSE (AI &ML) R-2019)_Sem-IV_  ATKT _'C' Scheme_CBCS_DEC-2024,2025-03-10T04:43:00-07:00,https://vishwaniketanexam.blogspot.com/2025/03/result-se-cse-ai-r-2019sem-iv-atkt-c.html,https://vishwaniketaneduin-my.sharepoint.com/:b:/g/personal/exam_vimeet_vishwaniketan_edu_in/EQwrFgJj2gJJrw2gTDA7aiYB4UKBBjnq195jwEygCvJiJA?e=a1D1oK
Result TE (CSE (AI &ML) R-2019)_Sem-VI_  ATKT _'C' Scheme_CBCS_DEC-2024,2025-03-10T04:41:00-07:00,https://vishwaniketanexam.blogspot.com/2025/03/result-te-cse-ai-r-2019sem-vi-atkt-c.html,https://vishwaniketaneduin-my.sharepoint.com/:b:/g/personal/exam_vimeet_vishwaniketan_edu_in/Ee-C2l9jlvFMkPtqoZ802jkB5nd2mdtqZ2aXS5E_8gEV9Q?e=kXHPdA
Result TE (CSE (AI &ML) R-2019)_Sem-V_ Regular & ATKT _'C' Scheme_CBCS_DEC-2024 (Updated),2025-03-10T04:40:00-07:00,https://vishwaniketanexam.blogspot.com/2025/03/result-te-cse-ai-r-2019sem-v-regular.html,https://vishwaniketaneduin-my.sharepoint.com/:b:/g/personal/exam_vimeet_vishwaniketan_edu_in/Efe-xeZO3M9Gh75gGHD8ToQBijrlCOnjkCwQ8BLqB8nxZQ?e=1CpfQM
Result SE (CSE (AI &ML) R-2019)_Sem-III_ Regular & ATKT _'C' Scheme_CBCS_DEC-2024,2025-03-10T04:39:00-07:00,https://vishwaniketanexam.blogspot.com/2025/03/result-se-cse-ai-r-2019sem-iii-regular.html,https://vishwaniketaneduin-my.sharepoint.com/:b:/g/personal/exam_vimeet_vishwaniketan_edu_in/EZl6-zJxY-NNv9nfDafhSU4Bm8M4KfQAT7TwXlyQlEzSDg?e=ezA0Bd
Result SE (Civil Engineering R-2019)_Sem-IV_ ATKT _'C' Scheme_CBCS_DEC-2024,2025-03-05T03:01:00-08:00,https://vishwaniketanexam.blogspot.com/2025/03/result-se-civil-engineering-r-2019sem_5.html,https://vishwaniketaneduin-my.sharepoint.com/:b:/g/personal/exam_vimeet_vishwaniketan_edu_in/ESxdxuPViTlEgVnKCY2hBgYBCVII-kI5AXE681eMODSWyQ?e=NKqp8U
Result TE (Civil Engineering R-2019)_Sem-VI_ ATKT _'C' Scheme_CBCS_DEC-2024,2025-03-05T03:00:00-08:00,https://vishwaniketanexam.blogspot.com/2025/03/result-te-civil-engineering-r-2019sem.html,https://vishwaniketaneduin-my.sharepoint.com/:b:/g/personal/exam_vimeet_vishwaniketan_edu_in/Ec1qGv06jRFFtMT2p2sdmzMBymULANuq-pgajfzKSrvwgQ?e=YaOeb0
Result TE (Civil Engineering R-2019)_Sem-V_ Regular & ATKT _'C' Scheme_CBCS_DEC-2024,2025-03-05T02:59:00-08:00,https://vishwaniketanexam.blogspot.com/2025/03/result-te-civil-engineering-r-2019sem-v.html,https://vishwaniketaneduin-my.sharepoint.com/:b:/g/personal/exam_vimeet_vishwaniketan_edu_in/EYgHBEFM2spPvwEuWOy2hnwBWkAlhUT_FPhgG6E7_5IOEA?e=nzAkx1
Result SE (Civil Engineering R-2019)_Sem-III_ Regular & ATKT _'C' Scheme_CBCS_DEC-2024,2025-03-05T02:56:00-08:00,https://vishwaniketanexam.blogspot.com/2025/03/result-se-civil-engineering-r-2019sem.html,https://vishwaniketaneduin-my.sharepoint.com/:b:/g/personal/exam_vimeet_vishwaniketan_edu_in/EX5yZQZgUdtFirBOGkb5SkIBMgDynhBtnuZh0m2nzFRSfA?e=eYhgGy
Result TE (Mechanical Engineering R-2019)_Sem-VI_ ATKT _'C' Scheme_CBCS_DEC-2024,2025-03-05T02:54:00-08:00,https://vishwaniketanexam.blogspot.com/2025/03/result-te-mechanical-engineering-r_5.html,https://vishwaniketaneduin-my.sharepoint.com/:b:/g/personal/exam_vimeet_vishwaniketan_edu_in/EVhOUIulIEFBnJH-zALymU4Bl_u5Gs0FRiDPgWayl6TNiQ?e=2vLpMU
Result SE (Mechanical Engineering R-2019)_Sem-IV_ ATKT _'C' Scheme_CBCS_DEC-2024,2025-03-05T02:51:00-08:00,https://vishwaniketanexam.blogspot.com/2025/03/result-se-mechanical-engineering-r_5.html,https://vishwaniketaneduin-my.sharepoint.com/:b:/g/personal/exam_vimeet_vishwaniketan_edu_in/EVLfKa7lYPREmim7SvabWLcBdqU5mFaRO4IayB1h7COqOg?e=ZVY72p
Result TE (Mechanical Engineering R-2019)_Sem-V_ Regular & ATKT _'C' Scheme_CBCS_DEC-2024,2025-03-05T02:50:00-08:00,https://vishwaniketanexam.blogspot.com/2025/03/result-te-mechanical-engineering-r.html,https://vishwaniketaneduin-my.sharepoint.com/:b:/g/personal/exam_vimeet_vishwaniketan_edu_in/Eb3VhMhUI-1KudZ6wPnbFi0BYic4gYl0wgB6JecaUOiZQA?e=T3mS8E
Result SE (Mechanical Engineering R-2019)_Sem-III_ Regular & ATKT _'C' Scheme_CBCS_DEC-2024 (Updated),2025-03-05T02:46:00-08:00,https://vishwaniketanexam.blogspot.com/2025/03/result-se-mechanical-engineering-r.html,https://vishwaniketaneduin-my.sharepoint.com/:b:/g/personal/exam_vimeet_vishwaniketan_edu_in/EVMmMbkMnBxIrbcIrHX0HSQBYN3qzDk1gbrEwgKUecl1MA?e=kfM1dP
Result SE (Electrical Engineering R-2019)_Sem-IV_  ATKT _'C' Scheme_CBCS_DEC-2024,2025-03-03T04:10:00.001000-08:00,https://vishwaniketanexam.blogspot.com/2025/03/result-se-electrical-engineering-r_3.html,https://vishwaniketaneduin-my.sharepoint.com/:b:/g/personal/exam_vimeet_vishwaniketan_edu_in/EWr-XBBKn_xCuOGKcJkibQ4BB9Yk9msHcWwtWCrpB6fUlg?e=2vAJMp
Result TE (Electrical Engineering R-2019)_Sem-VI_  ATKT _'C' Scheme_CBCS_DEC-2024,2025-03-03T04:10:00-08:00,https://vishwaniketanexam.blogspot.com/2025/03/result-te-electrical-engineering-r_3.html,https://vishwaniketaneduin-my.sharepoint.com/:b:/g/personal/exam_vimeet_vishwaniketan_edu_in/EbQUfgzjHPNLn6gzabD0lRMBXoMBK9aN5p1jBGENLYSx3Q?e=Czf53X
Result TE (Electrical Engineering R-2019)_Sem-V_ Regular & ATKT _'C' Scheme_CBCS_DEC-2024,2025-03-03T04:09:00-08:00,https://vishwaniketanexam.blogspot.com/2025/03/result-te-electrical-engineering-r.html,https://vishwaniketaneduin-my.sharepoint.com/:b:/g/personal/exam_vimeet_vishwaniketan_edu_in/EfQOKP3XggVOinj6_imx4ZoB0MfMIV2oNEn_m_CGo3sjJA?e=P0dRPQ
Result SE (Electrical Engineering R-2019)_Sem-III_ Regular & ATKT _'C' Scheme_CBCS_DEC-2024 (Updated),2025-03-03T04:07:00-08:00,https://vishwaniketanexam.blogspot.com/2025/03/result-se-electrical-engineering-r.html,https://vishwaniketaneduin-my.sharepoint.com/:b:/g/personal/exam_vimeet_vishwaniketan_edu_in/ETzwye8sJR9NhWnYAhZJalgBLhgo5FxFIDvWUxG_jb7rUA?e=Ywke4X
Result SE (EXTC Engineering R-2019)_Sem-IV_ ATKT _'C' Scheme_CBCS_DEC-2024,2025-02-21T03:51:00-08:00,https://vishwaniketanexam.blogspot.com/2025/02/result-se-extc-engineering-r-2019sem-iv.html,https://vishwaniketaneduin-my.sharepoint.com/:b:/g/personal/exam_vimeet_vishwaniketan_edu_in/EZKFl3ilQKVMgtlVI3IByd4B4NROc1g1cCdCkHQoNU6iYA?e=wYdVP3
Result TE (EXTC Engineering R-2019)_Sem-VI_ ATKT _'C' Scheme_CBCS_DEC-2024,2025-02-21T03:49:00-08:00,https://vishwaniketanexam.blogspot.com/2025/02/result-te-extc-engineering-r-2019sem-vi.html,https://vishwaniketaneduin-my.sharepoint.com/:b:/g/personal/exam_vimeet_vishwaniketan_edu_in/EWtUau1iNjBJpZFXCqJNdA4B5uuoMIV2xtt2bBt7vioXDQ?e=fUDuJH
Result TE (EXTC Engineering R-2019)_Sem-V_ Regular & ATKT _'C' Scheme_CBCS_DEC-2024,2025-02-21T03:48:00-08:00,https://vishwaniketanexam.blogspot.com/2025/02/result-te-extc-engineering-r-2019sem-v.html,https://vishwaniketaneduin-my.sharepoint.com/:b:/g/personal/exam_vimeet_vishwaniketan_edu_in/Edt0LHeBMBNJpyqgPLxBmSQBk3fZNhTgKfVyFPkbXfjfnA?e=S274Yf
Result SE (EXTC Engineering R-2019)_Sem-III_ Regular & ATKT _'C' Scheme_CBCS_DEC-2024,2025-02-21T03:47:00-08:00,https://vishwaniketanexam.blogspot.com/2025/02/result-se-extc-engineering-r-2019sem.html,https://vishwaniketaneduin-my.sharepoint.com/:b:/g/personal/exam_vimeet_vishwaniketan_edu_in/EWGCygrcW8dGqhFH0ofrY5IBD4zKsGbVP7ydaG-PXQyLjQ?e=gae4ln
Revaluation Gazette_ExTC Engg. FE SEM II (C Scheme) _MAY 2024 Examination,2024-11-30T03:41:00.004000-08:00,https://vishwaniketanexam.blogspot.com/2024/11/revaluation-gazetteextc-engg-fe-sem-ii.html,https://vishwaniketaneduin-my.sharepoint.com/:b:/g/personal/exam_vimeet_vishwaniketan_edu_in/ERrm6kG-fnJOuDJDHlXZP3oBbHI6jH560mjwy3zUltiD8Q?e=kbrRBU
Revaluation Gazette_Electrical Engg. FE SEM II (C Scheme) _MAY 2024 Examination,2024-11-30T03:39:00.006000-08:00,https://vishwaniketanexam.blogspot.com/2024/11/revaluation-gazetteelectrical-engg-fe.html,https://vishwaniketaneduin-my.sharepoint.com/:b:/g/personal/exam_vimeet_vishwaniketan_edu_in/Efw-0lb-YkJOtpSx-ZK8_ZAB3i7rCZl4ECc6Q_lJGjJv1w?e=Qa0KG6
Revaluation Gazette_CSE(AI & ML) Engg. FE SEM II (C Scheme) _MAY 2024 Examination,2024-11-30T03:37:00.003000-08:00,https://vishwaniketanexam.blogspot.com/2024/11/revaluation-gazettecseai-ml-engg-fe-sem.html,https://vishwaniketaneduin-my.sharepoint.com/:b:/g/personal/exam_vimeet_vishwaniketan_edu_in/Ebheicr-HTJIlxaQ1ng40OABjXbV3VKdx34es547KPeEBA?e=9MdC9V
Revaluation Gazette_Computer Engg. FE SEM II (C Scheme) _MAY 2024 Examination,2024-11-30T03:36:00.003000-08:00,https://vishwaniketanexam.blogspot.com/2024/11/revaluation-gazettecomputer-engg-fe-sem.html,https://vishwaniketaneduin-my.sharepoint.com/:b:/g/personal/exam_vimeet_vishwaniketan_edu_in/EW7gQWzDi-BMkGk7CpX4Ms8BUcfuEyz4ue6o3cNQd9lbew?e=cSpHnH
Revaluation Gazette_Civil Engg. FE SEM II (C Scheme)_MAY 2024 Examination,2024-11-30T03:35:00.004000-08:00,https://vishwaniketanexam.blogspot.com/2024/11/revaluation-gazettecivil-engg-fe-sem-ii.html,https://vishwaniketaneduin-my.sharepoint.com/:b:/g/personal/exam_vimeet_vishwaniketan_edu_in/EZXew8OOwIZAsckWBxlweWkBVnMm_K09PYY3RU24sXwLkw?e=NKdg0h
Revaluation Gazette_Mechanical Engg. FE SEM II (C Scheme)_MAY 2024 Examination,2024-11-30T03:33:00.001000-08:00,https://vishwaniketanexam.blogspot.com/2024/11/revaluation-gazettemechanical-engg-fe.html,https://vishwaniketaneduin-my.sharepoint.com/:b:/g/personal/exam_vimeet_vishwaniketan_edu_in/EdOjJdtZ9oVLh5NSyidWdXYBPTQUsYe-_MaZSA6Gl_QBmg?e=dbAjV2
Revaluation Gazette_CSE(AI & ML) Engg. _SE SEM III (C Scheme)_ KT_MAY 2024 Examination,2024-10-10T02:12:00-07:00,https://vishwaniketanexam.blogspot.com/2024/10/revaluation-gazettecseai-ml-engg-se-sem_10.html,https://vishwaniketaneduin-my.sharepoint.com/:b:/g/personal/exam_vimeet_vishwaniketan_edu_in/EeRdRH3DiONOvcIsHhqmbFIBaoRfXutcvbmHO2hcFxc5vw?e=J3BxAR
Revaluation Gazette_CSE(AI & ML) Engg. _TE SEM V (C Scheme)_ KT_MAY 2024 Examination,2024-10-10T02:11:00-07:00,https://vishwaniketanexam.blogspot.com/2024/10/revaluation-gazettecseai-ml-engg-te-sem_10.html,https://vishwaniketaneduin-my.sharepoint.com/:b:/g/personal/exam_vimeet_vishwaniketan_edu_in/Eb6gzbURK1dPht0uIOuczc8BbifR9tzhMUKxB86e8UuEng?e=FDHkfH
Revaluation Gazette_CSE(AI & ML) Engg. _TE SEM VI (C Scheme)_Regular & KT_MAY 2024 Examination,2024-10-10T02:10:00-07:00,https://vishwaniketanexam.blogspot.com/2024/10/revaluation-gazettecseai-ml-engg-te-sem.html,https://vishwaniketaneduin-my.sharepoint.com/:b:/g/personal/exam_vimeet_vishwaniketan_edu_in/EUBnzU8xdfhMkIfZwvS6TSsBAWn3bW45968yg-EjJXVQpA?e=2Ghkwy
Revaluation Gazette_CSE(AI & ML) Engg. SE SEM IV (C Scheme)_Regular & KT_MAY 2024 Examination,2024-10-10T02:08:00-07:00,https://vishwaniketanexam.blogspot.com/2024/10/revaluation-gazettecseai-ml-engg-se-sem.html,https://vishwaniketaneduin-my.sharepoint.com/:b:/g/personal/exam_vimeet_vishwaniketan_edu_in/ET0EgcWEiqRNpuqwbIL8yI4BSF20RDlWXjmLS5_8yiuztg?e=PvtMfn
Revaluation Gazette_Mechanical Engg. TE SEM V (C Scheme)_ KT_MAY 2024 Examination,2024-10-10T02:07:00-07:00,https://vishwaniketanexam.blogspot.com/2024/10/revaluation-gazettemechanical-engg-te_10.html,https://vishwaniketaneduin-my.sharepoint.com/:b:/g/personal/exam_vimeet_vishwaniketan_edu_in/ERfcjOoI7d9HruHtOymsJokBT4iPqyHZ3jGfcuSoZhYFSA?e=yFMXJT
Revaluation Gazette_Mechanical Engg. SE SEM III (C Scheme)_ KT_MAY 2024 Examination,2024-10-10T02:06:00-07:00,https://vishwaniketanexam.blogspot.com/2024/10/revaluation-gazettemechanical-engg-se_10.html,https://vishwaniketaneduin-my.sharepoint.com/:b:/g/personal/exam_vimeet_vishwaniketan_edu_in/ETO5HiI344lGhL7tMpWRxk8ByQbhQMQGCCDOdQxwYNhGJQ?e=sg2WGU
Revaluation Gazette_Mechanical Engg. TE SEM VI (C Scheme)_Regular & KT_MAY 2024 Examination,2024-10-10T02:05:00-07:00,https://vishwaniketanexam.blogspot.com/2024/10/revaluation-gazettemechanical-engg-te.html,https://vishwaniketaneduin-my.sharepoint.com/:b:/g/personal/exam_vimeet_vishwaniketan_edu_in/EQIiHEBL6vxApCB9RXhAm7IBQgZet5tD2CDVZO3zkluEqg?e=6iKGE9
Revaluation Gazette_Mechanical Engg. SE SEM IV (C Scheme)_Regular & KT_MAY 2024 Examination,2024-10-10T02:04:00-07:00,https://vishwaniketanexam.blogspot.com/2024/10/revaluation-gazettemechanical-engg-se.html,https://vishwaniketaneduin-my.sharepoint.com/:b:/g/personal/exam_vimeet_vishwaniketan_edu_in/EQbuG-p_gfRIlc8chF4U9QYBa4AnMHcxTtZC6bmiscXiUg?e=GDpvA2
Revaluation Gazette_Computer Engg. SE SEM III (C Scheme)_ KT_MAY 2024 Examination,2024-10-10T02:01:00-07:00,https://vishwaniketanexam.blogspot.com/2024/10/revaluation-gazettecomputer-engg-se-sem_10.html,https://vishwaniketaneduin-my.sharepoint.com/:b:/g/personal/exam_vimeet_vishwaniketan_edu_in/EYePpsvXDWRHk4ZQZeSTxvIBtLxYCVnRg9PNiN87F-1G4Q?e=XGXBid
Revaluation Gazette_Computer Engg. TE SEM V (C Scheme)_ KT_MAY 2024 Examination,2024-10-10T02:00:00-07:00,https://vishwaniketanexam.blogspot.com/2024/10/revaluation-gazettecomputer-engg-te-sem_10.html,https://vishwaniketaneduin-my.sharepoint.com/:b:/g/personal/exam_vimeet_vishwaniketan_edu_in/EQNWjrTys-hGpb5VTjbltC0BdQllKOXgPFshh4q49QudsQ?e=XQkKyY
Revaluation Gazette_Computer Engg. TE SEM VI (C Scheme)_Regular & KT_MAY 2024 Examination,2024-10-10T01:59:00-07:00,https://vishwaniketanexam.blogspot.com/2024/10/revaluation-gazettecomputer-engg-te-sem.html,https://vishwaniketaneduin-my.sharepoint.com/:b:/g/personal/exam_vimeet_vishwaniketan_edu_in/ERlueLfhfUJJpO6v6xas1y0B5vS9GLhtYzuNewSrQ911vg?e=WDOwaH
Revaluation Gazette_Computer Engg. SE SEM IV (C Scheme)_Regular & KT_MAY 2024 Examination,2024-10-10T01:57:00-07:00,https://vishwaniketanexam.blogspot.com/2024/10/revaluation-gazettecomputer-engg-se-sem.html,https://vishwaniketaneduin-my.sharepoint.com/:b:/g/personal/exam_vimeet_vishwaniketan_edu_in/EU5_F-0KwgNLuWoCnCLUpf8BNB0glGcg4LbjFGJXJuUKZA?e=f3mtbf
Revaluation Gazette_EXTC Engg. SE SEM IV (C Scheme)_ Regular & KT_MAY 2024 Examination,2024-10-09T00:39:00-07:00,https://vishwaniketanexam.blogspot.com/2024/10/revaluation-gazetteextc-engg-se-sem-iv.html,https://vishwaniketaneduin-my.sharepoint.com/:b:/g/personal/exam_vimeet_vishwaniketan_edu_in/EeqT7f-vygpJm5UBLnp2gJQBQz4MLFuCpanSbFtNNn2UDw?e=UKdgUG
Revaluation Gazette_EXTC Engg. SE SEM III (C Scheme)_ KT_MAY 2024 Examination,2024-10-09T00:38:00-07:00,https://vishwaniketanexam.blogspot.com/2024/10/revaluation-gazetteextc-engg-se-sem-iii.html,https://vishwaniketaneduin-my.sharepoint.com/:b:/g/personal/exam_vimeet_vishwaniketan_edu_in/ESrGyBm-h6FBhQ46NCdkVTABIGAyRmju6hpfoVgGBRASiw?e=VgG2UP
Revaluation Gazette_Electrical Engg. TE SEM V (C Scheme)_ KT_MAY 2024 Examination,2024-10-09T00:33:00-07:00,https://vishwaniketanexam.blogspot.com/2024/10/revaluation-gazetteelectrical-engg-se_57.html,https://vishwaniketaneduin-my.sharepoint.com/:b:/g/personal/exam_vimeet_vishwaniketan_edu_in/EW6jL1by3EZNjSWIAkmnSvkB3EifAM9jNcXNiF5Gyj5Nuw?e=iFP1bX
Revaluation Gazette_Electrical Engg. TE SEM VI (C Scheme)_Regular & KT_MAY 2024 Examination,2024-10-09T00:25:00-07:00,https://vishwaniketanexam.blogspot.com/2024/10/revaluation-gazetteelectrical-engg-se_42.html,https://vishwaniketaneduin-my.sharepoint.com/:b:/g/personal/exam_vimeet_vishwaniketan_edu_in/EZMnf_JCl9VKviJ1bdBMpd8B7ChZ6IFvS2LdsuMDBvHSww?e=8cu5IH
Revaluation Gazette_Electrical Engg. SE SEM IV (C Scheme)_Regular & KT_MAY 2024 Examination,2024-10-09T00:24:00-07:00,https://vishwaniketanexam.blogspot.com/2024/10/revaluation-gazetteelectrical-engg-se_9.html,https://vishwaniketaneduin-my.sharepoint.com/:b:/g/personal/exam_vimeet_vishwaniketan_edu_in/EeNiUyhZoQRPjPg3DX0usz0BMb36-dtIfqgsFODkJFe8Kw?e=UXuNkP
Revaluation Gazette_Electrical Engg. SE SEM III (C Scheme)_ KT_MAY 2024 Examination,2024-10-09T00:23:00-07:00,https://vishwaniketanexam.blogspot.com/2024/10/revaluation-gazetteelectrical-engg-se.html,https://vishwaniketaneduin-my.sharepoint.com/:b:/g/personal/exam_vimeet_vishwaniketan_edu_in/EdsL96OJnBVGlWX41396FCABc90D7rB_20Z2T_JXPLA-dA?e=bTFhe2
Revaluation Gazette_CIVIL Engg. SE SEM VI (C Scheme)_Regular & KT_MAY 2024 Examination,2024-10-04T02:59:00-07:00,https://vishwaniketanexam.blogspot.com/2024/10/revaluation-gazettecivil-engg-se-sem-vi.html,https://vishwaniketaneduin-my.sharepoint.com/:b:/g/personal/exam_vimeet_vishwaniketan_edu_in/ERz4PLPKCTZPgR3Yl7DrnjYBilus7Dx1L0AlG8TEJlD_9A?e=3SamTG
Revaluation Gazette_CIVIL Engg. SE SEM V (C Scheme)_ KT_MAY 2024 Examination,2024-10-04T02:57:00-07:00,https://vishwaniketanexam.blogspot.com/2024/10/revaluation-gazettecivil-engg-se-sem-v.html,https://vishwaniketaneduin-my.sharepoint.com/:b:/g/personal/exam_vimeet_vishwaniketan_edu_in/EY-E81O4n9NNuDuIpLjF0CQBMTbo7jfEZ0ez4CPNRD9isw?e=WyZysk
Revaluation Gazette_CIVIL Engg. SE SEM III (C Scheme)_ KT_MAY 2024 Examination,2024-10-04T02:55:00-07:00,https://vishwaniketanexam.blogspot.com/2024/10/revaluation-gazettecivil-engg-se-sem.html,https://vishwaniketaneduin-my.sharepoint.com/:b:/g/personal/exam_vimeet_vishwaniketan_edu_in/EQHE7vTCiENLpSdBCsnAr7ABHQwcajwvOAXTS3GQCE0V1g?e=4j6F7a
Revaluation Gazette_CIVIL Engg. SE SEM IV (C Scheme)_Regular & KT_MAY 2024 Examination,2024-10-04T02:53:00-07:00,https://vishwaniketanexam.blogspot.com/2024/10/revaluation-gazettecivil-engg-se-sem-iv.html,https://vishwaniketaneduin-my.sharepoint.com/:b:/g/personal/exam_vimeet_vishwaniketan_edu_in/ETeN9hu_pYpEv-bTF_aAJOEBPQpDOusju30YBtBxyF_6uA?e=D3WFmk
Result Honours Degree _DataScience_Sem-VII_'C' Scheme_CBCS_May 2024,2024-09-06T02:50:00-07:00,https://vishwaniketanexam.blogspot.com/2024/09/result-honours-degree-datasciencesem.html,https://vishwaniketaneduin-my.sharepoint.com/:b:/g/personal/exam_vimeet_vishwaniketan_edu_in/EQ__kgyJWMlDk9AfUpZ5oD0B9fdRHS_EHuIRV1l2lZWVfg?e=c3LcMQ
Result Honours Degree _BlockChain_Sem-VII_'C' Scheme_CBCS_May 2024,2024-09-06T02:49:00-07:00,https://vishwaniketanexam.blogspot.com/2024/09/result-honours-degree-blockchainsem.html,https://vishwaniketaneduin-my.sharepoint.com/:b:/g/personal/exam_vimeet_vishwaniketan_edu_in/EW62wKDL7YdEm5pbJlHeirwBwWRagyzobwTAVd-Qvvj96A?e=JoxIoQ
Result Honours Degree _BlockChain_Sem-V_'C' Scheme_CBCS_May 2024,2024-09-06T02:47:00-07:00,https://vishwaniketanexam.blogspot.com/2024/09/result-honours-degree-blockchainsem-vic_6.html,https://vishwaniketaneduin-my.sharepoint.com/:b:/g/personal/exam_vimeet_vishwaniketan_edu_in/ET0NCYcZFnBLioLSJnASFYIBm2cU2Xg3kN9SlXjiyUF_rg?e=xmwdd7
Result Honours Degree _BlockChain_Sem-VI_'C' Scheme_CBCS_May 2024,2024-09-06T02:46:00-07:00,https://vishwaniketanexam.blogspot.com/2024/09/result-honours-degree-blockchainsem-vic.html,https://vishwaniketaneduin-my.sharepoint.com/:b:/g/personal/exam_vimeet_vishwaniketan_edu_in/ETsUkOE9g-FLjmkGBpRrNI0BxlBeP5zuiatH6LiemSmVrg?e=zOJvp9
Result Honours Degree _AI & ML_Sem-VI_'C' Scheme_CBCS_May 2024,2024-09-06T02:41:00-07:00,https://vishwaniketanexam.blogspot.com/2024/09/result-honours-degree-ai-mlsem-vic.html,https://vishwaniketaneduin-my.sharepoint.com/:b:/g/personal/exam_vimeet_vishwaniketan_edu_in/Ef9f7_BpfsRAodQKL8aA7_EByLAVFHjsRmLHaH2noTcyfQ?e=b2vGld
Result Honours Degree _Data Science_Sem-VI_'C' Scheme_CBCS_May 2024,2024-09-06T02:40:00-07:00,https://vishwaniketanexam.blogspot.com/2024/09/result-honours-degree-data-sciencesem.html,https://vishwaniketaneduin-my.sharepoint.com/:b:/g/personal/exam_vimeet_vishwaniketan_edu_in/EarMyxHxWkFDvmf5zKtQkzUB51yHarSBtTKQ3BymbQx-Vw?e=yT1xE0
Result Honours Degree (Electrical Vehicle)_Electrical_Sem-VIII_'C' Scheme_CBCS_May 2024,2024-09-06T02:36:00-07:00,https://vishwaniketanexam.blogspot.com/2024/09/result-honours-degree-electrical.html,https://vishwaniketaneduin-my.sharepoint.com/:b:/g/personal/exam_vimeet_vishwaniketan_edu_in/EffOpWi6K3ZCv5mExgHUzjYBFnQSw2Pu39nrOrYqVFEBBQ?e=g71Ycm
Result Honours Degree (DataScience)_CSE(AI & ML)_Sem-VIII_'C' Scheme_CBCS_May 2024,2024-09-06T02:34:00-07:00,https://vishwaniketanexam.blogspot.com/2024/09/result-honours-degree-datasciencecseai.html,https://vishwaniketaneduin-my.sharepoint.com/:b:/g/personal/exam_vimeet_vishwaniketan_edu_in/ESorO8QkfKhHiXuFxNgiNX8BSdgNt-mUiwEUtBtSqnzFRA?e=cxMteJ
Result Honours Degree (DataScience)_COMPUTER_Sem-VIII_'C' Scheme_CBCS_May 2024,2024-09-06T02:33:00-07:00,https://vishwaniketanexam.blogspot.com/2024/09/result-honours-degree_6.html,https://vishwaniketaneduin-my.sharepoint.com/:b:/g/personal/exam_vimeet_vishwaniketan_edu_in/EV5CjsObt8xJmzh_deBFUawBfWJld8iGoGvsxcz4cfTeeQ?e=uX9Jsw
Result Honours Degree (BlockChain)_CSE(AI & ML)_Sem-VIII_'C' Scheme_CBCS_May 2024,2024-09-06T02:31:00-07:00,https://vishwaniketanexam.blogspot.com/2024/09/result-honours-degree-blockchaincseai.html,https://vishwaniketaneduin-my.sharepoint.com/:b:/g/personal/exam_vimeet_vishwaniketan_edu_in/EelzYoPScqlBiRJme6MHvvkB_YL9WMhmeiziLKWoU1NmLQ?e=95Tr9S
Result Honours Degree (BlockChain)_COMPUTER_Sem-VIII_'C' Scheme_CBCS_May 2024,2024-09-06T02:30:00-07:00,https://vishwaniketanexam.blogspot.com/2024/09/result-honours-degree.html,https://vishwaniketaneduin-my.sharepoint.com/:b:/g/personal/exam_vimeet_vishwaniketan_edu_in/ET_BXIrmY4VLrApFZ2f8f5cBQU27KuWOa6nCf1fQ2ObUBw?e=p9Y9AG
Result Honours Degree (AI & ML)_COMPUTER_Sem-VIII_'C' Scheme_CBCS_May 2024,2024-09-06T02:29:00-07:00,https://vishwaniketanexam.blogspot.com/2024/09/result-honours-degree-ai-mlcomputersem.html,https://vishwaniketaneduin-my.sharepoint.com/:b:/g/personal/exam_vimeet_vishwaniketan_edu_in/EU7EpHT3hdFDq6y1MgCGeDUBfG5YReN1GPIdY2ejErYG9A?e=7K4Jdq
Result Honours Degree (AI & ML)_EXTC_Sem-VIII_'C' Scheme_CBCS_May 2024,2024-09-06T02:27:00-07:00,https://vishwaniketanexam.blogspot.com/2024/09/result-honours-degree-ai-mlextcsem.html,https://vishwaniketaneduin-my.sharepoint.com/:b:/g/personal/exam_vimeet_vishwaniketan_edu_in/ER4nlPK_U-hCit8cVXdkwFMBDhWzQ2zLp_lXkJA5k0ZUxg?e=ZfD26G
Result TE (Electrical Engineering R-2019)_Sem-VI_ Regular_'C' Scheme_CBCS_May-2024,2024-08-26T04:56:00-07:00,https://vishwaniketanexam.blogspot.com/2024/08/result-te-electrical-engineering-r.html,https://vishwaniketaneduin-my.sharepoint.com/:b:/g/personal/exam_vimeet_vishwaniketan_edu_in/EeiOHsWcVHFEltNKVUMLMlgB8u9XSVCpjaMfOFQy-hQvnw?e=tSqUcK
Result TE (Electrical Engineering R-2019)_Sem-VI_ KT_'C' Scheme_CBCS_May-2024,2024-08-26T04:55:00-07:00,https://vishwaniketanexam.blogspot.com/2024/08/result-te-electrical-engineering-r_34.html,https://vishwaniketaneduin-my.sharepoint.com/:b:/g/personal/exam_vimeet_vishwaniketan_edu_in/EcZCGx4ScxxKlVI7YZibpX8B-NX0-zqilMNeUQ3MpQxA3g?e=JECWsz
Result TE (Electrical Engineering R-2019)_Sem-V_ NKT_'C' Scheme_CBCS_May-2024,2024-08-26T04:52:00-07:00,https://vishwaniketanexam.blogspot.com/2024/08/result-te-electrical-engineering-r_26.html,https://vishwaniketaneduin-my.sharepoint.com/:b:/g/personal/exam_vimeet_vishwaniketan_edu_in/ER04ieXluWRBogYwqYHb01QBE2M_f38daeKTKl37iEdvvA?e=wYib3p
Result TE (Electrical Engineering R-2019)_Sem-V_ KT_'C' Scheme_CBCS_May-2024,2024-08-26T04:50:00-07:00,https://vishwaniketanexam.blogspot.com/2024/08/result-te-electrical-engineering-r_33.html,https://vishwaniketaneduin-my.sharepoint.com/:b:/g/personal/exam_vimeet_vishwaniketan_edu_in/ERX6VzeNV0FNr-TRHxvf3kUBYoKiylsQ0ziGifGt6UoVXw?e=2dlWof
Result SE (Electrical Engineering R-2019)_Sem-IV_ Regular_'C' Scheme_CBCS_May-2024,2024-08-26T04:49:00-07:00,https://vishwaniketanexam.blogspot.com/2024/08/result-se-electrical-engineering-r.html,https://vishwaniketaneduin-my.sharepoint.com/:b:/g/personal/exam_vimeet_vishwaniketan_edu_in/Ef8ufVhlX-xBh6KVdh8-N18B4MAHcfZ1YB3-E1X1D6nepQ?e=KtkKRN
Result SE (Electrical Engineering R-2019)_Sem-IV_ ATKT_'C' Scheme_CBCS_May-2024,2024-08-26T04:47:00-07:00,https://vishwaniketanexam.blogspot.com/2024/08/result-se-electrical-engineering-r_26.html,https://vishwaniketaneduin-my.sharepoint.com/:b:/g/personal/exam_vimeet_vishwaniketan_edu_in/EQmtPwUWMFRLm4X8QH6yiqYBlZSQG3EX39NmlUk172D_yg?e=hb8EDG
Result SE (Electrical Engineering R-2019)_Sem-III_ ATKT_'C' Scheme_CBCS_May-2024,2024-08-26T04:45:00-07:00,https://vishwaniketanexam.blogspot.com/2024/08/result-se-electrical-engineering-r_12.html,https://vishwaniketaneduin-my.sharepoint.com/:b:/g/personal/exam_vimeet_vishwaniketan_edu_in/EXxOof7yEmpOkvoutYJXV1QBKw-1NssLFxmYwQgPnk42Gw?e=kgwTp4
Result TE (Mechanical Engineering R-2019)_Sem-VI_ Regular_'C' Scheme_CBCS_May-2024,2024-08-26T04:39:00-07:00,https://vishwaniketanexam.blogspot.com/2024/08/result-te-mechanical-engineering-r.html,https://vishwaniketaneduin-my.sharepoint.com/:b:/g/personal/exam_vimeet_vishwaniketan_edu_in/EUa7HqjAMuhBnQda0WRmi7EBf9GAK7ubZpgVn0bJWg8Tew?e=vK6EjF
Result TE (Mechanical Engineering R-2019)_Sem-VI_ KT_'C' Scheme_CBCS_May-2024,2024-08-26T04:38:00-07:00,https://vishwaniketanexam.blogspot.com/2024/08/result-te-mechanical-engineering-r_26.html,https://vishwaniketaneduin-my.sharepoint.com/:b:/g/personal/exam_vimeet_vishwaniketan_edu_in/EYBn_cIJ4HpNkCP7mUQ4i7YBpBM96AZ7W-xGfP2Bv75vvQ?e=Lrd2KD
Result TE (Mechanical Engineering R-2019)_Sem-V_ NKT_'C' Scheme_CBCS_May-2024,2024-08-26T04:33:00-07:00,https://vishwaniketanexam.blogspot.com/2024/08/result-te-mechanical-engineering-r_31.html,https://vishwaniketaneduin-my.sharepoint.com/:b:/g/personal/exam_vimeet_vishwaniketan_edu_in/Ef05Myil7shFn4CN_JhUQrABo17SlxLxKFT7Jotja_Ydcg?e=NzLbwI
Result TE (Mechanical Engineering R-2019)_Sem-V_ KT_'C' Scheme_CBCS_May-2024,2024-08-26T04:32:00-07:00,https://vishwaniketanexam.blogspot.com/2024/08/result-te-mechanical-engineering-r_41.html,https://vishwaniketaneduin-my.sharepoint.com/:b:/g/personal/exam_vimeet_vishwaniketan_edu_in/EQ3ZYc6T1DlLm3UtU5CyrtcB6Q9vRjiulCtr5qQJB7tTOA?e=UqVku5
Result SE (Mechanical Engineering R-2019)_Sem-IV_ KT_'C' Scheme_CBCS_May-2024,2024-08-26T04:31:00-07:00,https://vishwaniketanexam.blogspot.com/2024/08/result-se-mechanical-engineering-r.html,https://vishwaniketaneduin-my.sharepoint.com/:b:/g/personal/exam_vimeet_vishwaniketan_edu_in/EaAiQTIi9NBApq0RCBz5zC8B4Tt75_dsZmxhz00AbAqrvg?e=h0ljBZ
Result SE (Mechanical Engineering R-2019)_Sem-IV_ Regular_'C' Scheme_CBCS_May-2024,2024-08-26T04:29:00-07:00,https://vishwaniketanexam.blogspot.com/2024/08/result-se-mechanical-engineering-r_26.html,https://vishwaniketaneduin-my.sharepoint.com/:b:/g/personal/exam_vimeet_vishwaniketan_edu_in/EZuL2hS_h7pPuq1ulcQ4TxgBO3vMD-mLSF5GGxpN8LLW7w?e=D1fTuB
Result SE (Mechanical Engineering R-2019)_Sem-III_ ATKT_'C' Scheme_CBCS_May-2024,2024-08-26T04:28:00-07:00,https://vishwaniketanexam.blogspot.com/2024/08/result-se-mechanical-engineering-r_36.html,https://vishwaniketaneduin-my.sharepoint.com/:b:/g/personal/exam_vimeet_vishwaniketan_edu_in/EV8kTJbsvUhDqLcaBPUDLd0Bku0fEaIxBlhZ2zZwXwY4-g?e=7BAJ3D
Result TE (EXTC Engineering R-2019)_Sem-V_ KT_'C' Scheme_CBCS_May-2024,2024-08-26T04:19:00-07:00,https://vishwaniketanexam.blogspot.com/2024/08/result-te-extc-engineering-r-2019sem-v_26.html,https://vishwaniketaneduin-my.sharepoint.com/:b:/g/personal/exam_vimeet_vishwaniketan_edu_in/ESiPWCKSGuJGhiDv5vE959MBwbydeWDa1Jr8COmpT9Nxwg?e=66THMr
Result TE (EXTC Engineering R-2019)_Sem-V_ NKT_'C' Scheme_CBCS_May-2024,2024-08-26T04:18:00-07:00,https://vishwaniketanexam.blogspot.com/2024/08/result-te-extc-engineering-r-2019sem-v.html,https://vishwaniketaneduin-my.sharepoint.com/:b:/g/personal/exam_vimeet_vishwaniketan_edu_in/ERM06ON2UDhOjsaCB04gaG0B7PL512F0cJ_XGSafmxnqHg?e=ofhykF
Result TE (EXTC Engineering R-2019)_Sem-VI_ Regular_'C' Scheme_CBCS_May-2024,2024-08-26T04:17:00-07:00,https://vishwaniketanexam.blogspot.com/2024/08/result-te-extc-engineering-r-2019sem-vi.html,https://vishwaniketaneduin-my.sharepoint.com/:b:/g/personal/exam_vimeet_vishwaniketan_edu_in/EQk3fG7_tKJOlf7LmDYYIqwBsKZK95vmNgiAw90i84YMmg?e=yVaYdL
Result SE (EXTC Engineering R-2019)_Sem-IV_ Regular_'C' Scheme_CBCS_May-2024,2024-08-26T04:15:00-07:00,https://vishwaniketanexam.blogspot.com/2024/08/result-se-extc-engineering-r-2019sem-iv.html,https://vishwaniketaneduin-my.sharepoint.com/:b:/g/personal/exam_vimeet_vishwaniketan_edu_in/ERxO_wFhm4hErLrFNg_2qg4BPya3KYuDKvZvsxhf_9ayZA?e=LbzrEG
Result SE (EXTC Engineering R-2019)_Sem-IV_ ATKT_'C' Scheme_CBCS_May-2024,2024-08-26T04:14:00-07:00,https://vishwaniketanexam.blogspot.com/2024/08/result-se-extc-engineering-r-2019sem-iv_26.html,https://vishwaniketaneduin-my.sharepoint.com/:b:/g/personal/exam_vimeet_vishwaniketan_edu_in/EVdiDx0Bu4ZErwoQJAejYAwBDwjUYxDJ9ng-v3fDimsrdQ?e=Bj7Woh
Result SE (EXTC Engineering R-2019)_Sem-III_ ATKT_'C' Scheme_CBCS_May-2024,2024-08-26T04:12:00-07:00,https://vishwaniketanexam.blogspot.com/2024/08/result-se-extc-engineering-r-2019sem.html,https://vishwaniketaneduin-my.sharepoint.com/:b:/g/personal/exam_vimeet_vishwaniketan_edu_in/EU6af_PbtcRFlmWDSRPdjrYBenJEbtaWTNlgyYbusuq-yQ?e=3aqPL9
Result TE (CIVIL Engineering R-2019)_Sem-VI_ Regular_'C' Scheme_CBCS_May-2024,2024-08-17T03:36:00-07:00,https://vishwaniketanexam.blogspot.com/2024/08/result-te-civil-engineering-r-2019sem.html,https://vishwaniketaneduin-my.sharepoint.com/:b:/g/personal/exam_vimeet_vishwaniketan_edu_in/EZ6UaY7ruiFAtXCuySHZ5JwBEc6xv2oYU7ln5ac8zynA1A?e=W0PqsB
Result TE (CIVIL Engineering R-2019)_Sem-VI_ KT_'C' Scheme_CBCS_May-2024,2024-08-17T03:34:00-07:00,https://vishwaniketanexam.blogspot.com/2024/08/result-te-civil-engineering-r-2019sem_17.html,https://vishwaniketaneduin-my.sharepoint.com/:b:/g/personal/exam_vimeet_vishwaniketan_edu_in/EYzF7zwyiupDlYbYkwy9IWgBaEPPfSf9NMqicqUxe9Tmlw?e=1tgcny
Result TE (CIVIL Engineering R-2019)_Sem-V_ KT_'C' Scheme_CBCS_May-2024,2024-08-17T03:33:00-07:00,https://vishwaniketanexam.blogspot.com/2024/08/result-te-civil-engineering-r-2019sem-v.html,https://vishwaniketaneduin-my.sharepoint.com/:b:/g/personal/exam_vimeet_vishwaniketan_edu_in/Ecs57C8lN4FIuBjdTRBNTpcBsV1OkJhKWUBhwRHAnCnDJw?e=VgmwNC
Result SE (CIVIL Engineering R-2019)_Sem-IV_ KT_'C' Scheme_CBCS_May-2024,2024-08-17T03:32:00.001000-07:00,https://vishwaniketanexam.blogspot.com/2024/08/result-se-civil-engineering-r-2019sem.html,https://vishwaniketaneduin-my.sharepoint.com/:b:/g/personal/exam_vimeet_vishwaniketan_edu_in/EeME3-QJINlGuzu_XvaKJK0B9h_aFDjs5G9axryjMVRhYw?e=oypcbP
Result SE (CIVIL Engineering R-2019)_Sem-IV_ Regular_'C' Scheme_CBCS_May-2024,2024-08-17T03:32:00-07:00,https://vishwaniketanexam.blogspot.com/2024/08/result-se-civil-engineering-r-2019sem_17.html,https://vishwaniketaneduin-my.sharepoint.com/:b:/g/personal/exam_vimeet_vishwaniketan_edu_in/ESr_9blYLShLh8J2Eef8oQEB5Vws_wb_aYFv7n8CH6xtBg?e=K7At3d
Result SE (CIVIL Engineering R-2019)_Sem-III_ ATKT_'C' Scheme_CBCS_May-2024,2024-08-17T03:29:00-07:00,https://vishwaniketanexam.blogspot.com/2024/08/result-se-civil-engineering-r-2019sem_19.html,https://vishwaniketaneduin-my.sharepoint.com/:b:/g/personal/exam_vimeet_vishwaniketan_edu_in/EX_843DKv81CruZ3q2PIaloBUb1g4Bw3ElBxrEpFetAhiw?e=KM6t2f
Result TE (CSE( AI & ML) R-2019)_Sem-V_ NKT_'C' Scheme_CBCS_May-2024,2024-08-08T03:10:00-07:00,https://vishwaniketanexam.blogspot.com/2024/08/result-te-cse-ai-ml-r-2019sem-v-nktc.html,https://vishwaniketaneduin-my.sharepoint.com/:b:/g/personal/exam_vimeet_vishwaniketan_edu_in/EaORnnM1CsFGjWV9DQdHg4sBmnPXCoyymHZafeWC9bXgWg?e=39Awnu
Result TE (CSE( AI & ML) R-2019)_Sem-V_ ATKT_'C' Scheme_CBCS_May-2024,2024-08-08T03:09:00-07:00,https://vishwaniketanexam.blogspot.com/2024/08/result-te-cse-ai-ml-r-2019sem-v-atktc.html,https://vishwaniketaneduin-my.sharepoint.com/:b:/g/personal/exam_vimeet_vishwaniketan_edu_in/EZlg24FX4nZFuizafv5hFc0BFlRvkXiZAHQzNKwdSI-94Q?e=WlBYuq
Result TE (CSE( AI & ML) R-2019)_Sem-VI_ Regular_'C' Scheme_CBCS_May-2024,2024-08-08T02:59:00-07:00,https://vishwaniketanexam.blogspot.com/2024/08/result-te-cse-ai-ml-r-2019sem-vi.html,https://vishwaniketaneduin-my.sharepoint.com/:b:/g/personal/exam_vimeet_vishwaniketan_edu_in/EbQbtMXHkmVBvHIPdv-WZ-UBJuV9s-JNyalx8oo2X1X6mQ?e=BfVmef
Result TE (CSE( AI & ML) R-2019)_Sem-VI_ KT_'C' Scheme_CBCS_May-2024,2024-08-08T02:58:00-07:00,https://vishwaniketanexam.blogspot.com/2024/08/result-te-cse-ai-ml-r-2019sem-vi-ktc.html,https://vishwaniketaneduin-my.sharepoint.com/:b:/g/personal/exam_vimeet_vishwaniketan_edu_in/EcckH0UEAERFsg2a5NqbG3IB2fSDjy5XMKlrrnRUgfo_Hg?e=hnkUgV
Result SE (CSE( AI & ML) R-2019)_Sem-IV_ Regular_'C' Scheme_CBCS_May-2024,2024-08-08T02:57:00-07:00,https://vishwaniketanexam.blogspot.com/2024/08/result-se-cse-ai-ml-r-2019sem-iv.html,https://vishwaniketaneduin-my.sharepoint.com/:b:/g/personal/exam_vimeet_vishwaniketan_edu_in/EQ2OZ4YK0iNBi_Umtqwpd2sBt0Kq4TuL8NlkoC1lvGmD-Q?e=KzqAxn
Result SE (CSE( AI & ML) R-2019)_Sem-IV_ ATKT_'C' Scheme_CBCS_May-2024,2024-08-08T02:56:00-07:00,https://vishwaniketanexam.blogspot.com/2024/08/result-se-cse-ai-ml-r-2019sem-iv-atktc.html,https://vishwaniketaneduin-my.sharepoint.com/:b:/g/personal/exam_vimeet_vishwaniketan_edu_in/EfTCKaQ7u9pKl0TRDOwNPSEBJqowxh2yHTP9cDavfjPcqQ?e=7Kpgmq
Result SE (CSE( AI & ML) R-2019)_Sem-III_ ATKT_'C' Scheme_CBCS_May-2024,2024-08-08T02:54:00-07:00,https://vishwaniketanexam.blogspot.com/2024/08/result-se-cse-ai-ml-r-2019sem-iii-atktc.html,https://vishwaniketaneduin-my.sharepoint.com/:b:/g/personal/exam_vimeet_vishwaniketan_edu_in/ERbh39arKoxCpQOprzg1SIcBu3ANete_MfrMjdnmgqn3oQ?e=2cwpy7
Result TE (COMPUTER Engg. R-2019)_Sem-VI_ Regular_'C' Scheme_CBCS_May-2024,2024-08-08T02:46:00-07:00,https://vishwaniketanexam.blogspot.com/2024/08/result-se-computer-engg-r-2019sem-vi.html,https://vishwaniketaneduin-my.sharepoint.com/:b:/g/personal/exam_vimeet_vishwaniketan_edu_in/EVoSiuFX1CVNvUNCYONZh3ABl9aMVhg_AtZ_U5L2xpxVYQ?e=Sv2gLh
Result TE (COMPUTER Engg. R-2019)_Sem-VI_ KT_'C' Scheme_CBCS_May-2024,2024-08-08T02:45:00-07:00,https://vishwaniketanexam.blogspot.com/2024/08/result-se-computer-engg-r-2019sem-vi_8.html,https://vishwaniketaneduin-my.sharepoint.com/:b:/g/personal/exam_vimeet_vishwaniketan_edu_in/ETxlw6kNMhxDgXpMCnsZ5D4BSXmckhn5G9Y1Vls2br3I6g?e=7A9e6n
Result TE (COMPUTER Engg. R-2019)_Sem-V_ KT_'C' Scheme_CBCS_May-2024,2024-08-08T02:44:00-07:00,https://vishwaniketanexam.blogspot.com/2024/08/result-se-computer-engg-r-2019sem-v-ktc.html,https://vishwaniketaneduin-my.sharepoint.com/:b:/g/personal/exam_vimeet_vishwaniketan_edu_in/EcdKTJGybQxCqY8fcBI-8zcBSwoRSq2D2eZBujFfMvSnSA?e=JD9o8U
Result TE (COMPUTER Engg. R-2019)_Sem-V_ NKT_'C' Scheme_CBCS_May-2024,2024-08-08T02:43:00-07:00,https://vishwaniketanexam.blogspot.com/2024/08/result-se-computer-engg-r-2019sem-v.html,https://vishwaniketaneduin-my.sharepoint.com/:b:/g/personal/exam_vimeet_vishwaniketan_edu_in/EdwwVvAts4dKt6Nv9YpYau8B80z_nuG6a5Cw77yQVB3BmA?e=eelgI7
Result SE (COMPUTER Engg. R-2019)_Sem-IV_ Regular_'C' Scheme_CBCS_May-2024,2024-08-08T02:42:00-07:00,https://vishwaniketanexam.blogspot.com/2024/08/result-se-computer-engg-r-2019sem-iv.html,https://vishwaniketaneduin-my.sharepoint.com/:b:/g/personal/exam_vimeet_vishwaniketan_edu_in/Echc9B9o9aRLmjqpUSirKbABjiK4XMtjN-RUDLqJS7RnuQ?e=PH59eR
Result SE (COMPUTER Engg. R-2019)_Sem-IV_ ATKT_'C' Scheme_CBCS_May-2024,2024-08-08T02:40:00-07:00,https://vishwaniketanexam.blogspot.com/2024/08/result-se-computer-engg-r-2019sem-iv_8.html,https://vishwaniketaneduin-my.sharepoint.com/:b:/g/personal/exam_vimeet_vishwaniketan_edu_in/ESHSp1UIZwtMkAg1GDHa1BABO9RR1H3e2gPXSVDASMVvYw?e=9VjyFy
Result SE (COMPUTER Engg. R-2019)_Sem-III_ ATKT_'C' Scheme_CBCS_May-2024,2024-08-08T02:39:00-07:00,https://vishwaniketanexam.blogspot.com/2024/08/result-se-computer-engg-r-2019sem-iii.html,https://vishwaniketaneduin-my.sharepoint.com/:b:/g/personal/exam_vimeet_vishwaniketan_edu_in/EUUCKJw-kcFAkslSiGT1zzQBTZfH-LgoeeorMkfsS-TSHw?e=Ee8eaR
B.E.(with credits) - Regular - CBCS(CSE(AI & ML) Engineering_lot 2)- B.E. C-Scheme - Sem VII Examination: Winter Session 2023,2024-06-25T00:46:00-07:00,https://vishwaniketanexam.blogspot.com/2024/06/bewith-credits-regular-cbcscseai-ml_25.html,https://vishwaniketaneduin-my.sharepoint.com/:b:/g/personal/exam_vimeet_vishwaniketan_edu_in/EeR1mb_xRQVGvk2Wn9PzB0gBcIXU9QhAsz8SLc1qBa_I6w?e=Gm4hfJ
B.E.(with credits) - Regular - CBCS(CSE(AI & ML) Engineering_lot 1)- B.E. C-Scheme - Sem VII Examination: Winter Session 2023,2024-06-25T00:45:00-07:00,https://vishwaniketanexam.blogspot.com/2024/06/bewith-credits-regular-cbcscseai-ml.html,https://vishwaniketaneduin-my.sharepoint.com/:b:/g/personal/exam_vimeet_vishwaniketan_edu_in/EWrHyHbYkdpDkRjoXT-SFmcBvGVnOhhBzfC5ebG3JMx-DQ?e=kts4Lj
B.E.(with credits) - Regular - CBCS(ELECTRICAL Engineering)- B.E. C-Scheme - Sem VII Examination: Winter Session 2023,2024-06-25T00:43:00-07:00,https://vishwaniketanexam.blogspot.com/2024/06/bewith-credits-regular-cbcselectrical.html,https://vishwaniketaneduin-my.sharepoint.com/:b:/g/personal/exam_vimeet_vishwaniketan_edu_in/EficTfZo1k9Ho4dBC0eGBFEBAR6VOIs8wtDzQ4UKe9v6VA?e=AgYgjW
B.E.(with credits) - Regular - CBCS(EXTC Engineering)- B.E. C-Scheme - Sem VII Examination: Winter Session 2023,2024-06-25T00:41:00-07:00,https://vishwaniketanexam.blogspot.com/2024/06/bewith-credits-regular-cbcsextc.html,https://vishwaniketaneduin-my.sharepoint.com/:b:/g/personal/exam_vimeet_vishwaniketan_edu_in/EXpx72jcEkNEq3uvFuun3lIB2HIzRQWvAmbLaDQD8dfg8A?e=hcS8fm
REVALUATION_B.E.(with credits) - Regular - CBCS(COMPUTER Engineering)- B.E. C-Scheme - Sem VII Examination: Winter Session 2023 ,2024-06-24T23:33:00-07:00,https://vishwaniketanexam.blogspot.com/2024/06/revaluationbewith-credits-regular_91.html,https://vishwaniketaneduin-my.sharepoint.com/:b:/g/personal/exam_vimeet_vishwaniketan_edu_in/EduSRp5vXBtAiDYwC99cNDkB17Dz8UA-A1gzj7n6AuxaCA?e=dEelHz
REVALUATION_B.E.(with credits) - Regular - CBCS(MECHANICAL Engineering)- B.E. C-Scheme - Sem VII Examination: Winter Session 2023 ,2024-06-24T23:32:00-07:00,https://vishwaniketanexam.blogspot.com/2024/06/revaluationbewith-credits-regular_23.html,https://vishwaniketaneduin-my.sharepoint.com/:b:/g/personal/exam_vimeet_vishwaniketan_edu_in/EQ2Y0GYXs3ZDv0dDpW0eGrMBPiuN188vX5YYExPNU_8QVQ?e=8GfNbW
REVALUATION_B.E.(with credits) - Regular - CBCS(CIVIL Engineering)- B.E. C-Scheme - Sem VII Examination: Winter Session 2023 ,2024-06-24T23:31:00-07:00,https://vishwaniketanexam.blogspot.com/2024/06/revaluationbewith-credits-regular_24.html,https://vishwaniketaneduin-my.sharepoint.com/:b:/g/personal/exam_vimeet_vishwaniketan_edu_in/Eeq_JDIIQPNKmR2v4TRz2SMBe9AY5a87o63zBXwaZHIz-g?e=VHXBFK
REVALUATION_B.E.(with credits) - Regular - CBCS(ELETRICAL Engineering)- B.E. C-Scheme - Sem VII Examination: Winter Session 2023 ,2024-06-24T23:30:00-07:00,https://vishwaniketanexam.blogspot.com/2024/06/revaluationbewith-credits-regular.html,https://vishwaniketaneduin-my.sharepoint.com/:b:/g/personal/exam_vimeet_vishwaniketan_edu_in/EXn0GEH6fOZAgxlRsfvfb5gBA32SWF4vBHJ74pr_wMb9Fg?e=1Spyzi
Result Honours Degree (Electrical Vehicle)_Electrical_Sem-VII_'C' Scheme_CBCS_Dec-2023,2024-05-30T04:22:00-07:00,https://vishwaniketanexam.blogspot.com/2024/05/result-honours-degree-electrical.html,https://vishwaniketaneduin-my.sharepoint.com/:b:/g/personal/exam_vimeet_vishwaniketan_edu_in/ERhKHw5pck5EoRtUxCbda-wBWIYJ5bXdscGxHpDg-z4D-g?e=mEEMw2
Result Honours Degree (Data Science)_Computer_Sem-VII_'C' Scheme_CBCS_Dec-2023,2024-05-30T04:19:00-07:00,https://vishwaniketanexam.blogspot.com/2024/05/result-honours-degree-data.html,https://vishwaniketaneduin-my.sharepoint.com/:b:/g/personal/exam_vimeet_vishwaniketan_edu_in/EXQR0yXjJXJPhiDFyUFx3_kBHnEXgr-B-r_Vhx_RywWzsA?e=SaaFqg
Result Honours Degree (Data Science)_CSE(AI & ML)_Sem-VII_'C' Scheme_CBCS_Dec-2023,2024-05-30T04:17:00-07:00,https://vishwaniketanexam.blogspot.com/2024/05/result-honours-degree-data-sciencecseai.html,https://vishwaniketaneduin-my.sharepoint.com/:b:/g/personal/exam_vimeet_vishwaniketan_edu_in/EV5O5gYDZf9Jgwd8YzPIPesBxUVYnuIcz2083277xOomUg?e=hUqe66
Result Honours Degree (Block Chain)_CSE(AI & ML)_Sem-VII_'C' Scheme_CBCS_Dec-2023,2024-05-30T03:47:00-07:00,https://vishwaniketanexam.blogspot.com/2024/05/result-honours-degree-block-chaincseai_30.html,https://vishwaniketaneduin-my.sharepoint.com/:b:/g/personal/exam_vimeet_vishwaniketan_edu_in/EfddRyCBCetKnYDRB_ty1GYBNeZbFA0F2GbmvL-iiGPb-A?e=KqDBcV
Result Honours Degree (Block Chain)_Computer_Sem-VII_'C' Scheme_CBCS_Dec-2023,2024-05-30T03:46:00-07:00,https://vishwaniketanexam.blogspot.com/2024/05/result-honours-degree-block-chaincseai.html,https://vishwaniketaneduin-my.sharepoint.com/:b:/g/personal/exam_vimeet_vishwaniketan_edu_in/ESreHdH-gpdMkvKtx-MuF1IBL42kxK9T-4hN5Ju8ehpToQ?e=WPDNMi
Result Honours Degree (AI & ML)_Computer_Sem-VII_'C' Scheme_CBCS_Dec-2023,2024-05-30T03:44:00-07:00,https://vishwaniketanexam.blogspot.com/2024/05/result-honours-degree-ai-mlcomputersem.html,https://vishwaniketaneduin-my.sharepoint.com/:b:/g/personal/exam_vimeet_vishwaniketan_edu_in/EanllwTZq4tAuEpiQSYEYkUBqhMWYbN4j4nHdXXWmk3O4g?e=29FHqv
Result Honours Degree (AI & ML)_EXTC_Sem-VII_'C' Scheme_CBCS_Dec-2023,2024-05-30T03:38:00-07:00,https://vishwaniketanexam.blogspot.com/2024/05/result-honours-degree-ai-mlextcsem-viic.html,https://vishwaniketaneduin-my.sharepoint.com/:b:/g/personal/exam_vimeet_vishwaniketan_edu_in/Eb9oyVzK1rFMuUjEc1VUmgUBjFCsoDYpYc4tPPR-QbR4AA?e=xJmpHI
Improtant Notice for Choice based Students (Equivalent Alternate Subjects of Rev-2016 to Rev-2019 C  Scheme Syllabus),2024-05-14T04:51:00-07:00,https://vishwaniketanexam.blogspot.com/2024/05/improtant-notice-for-choice-based.html,https://vishwaniketaneduin-my.sharepoint.com/:b:/g/personal/exam_vimeet_vishwaniketan_edu_in/EVcTzWJmzttFl53-hv7dfLIBLtHa-If8dEc5sCKkAfKaQA?e=Nrjkd1
Revaluation Gazette_Computer Engg._SE SEM III (C Scheme)_Regular & KT_DEC 2023 Examination,2024-04-28T23:07:00-07:00,https://vishwaniketanexam.blogspot.com/2024/04/revaluation-gazettecomputer-enggse-sem.html,https://vishwaniketaneduin-my.sharepoint.com/:b:/g/personal/exam_vimeet_vishwaniketan_edu_in/EcJ0Fk9cKhZPpwwWtUK2cBkB8B7ksdClmzvPkBjx3PiCZw?e=CVC8Ik
Revaluation Gazette_CSE(AI & ML) Engg._TE SEM V (C Scheme)_Regular & KT_DEC 2023 Examination,2024-04-26T00:53:00-07:00,https://vishwaniketanexam.blogspot.com/2024/04/revaluation-gazettecseai-ml-enggte-sem.html,https://vishwaniketaneduin-my.sharepoint.com/:b:/g/personal/exam_vimeet_vishwaniketan_edu_in/Ef6vauO3Ln9Ll-AUxZfAd_IB7AeR8IS8Psoa6c6Tczx20w?e=Z4L86m
Revaluation Gazette_CSE(AI & ML) Engg._SE SEM IV (C Scheme)_KT_DEC 2023 Examination,2024-04-26T00:50:00-07:00,https://vishwaniketanexam.blogspot.com/2024/04/revaluation-gazettecseai-ml-enggse-sem_26.html,https://vishwaniketaneduin-my.sharepoint.com/:b:/g/personal/exam_vimeet_vishwaniketan_edu_in/EcoSmo3Gb7dCu7lzsIdO-OABNPI2ZixSMUROjvo0OMLvYw?e=JksnLw
Revaluation Gazette_CSE(AI & ML) Engg._SE SEM III (C Scheme)_Regular & KT_DEC 2023 Examination,2024-04-26T00:48:00-07:00,https://vishwaniketanexam.blogspot.com/2024/04/revaluation-gazettecseai-ml-enggse-sem.html,https://vishwaniketaneduin-my.sharepoint.com/:b:/g/personal/exam_vimeet_vishwaniketan_edu_in/EdQLRRnfGDRHtJdB2Z6MGt4BeV7wYpmptA-p6OjTXu7WMQ?e=Ff0Sxd
Revaluation Gazette_CIVIL Engg. SE SEM IV (C Scheme)_ KT_DEC 2023 Examination,2024-04-25T23:48:00-07:00,https://vishwaniketanexam.blogspot.com/2024/04/revaluation-gazettecivil-engg-se-sem-iv.html,https://vishwaniketaneduin-my.sharepoint.com/:b:/g/personal/exam_vimeet_vishwaniketan_edu_in/EXZVXxkI_WVAkwG4pLWPlWgBysRGFOckh70C8tcuVAjTmA?e=tOnwUE
Revaluation Gazette_CIVIL Engg. TE SEM VI (C Scheme)_ KT_DEC 2023 Examination,2024-04-25T23:47:00-07:00,https://vishwaniketanexam.blogspot.com/2024/04/revaluation-gazettecivil-engg-te-sem-vi.html,https://vishwaniketaneduin-my.sharepoint.com/:b:/g/personal/exam_vimeet_vishwaniketan_edu_in/EUtC0Y_AU5ZHkB4llv8naZwBLZPBjZg4Msus1fP4LKGTwQ?e=dZbBQ5
Revaluation Gazette_CIVIL Engg. TE SEM V (C Scheme)_Regular & KT_DEC 2023 Examination,2024-04-25T23:45:00-07:00,https://vishwaniketanexam.blogspot.com/2024/04/revaluation-gazettecivil-engg-te-sem-v.html,https://vishwaniketaneduin-my.sharepoint.com/:b:/g/personal/exam_vimeet_vishwaniketan_edu_in/ETJlj0jjWNFImbVEX__uXngBbu_XIlWVVSNafq7iU27SnA?e=NnUz3Z
Revaluation Gazette_CIVIL Engg. SE SEM III (C Scheme)_Regular & KT_DEC 2023 Examination,2024-04-25T23:44:00-07:00,https://vishwaniketanexam.blogspot.com/2024/04/revaluation-gazettecivil-engg-se-sem.html,https://vishwaniketaneduin-my.sharepoint.com/:b:/g/personal/exam_vimeet_vishwaniketan_edu_in/EX34ufsxnrpLpR2idVuiBnMBcAwkOv6C5eB-9JcUN2t6wA?e=qu9opy
Revaluation Gazette_Computer Engg. TE SEM V (C Scheme)_ Regular & KT_DEC 2023 Examination ,2024-04-24T00:03:00-07:00,https://vishwaniketanexam.blogspot.com/2024/04/revaluation-gazettecomputer-engg-te-sem_24.html,https://vishwaniketaneduin-my.sharepoint.com/:b:/g/personal/exam_vimeet_vishwaniketan_edu_in/EcdxRbYtrrVBluV1a4fcnWYBrUU8cbKX-2jY6MZKj1KzOw?e=TZG1HI
Revaluation Gazette_Computer Engg. TE SEM VI (C Scheme)_ KT_DEC 2023 Examination ,2024-04-24T00:02:00-07:00,https://vishwaniketanexam.blogspot.com/2024/04/revaluation-gazettecomputer-engg-te-sem.html,https://vishwaniketaneduin-my.sharepoint.com/:b:/g/personal/exam_vimeet_vishwaniketan_edu_in/EVg08TZFKTdCryfy3H6WsGYBp7RhJsjwZSjbFva5yAn-NQ?e=La4ULL
Revaluation Gazette_Computer Engg. SE SEM IV (C Scheme)_ KT_DEC 2023 Examination ,2024-04-24T00:01:00-07:00,https://vishwaniketanexam.blogspot.com/2024/04/revaluation-gazettecomputer-engg-se-sem.html,https://vishwaniketaneduin-my.sharepoint.com/:b:/g/personal/exam_vimeet_vishwaniketan_edu_in/EcoDBAKVHzhCnMrMt8oaHIgBeuvHbAlHLCi_14u1ERZemw?e=2VWE6N
Revaluation Gazette_EXTC Engg. SE SEM IV (C Scheme)_ KT_DEC 2023 Examination ,2024-04-23T23:59:00-07:00,https://vishwaniketanexam.blogspot.com/2024/04/revaluation-gazetteextc-engg-se-sem-iv.html,https://vishwaniketaneduin-my.sharepoint.com/:b:/g/personal/exam_vimeet_vishwaniketan_edu_in/EUeICy7ECgNPhsRggd-c7IYB_pU3BiPDO50NlKQQCw87ww?e=G95xtx
Revaluation Gazette_EXTC Engg. SE SEM III (C Scheme)_Regular & KT_DEC 2023 Examination ,2024-04-23T23:57:00-07:00,https://vishwaniketanexam.blogspot.com/2024/04/revaluation-gazetteextc-engg-se-sem-iii.html,https://vishwaniketaneduin-my.sharepoint.com/:b:/g/personal/exam_vimeet_vishwaniketan_edu_in/EQCymd7OJjlMmGC5pEwOLKEB5I-qvqpdLBNWUaV3ro4SMg?e=LZccpJ
Revaluation Gazette_Electrical Engg. TE SEM VI (C Scheme)_ATKT_DEC 2023 Examination,2024-04-20T03:33:00-07:00,https://vishwaniketanexam.blogspot.com/2024/04/revaluation-gazetteelectrical-engg-te.html,https://vishwaniketaneduin-my.sharepoint.com/:b:/g/personal/exam_vimeet_vishwaniketan_edu_in/EZY6kaQq_ItIlw_T5m2tY-wBbyCTYYT5rLoYv3V9xFtuHg?e=pngh0U
Revaluation Gazette_Electrical Engg. SE SEM IV (C Scheme)_ATKT_DEC 2023 Examination,2024-04-20T03:31:00-07:00,https://vishwaniketanexam.blogspot.com/2024/04/revaluation-gazetteelectrical-engg-se_3.html,https://vishwaniketaneduin-my.sharepoint.com/:b:/g/personal/exam_vimeet_vishwaniketan_edu_in/EZF9GtM1R79LsuM6aQOKreUBQZuggY4OGuW2z2mbj7BwJg?e=raeFbY
Revaluation Gazette_Electrical Engg. TE SEM V (C Scheme)_Regular & KT_DEC 2023 Examination ,2024-04-20T03:30:00-07:00,https://vishwaniketanexam.blogspot.com/2024/04/revaluation-gazetteelectrical-engg-se_20.html,https://vishwaniketaneduin-my.sharepoint.com/:b:/g/personal/exam_vimeet_vishwaniketan_edu_in/ETY85LVIYe5Bh7841hgv2GgByeNDAXNgbls4FtrRQ5YZfw?e=hHpdrM
Revaluation Gazette_Electrical Engg. SE SEM III (C Scheme)_Regular & KT_DEC 2023 Examination ,2024-04-20T03:29:00-07:00,https://vishwaniketanexam.blogspot.com/2024/04/revaluation-gazetteelectrical-engg-se.html,https://vishwaniketaneduin-my.sharepoint.com/:b:/g/personal/exam_vimeet_vishwaniketan_edu_in/EVgm8JQHYZpOoPk9k4uatFEBh1AZMOg0vS5-m5ldtmhpUA?e=Qbg8Qy
Revaluation Gazette_Mechanical Engg. TE SEM VI (C Scheme)_ATKT_DEC 2023 Examination,2024-04-20T01:34:00-07:00,https://vishwaniketanexam.blogspot.com/2024/04/revaluation-gazettemechanical-engg-te_20.html,https://vishwaniketaneduin-my.sharepoint.com/:b:/g/personal/exam_vimeet_vishwaniketan_edu_in/EQ-9yFRXzQ1Bj5VdjQu7lv4BvZtl8L3G2uZ0Z4afOCZbWg?e=dShXb9
Revaluation Gazette_Mechanical Engg. SE SEM IV (C Scheme)_ATKT_DEC 2023 Examination,2024-04-20T01:32:00-07:00,https://vishwaniketanexam.blogspot.com/2024/04/revaluation-gazettemechanical-engg-se_20.html,https://vishwaniketaneduin-my.sharepoint.com/:b:/g/personal/exam_vimeet_vishwaniketan_edu_in/Ed_YPcsjVPpJosgU2BaHIdcBWnXR4z6HWtxy7dN8784grQ?e=Dy7ol3
Revaluation Gazette_Mechanical Engg. TE SEM V (C Scheme)_Regular & KT_DEC 2023 Examination,2024-04-20T01:31:00-07:00,https://vishwaniketanexam.blogspot.com/2024/04/revaluation-gazettemechanical-engg-te.html,https://vishwaniketaneduin-my.sharepoint.com/:b:/g/personal/exam_vimeet_vishwaniketan_edu_in/ERBy4jsztxpAjhgxuUTVZZkBmJlSX6kF_fuSdykxHsZHSg?e=sFBhyu
Revaluation Gazette_Mechanical Engg. SE SEM III (C Scheme)_Regular & KT_DEC 2023 Examination ,2024-04-20T01:30:00-07:00,https://vishwaniketanexam.blogspot.com/2024/04/revaluation-gazettemechanical-engg-se.html,https://vishwaniketaneduin-my.sharepoint.com/:b:/g/personal/exam_vimeet_vishwaniketan_edu_in/EdpK-7n42rFDg3NmLYI_53gB8fq0DUR3Aoanne5DZ4TTeg?e=bAvjo1
Result TE (Civil Engg. R-2019)_Sem-VI_ ATKT_'C' Scheme_CBCS_Dec-2023,2024-04-08T03:26:00-07:00,https://vishwaniketanexam.blogspot.com/2024/04/result-te-civil-engg-r-2019sem-vi-atktc.html,https://vishwaniketaneduin-my.sharepoint.com/:b:/g/personal/exam_vimeet_vishwaniketan_edu_in/EWpr-nm-ARBMiJzGp2lpMK0BIToeyuMWtxI-Kg6tn8VI4A?e=ZJwPGc
Result TE (Civil Engg. R-2019)_Sem-V_Regular and ATKT_'C' Scheme_CBCS_Dec-2023,2024-04-08T03:25:00-07:00,https://vishwaniketanexam.blogspot.com/2024/04/result-te-civil-engg-r-2019sem-vregular.html,https://vishwaniketaneduin-my.sharepoint.com/:b:/g/personal/exam_vimeet_vishwaniketan_edu_in/EQWNn8xEpX5ImlqQdvsaKkgByWQRYiEBVHoJrYEZwPUoDw?e=AHdPhl
Result SE (Civil Engg. R-2019)_Sem-IV_ ATKT_'C' Scheme_CBCS_Dec-2023,2024-04-08T03:07:00-07:00,https://vishwaniketanexam.blogspot.com/2024/04/result-se-civil-engg-r-2019sem-iv-atktc.html,https://vishwaniketaneduin-my.sharepoint.com/:b:/g/personal/exam_vimeet_vishwaniketan_edu_in/EXWiMjJb2uFJo5CgC8rwImEBoQqnHKRkNkwWTD-iUr8ZZQ?e=yiW8tl
Result SE (Civil Engg. R-2019)_Sem-III_Regular and ATKT_'C' Scheme_CBCS_Dec-2023,2024-04-08T03:05:00-07:00,https://vishwaniketanexam.blogspot.com/2024/04/result-se-civil-engg-r-2019sem.html,https://vishwaniketaneduin-my.sharepoint.com/:b:/g/personal/exam_vimeet_vishwaniketan_edu_in/EVPDfsUJBFJEvaXAkSYEsI0Be4H0EGHJwUrb9z75EpE4pg?e=rhUa5t
Revaluation / Photocopy online link,2024-03-12T22:02:00-07:00,https://vishwaniketanexam.blogspot.com/2024/03/revaluation-photocopy-online-link.html,https://uomrpcf.osdes.in/Content/StudentRV.aspx
Result TE (Mechanical Engg. R-2019)_Sem-VI_  ATKT_'C' Scheme_CBCS_Dec-2023,2024-03-05T03:45:00-08:00,https://vishwaniketanexam.blogspot.com/2024/03/result-te-mechanical-engg-r-2019sem-vi.html,https://vishwaniketaneduin-my.sharepoint.com/:b:/g/personal/exam_vimeet_vishwaniketan_edu_in/EUILv2er9lxFhmnjYNcAFEkBvjmMdxmjm2yhv1jGxFKlow?e=45BLtg
Result TE (Mechanical Engg. R-2019)_Sem-V_ Regular and ATKT_'C' Scheme_CBCS_Dec-2023,2024-03-05T03:44:00-08:00,https://vishwaniketanexam.blogspot.com/2024/03/result-te-mechanical-engg-r-2019sem-v.html,https://vishwaniketaneduin-my.sharepoint.com/:b:/g/personal/exam_vimeet_vishwaniketan_edu_in/EeA0sB8cKC9DprVyZbST7u0BmCrkR809XH4pOLZ5puNJmA?e=RCUbeh
Result SE (Mechanical Engg. R-2019)_Sem-IV_ ATKT_'C' Scheme_CBCS_Dec-2023,2024-03-05T03:42:00-08:00,https://vishwaniketanexam.blogspot.com/2024/03/result-se-mechanical-engg-r-2019sem-iv.html,https://vishwaniketaneduin-my.sharepoint.com/:b:/g/personal/exam_vimeet_vishwaniketan_edu_in/ETArXqsEV0lLnMCeIqbgOOgBo-df0HEBHMfUBIDEo0fITw?e=G6Q1Hz
Result SE (Mechanical Engg. R-2019)_Sem-III_Regular and ATKT_'C' Scheme_CBCS_Dec-2023,2024-03-05T03:41:00-08:00,https://vishwaniketanexam.blogspot.com/2024/03/result-se-mechanical-engg-r-2019sem.html,https://vishwaniketaneduin-my.sharepoint.com/:b:/g/personal/exam_vimeet_vishwaniketan_edu_in/EZTkxPdUMPpIlYT998hFv8YB2LapRDSYOtQ0tZsazIY1ZQ?e=ho1A55
Result TE (Electrical Engg. R-2019)_Sem-V_Regular & ATKT_'C' Scheme_CBCS_Dec-2023,2024-02-14T22:15:00-08:00,https://vishwaniketanexam.blogspot.com/2024/02/result-te-electrical-engg-r-2019sem_14.html,https://vishwaniketaneduin-my.sharepoint.com/:b:/g/personal/exam_vimeet_vishwaniketan_edu_in/EciYkyLg9OBEgmZLJWkhALsBTeuIGN3itRR5CeCI_DguQg?e=moj406
Result TE (Electrical Engg. R-2019)_Sem-VI_ATKT_'C' Scheme_CBCS_Dec-2023,2024-02-14T22:14:00-08:00,https://vishwaniketanexam.blogspot.com/2024/02/result-te-electrical-engg-r-2019sem.html,https://vishwaniketaneduin-my.sharepoint.com/:b:/g/personal/exam_vimeet_vishwaniketan_edu_in/EdX4-W7cYFlMrdx9JnSWLZUBDbBG44napNcQyjv56mKMCA?e=YL0kw7
Result SE (Electrical Engg. R-2019)_Sem-IV_ATKT_'C' Scheme_CBCS_Dec-2023,2024-02-14T22:13:00-08:00,https://vishwaniketanexam.blogspot.com/2024/02/result-se-electrical-engg-r-2019sem_14.html,https://vishwaniketaneduin-my.sharepoint.com/:b:/g/personal/exam_vimeet_vishwaniketan_edu_in/EYcZJtHUvgVJvg48NpS4YnEBemr7zd-Z3wuiKRV6Dv6dyQ?e=Fbx6zw
Result SE (Electrical Engg. R-2019)_Sem-III_Regular and ATKT_'C' Scheme_CBCS_Dec-2023,2024-02-14T22:12:00-08:00,https://vishwaniketanexam.blogspot.com/2024/02/result-se-electrical-engg-r-2019sem.html,https://vishwaniketaneduin-my.sharepoint.com/:b:/g/personal/exam_vimeet_vishwaniketan_edu_in/EVZUTvEc8nNCsRTh-PSGIMkB3axOaHfwfbt6tFEjLofGfg?e=yg8xuo
Result Honours Degree (Data Science)_EXTC_Sem-V_'C' Scheme_CBCS_Dec-2023,2024-02-14T22:03:00-08:00,https://vishwaniketanexam.blogspot.com/2024/02/result-honours-degree-data_14.html,https://vishwaniketaneduin-my.sharepoint.com/:b:/g/personal/exam_vimeet_vishwaniketan_edu_in/Ef5xp3FpkxNJk0rc0ZqZXq0B6qiAAQGg1obM6Cs1dGZIEg?e=AUFfDX
Result TE (EXTC Engg. R-2019)_Sem-VI_ATKT_'C' Scheme_CBCS_Dec-2023,2024-02-14T22:02:00-08:00,https://vishwaniketanexam.blogspot.com/2024/02/result-te-extc-engg-r-2019sem-viatktc.html,https://vishwaniketaneduin-my.sharepoint.com/:b:/g/personal/exam_vimeet_vishwaniketan_edu_in/Ea9z9udTk35Lil78uW190dgBHnVWVmoxbvNVgT3jopXEkg?e=8DU89f
Result TE (EXTC Engg. R-2019)_Sem-V_Regular & ATKT_'C' Scheme_CBCS_Dec-2023,2024-02-14T22:01:00-08:00,https://vishwaniketanexam.blogspot.com/2024/02/result-te-extc-engg-r-2019sem-vregular.html,https://vishwaniketaneduin-my.sharepoint.com/:b:/g/personal/exam_vimeet_vishwaniketan_edu_in/EdrY1Ap8-E1Bta8N0KU5Y0gBwhsY-EROHRkb9rpMbdA08g?e=YrVBnI
Result SE (EXTC Engg. R-2019)_Sem-IV_ATKT_'C' Scheme_CBCS_Dec-2023,2024-02-14T21:59:00-08:00,https://vishwaniketanexam.blogspot.com/2024/02/result-se-extc-engg-r-2019sem-ivatktc.html,https://vishwaniketaneduin-my.sharepoint.com/:b:/g/personal/exam_vimeet_vishwaniketan_edu_in/EfSFgb__U4xGpQOMayXZ7xoBcamVAWmhhLVcO8bfTOYD9g?e=uMJHXN
Result SE (EXTC Engg. R-2019)_Sem-III_Regular and ATKT_'C' Scheme_CBCS_Dec-2023,2024-02-14T21:58:00-08:00,https://vishwaniketanexam.blogspot.com/2024/02/result-se-extc-engg-r-2019sem.html,https://vishwaniketaneduin-my.sharepoint.com/:b:/g/personal/exam_vimeet_vishwaniketan_edu_in/ES4mOU3_kCZIoxXd2wQMyTMB8s4JTyI9jNrCWuI0EZdxjg?e=29aeui
Result Honours Degree (Block Chain)_CSE (AI & ML)_Sem-V_'C' Scheme_CBCS_Dec-2023,2024-02-14T21:36:00-08:00,https://vishwaniketanexam.blogspot.com/2024/02/result-honours-degree-block-chaincse-ai.html,https://vishwaniketaneduin-my.sharepoint.com/:b:/g/personal/exam_vimeet_vishwaniketan_edu_in/EWhDPPp6cn9HtHtcvNQ3y0cBNahtf071d3Zrzsaft-tP5w?e=OOBZXw
Result Honours Degree (Data Science)_CSE (AI & ML)_Sem-V_'C' Scheme_CBCS_Dec-2023,2024-02-14T21:35:00-08:00,https://vishwaniketanexam.blogspot.com/2024/02/result-honours-degree-data-sciencecse.html,https://vishwaniketaneduin-my.sharepoint.com/:b:/g/personal/exam_vimeet_vishwaniketan_edu_in/EbGnTiglu0xKoaWEOdYdoeMBvDH0BeLBVWL93N5RWu3ElQ?e=XpiHty
Result TE (CSE (AI & ML) Engg. R-2019)_Sem-VI_ ATKT_'C' Scheme_CBCS_Dec-2023,2024-02-14T21:34:00-08:00,https://vishwaniketanexam.blogspot.com/2024/02/result-te-cse-ai-ml-engg-r-2019sem-vi.html,https://vishwaniketaneduin-my.sharepoint.com/:b:/g/personal/exam_vimeet_vishwaniketan_edu_in/EXF5MQWDdZ5KjtKyNPa-D6UB3WfCj66tntJ_rAcqJkt8Pg?e=5VIjgg
Result TE (CSE (AI & ML) Engg. R-2019)_Sem-V_ Regular & ATKT_'C' Scheme_CBCS_Dec-2023,2024-02-14T21:33:00-08:00,https://vishwaniketanexam.blogspot.com/2024/02/result-te-cse-ai-ml-engg-r-2019sem-v.html,https://vishwaniketaneduin-my.sharepoint.com/:b:/g/personal/exam_vimeet_vishwaniketan_edu_in/EYhyvM9ChaVCqcLufcRnOPcBJvzAByZqFoBqduY-fmNMzw?e=k9c9TR
Result SE (CSE (AI & ML) Engg. R-2019)_Sem-IV_ATKT_'C' Scheme_CBCS_Dec-2023,2024-02-14T21:32:00-08:00,https://vishwaniketanexam.blogspot.com/2024/02/result-se-cse-ai-ml-engg-r-2019sem_14.html,https://vishwaniketaneduin-my.sharepoint.com/:b:/g/personal/exam_vimeet_vishwaniketan_edu_in/EXV7cpwqTlhBma1P2pEuZCAB69iyCWXouP7FVDOFE5pHCg?e=dUG4ZZ
Result SE (CSE (AI & ML) Engg. R-2019)_Sem-III_Regular and ATKT_'C' Scheme_CBCS_Dec-2023,2024-02-14T21:30:00-08:00,https://vishwaniketanexam.blogspot.com/2024/02/result-se-cse-ai-ml-engg-r-2019sem.html,https://vishwaniketaneduin-my.sharepoint.com/:b:/g/personal/exam_vimeet_vishwaniketan_edu_in/EflxymrIYwpOikggQY-enFQBjDNHPS25-MmnU-qVTLOG7w?e=eufYXk
Result Honours Degree (Data Science)_Computer_Sem-V_'C' Scheme_CBCS_Dec-2023,2024-02-13T21:30:00-08:00,https://vishwaniketanexam.blogspot.com/2024/02/result-honours-degree-data.html,https://vishwaniketaneduin-my.sharepoint.com/:b:/g/personal/exam_vimeet_vishwaniketan_edu_in/Ec_ABQXKzGxFrog1pDfyuFoBLbldi1GPnxGR_DUszYALFw?e=fRX9bS
Result Honours Degree (AI & ML)_Computer_Sem-V_'C' Scheme_CBCS_Dec-2023,2024-02-13T21:29:00-08:00,https://vishwaniketanexam.blogspot.com/2024/02/result-honours-degree-ai-mlcomputersem.html,https://vishwaniketaneduin-my.sharepoint.com/:b:/g/personal/exam_vimeet_vishwaniketan_edu_in/EeT1a7zfzFxKgxOZnFl2MVUBvVy0UM9AwSTA4BxkEWPWSQ?e=zrUd9i
Result TE (COMPUTER Engg. R-2019)_Sem-VI_ATKT_'C' Scheme_CBCS_Dec-2023,2024-02-13T21:20:00-08:00,https://vishwaniketanexam.blogspot.com/2024/02/result-te-computer-engg-r-2019sem_13.html,https://vishwaniketaneduin-my.sharepoint.com/:b:/g/personal/exam_vimeet_vishwaniketan_edu_in/EQLZIL0MTuRLqRdE9wQTnjsBshw44kdxxC3ZIjlH09yZ5g?e=ImUobW
Result TE (COMPUTER Engg. R-2019)_Sem-V_Regular and ATKT_'C' Scheme_CBCS_Dec-2023,2024-02-13T21:19:00-08:00,https://vishwaniketanexam.blogspot.com/2024/02/result-te-computer-engg-r-2019sem.html,https://vishwaniketaneduin-my.sharepoint.com/:b:/g/personal/exam_vimeet_vishwaniketan_edu_in/EZ4SjqNOf2pCgCJpM6WhKCwBGr7DxBJY86HFXZSRW0jEpA?e=mOaodV
Result SE (COMPUTER Engg. R-2019)_Sem-IV_ATKT_'C' Scheme_CBCS_Dec-2023,2024-02-13T21:18:00-08:00,https://vishwaniketanexam.blogspot.com/2024/02/result-se-computer-engg-r-2019sem_13.html,https://vishwaniketaneduin-my.sharepoint.com/:b:/g/personal/exam_vimeet_vishwaniketan_edu_in/EZE26fFCMCRHuv7F2HdSV-8BDTcbQIkSgXezkwBvuVI65w?e=Adcc0s
Result SE (COMPUTER Engg. R-2019)_Sem-III_Regular and ATKT_'C' Scheme_CBCS_Dec-2023,2024-02-13T21:17:00-08:00,https://vishwaniketanexam.blogspot.com/2024/02/result-se-computer-engg-r-2019sem.html,https://vishwaniketaneduin-my.sharepoint.com/:b:/g/personal/exam_vimeet_vishwaniketan_edu_in/EdX1wPbE3_xGvCB7Jy3f3EcBK7cqzgehWhBbZfulUs66pQ?e=7eHz8p
REVALUATION GAZETTE_B.E C-SCHEME SEM VII ExTC BRANCH WINTER SESSION 2022,2023-11-01T21:42:00.003000-07:00,https://vishwaniketanexam.blogspot.com/2023/11/revaluation-gazettebe-c-scheme-sem-vii_1.html,https://vishwaniketaneduin-my.sharepoint.com/:b:/g/personal/exam_vimeet_vishwaniketan_edu_in/EdmsvxL54OtMg1niy90TLLIBlmHXsjXAt_wdkDGGa_l0sw?e=SEGxNP
REVALUATION GAZETTE_B.E C-SCHEME SEM VII CIVIL BRANCH WINTER SESSION 2022,2023-11-01T21:41:00.001000-07:00,https://vishwaniketanexam.blogspot.com/2023/11/revaluation-gazettebe-c-scheme-sem-vii.html,https://vishwaniketaneduin-my.sharepoint.com/:b:/g/personal/exam_vimeet_vishwaniketan_edu_in/Ebra9gfjimJJrJOhcJD5NSkBAv3U22EbAdUYwimxS0SgMg?e=FiZw5F
REVALUATION GAZETTE_B.E C-SCHEME SEM VII COMPUTER BRANCH WINTER SESSION 2022,2023-10-19T00:44:00.004000-07:00,https://vishwaniketanexam.blogspot.com/2023/10/revaluation-gazettebe-c-scheme-sem-vii_19.html,https://vishwaniketaneduin-my.sharepoint.com/:b:/g/personal/exam_vimeet_vishwaniketan_edu_in/EWfJPUlFbRxJvfOrCoLbZikBYNfQUk90pyucvIrhEH6o3w?e=OneM5O
REVALUATION GAZETTE_B.E C-SCHEME SEM VII MECHNICAL BRANCH WINTER SESSION 2022,2023-10-19T00:43:00.003000-07:00,https://vishwaniketanexam.blogspot.com/2023/10/revaluation-gazettebe-c-scheme-sem-vii.html,https://vishwaniketaneduin-my.sharepoint.com/:b:/g/personal/exam_vimeet_vishwaniketan_edu_in/ERQ6q93DNFJPpFe35MIllPIB9JjDwFOeNZw1Qc0WViVdrA?e=kMLvx8
Revaluation Gazette_CSE (AI & ML) Engg. TE SEM VI (C Scheme)  May 2023 Examination ,2023-10-18T04:45:00.008000-07:00,https://vishwaniketanexam.blogspot.com/2023/10/revaluation-gazettecse-ai-ml-engg-te.html,https://vishwaniketaneduin-my.sharepoint.com/:b:/g/personal/exam_vimeet_vishwaniketan_edu_in/EfQ72_dTuYdGjlBOtrcCXQcBLJ5zfwwWcsHeZOx7D4vSHA?e=i2hs5V
Revaluation Gazette_CSE (AI & ML) Engg. SE SEM III (C Scheme)  May 2023 Examination ,2023-10-18T04:44:00.007000-07:00,https://vishwaniketanexam.blogspot.com/2023/10/revaluation-gazettecse-ai-ml-engg-se_18.html,https://vishwaniketaneduin-my.sharepoint.com/:b:/g/personal/exam_vimeet_vishwaniketan_edu_in/EYYlUuYbCbxKtI_K0Ne6XBsB3u1Y6dYyliZUJFChlQEegA?e=UriqJQ
Revaluation Gazette_CSE (AI & ML) Engg. SE SEM IV (C Scheme) Regular & ATKT  May 2023 Examination ,2023-10-18T04:43:00.005000-07:00,https://vishwaniketanexam.blogspot.com/2023/10/revaluation-gazettecse-ai-ml-engg-se.html,https://vishwaniketaneduin-my.sharepoint.com/:b:/g/personal/exam_vimeet_vishwaniketan_edu_in/ETCcmCP6fjFIpqhGeyeJ6gsB6t-VjR_iSjwT_VbT9P53yQ?e=4EQxOw
Revaluation Gazette_Computer Engg. TE SEM VI (C Scheme) Regular & ATKT  May 2023 Examination ,2023-10-18T04:42:00.002000-07:00,https://vishwaniketanexam.blogspot.com/2023/10/revaluation-gazettecomputer-engg-te-sem.html,https://vishwaniketaneduin-my.sharepoint.com/:b:/g/personal/exam_vimeet_vishwaniketan_edu_in/ET_YnSX3UGhNg6fnhDreRS8BB9df9_LcneNeLAgeMgY_7g?e=VyZbrd
Revaluation Gazette_Mechanical Engg. TE SEM VI (C Scheme) Regular & ATKT  May 2023 Examination ,2023-10-18T04:41:00.001000-07:00,https://vishwaniketanexam.blogspot.com/2023/10/revaluation-gazettemechanical-engg-te.html,https://vishwaniketaneduin-my.sharepoint.com/:b:/g/personal/exam_vimeet_vishwaniketan_edu_in/EfhI8UdC305Lr79WqJWqB8EBSEDDzcA7H2CB8HxMqhhqwA?e=aQbu2Y
Revaluation Gazette_Civil Engg. TE SEM V (C Scheme)   May 2023 Examination ,2023-10-18T04:39:00.002000-07:00,https://vishwaniketanexam.blogspot.com/2023/10/revaluation-gazettecivil-engg-te-sem-v.html,https://vishwaniketaneduin-my.sharepoint.com/:b:/g/personal/exam_vimeet_vishwaniketan_edu_in/EY_dZuhDo_JNh07vbmjmKmcBfBR_4uAfRxlAM4LxRDQeFw?e=oJ60Bt
Revaluation Gazette_Civil Engg. TE SEM VI (C Scheme) Regular & ATKT  May 2023 Examination ,2023-10-18T04:38:00.003000-07:00,https://vishwaniketanexam.blogspot.com/2023/10/revaluation-gazettecivil-engg-te-sem-vi.html,https://vishwaniketaneduin-my.sharepoint.com/:b:/g/personal/exam_vimeet_vishwaniketan_edu_in/EdK1bRhpbA1HmeX8N55AQ_8BSDpqkenUsZEJYE7Kro8Pug?e=McjBtH
Revaluation Gazette_Civil Engg. SE SEM IV (C Scheme) Regular & ATKT  May 2023 Examination ,2023-10-17T03:34:00.004000-07:00,https://vishwaniketanexam.blogspot.com/2023/10/revaluation-gazettecivil-engg-se-sem-iv.html,https://vishwaniketaneduin-my.sharepoint.com/:b:/g/personal/exam_vimeet_vishwaniketan_edu_in/ETsRToB1g1pIp1ja-zG0qbcBPGaldOQtuBFoFMiT1UyrJQ?e=CLYrMm
Revaluation Gazette_Civil Engg.SE SEM III (C Scheme)  May 2023 Examination ,2023-10-17T03:33:00.004000-07:00,https://vishwaniketanexam.blogspot.com/2023/10/revaluation-gazettecivil-enggse-sem-iii.html,https://vishwaniketaneduin-my.sharepoint.com/:b:/g/personal/exam_vimeet_vishwaniketan_edu_in/EStxXFAaugRHoUtpWgHtl_IBTbXiiDD2U4-Jawa4d294jA?e=x5S3gV
Revaluation Gazette_Computer Engg.TE SEM V (C Scheme)  May 2023 Examination ,2023-10-17T03:29:00.002000-07:00,https://vishwaniketanexam.blogspot.com/2023/10/revaluation-gazettecomputer-enggte-sem.html,https://vishwaniketaneduin-my.sharepoint.com/:b:/g/personal/exam_vimeet_vishwaniketan_edu_in/EV0b9Age5ZxNuXO9TXDEEMUBDszzmj5eKKWH7QjA5baaaw?e=R3RHuv
Revaluation Gazette_Computer Engg._SE SEM IV (C Scheme) Regular & ATKT May 2023 Examination ,2023-10-17T03:28:00.001000-07:00,https://vishwaniketanexam.blogspot.com/2023/10/revaluation-gazettecomputer-enggse-sem_17.html,https://vishwaniketaneduin-my.sharepoint.com/:b:/g/personal/exam_vimeet_vishwaniketan_edu_in/ER0291tdoSpNkEjng7HhMJMB1WLC1Nd-9W5_TRcV5vbQmA?e=moeddb
Revaluation Gazette_Computer Engg._SE SEM III (C Scheme) May 2023 Examination ,2023-10-17T03:26:00.003000-07:00,https://vishwaniketanexam.blogspot.com/2023/10/revaluation-gazettecomputer-enggse-sem.html,https://vishwaniketaneduin-my.sharepoint.com/:b:/g/personal/exam_vimeet_vishwaniketan_edu_in/Ef1522x-PjZJgxS5ylh3WCEBBP8q_Eg19AsyQTWPIBAYMw?e=X7lES3
Revaluation Gazette_ExTC Engg._SE SEM IV (C Scheme) Regular  May 2023 Examination ,2023-10-16T23:33:00.005000-07:00,https://vishwaniketanexam.blogspot.com/2023/10/revaluation-gazetteextc-enggse-sem-iv-c.html,https://vishwaniketaneduin-my.sharepoint.com/:b:/g/personal/exam_vimeet_vishwaniketan_edu_in/EZ60HvENgLdOiCKl1b-Thy8BKt0hfHFIFdC7fqD9ssKfJA?e=fd38iJ
Revaluation Gazette_Mechanical Engg._TE SEM V (C Scheme)  May 2023 Examination ,2023-10-16T23:08:00.003000-07:00,https://vishwaniketanexam.blogspot.com/2023/10/revaluation-gazettemechanical-enggte.html,https://vishwaniketaneduin-my.sharepoint.com/:b:/g/personal/exam_vimeet_vishwaniketan_edu_in/ERrgngKpQQpCok4DDYPkmw4BDDVDLS07zK46QE22HNp6lA?e=driMur
Revaluation Gazette_Mechanical Engg._SE SEM IV (C Scheme) Regular & ATKT May 2023 Examination ,2023-10-16T23:06:00.002000-07:00,https://vishwaniketanexam.blogspot.com/2023/10/revaluation-gazettemechanical-enggse_16.html,https://vishwaniketaneduin-my.sharepoint.com/:b:/g/personal/exam_vimeet_vishwaniketan_edu_in/EYsiEoJ2zH9DqA8dr22MTosB9Uppkk_S3uOEpIzxeZvS_g?e=Byby5d
Revaluation Gazette_Mechanical Engg._SE SEM III (C Scheme)  May 2023 Examination ,2023-10-16T23:04:00.001000-07:00,https://vishwaniketanexam.blogspot.com/2023/10/revaluation-gazettemechanical-enggse.html,https://vishwaniketaneduin-my.sharepoint.com/:b:/g/personal/exam_vimeet_vishwaniketan_edu_in/EV31nhO-HtxKk0v8pLr-HPgBwuuBqRaAlq4Na96W-eF9Vw?e=g04Scd
Revaluation Gazette_ExTC Engg._SE SEM III (C Scheme)  May 2023 Examination ,2023-10-04T04:40:00.006000-07:00,https://vishwaniketanexam.blogspot.com/2023/10/revaluation-gazetteextc-enggse-sem-iii.html,https://vishwaniketaneduin-my.sharepoint.com/:b:/g/personal/exam_vimeet_vishwaniketan_edu_in/EQtfwR6oCZVDmfiaP_0rIhwBDMV3W7o8bLDPvlRYkndlbw?e=q4qJQw
Revaluation Gazette_Electrical Engg._TE SEM VI (C Scheme) Regular & KT May 2023 Examination ,2023-10-04T04:39:00.005000-07:00,https://vishwaniketanexam.blogspot.com/2023/10/revaluation-gazetteelectrical-enggte_4.html,https://vishwaniketaneduin-my.sharepoint.com/:b:/g/personal/exam_vimeet_vishwaniketan_edu_in/EbJ2k_0BimhPhMmeq6_zTQsBYygONo2zlY78ZN6ZkmK2DQ?e=z23mvs
Revaluation Gazette_Electrical Engg._TE SEM V (C Scheme) May 2023 Examination ,2023-10-04T04:38:00.005000-07:00,https://vishwaniketanexam.blogspot.com/2023/10/revaluation-gazetteelectrical-enggte.html,https://vishwaniketaneduin-my.sharepoint.com/:b:/g/personal/exam_vimeet_vishwaniketan_edu_in/EQGR5XyLx-1CtCf6_fHnNhwBESkEWZOxTaJv_lmVqTTngQ?e=Uuyi1I
Revaluation Gazette_Electrical Engg._SE SEM IV (C Scheme) Regular & KT May 2023 Examination ,2023-10-04T04:37:00.004000-07:00,https://vishwaniketanexam.blogspot.com/2023/10/revaluation-gazetteelectrical-enggse_4.html,https://vishwaniketaneduin-my.sharepoint.com/:b:/g/personal/exam_vimeet_vishwaniketan_edu_in/Ecm-vVueo6FNizt30Gw_ibIBxBsc5jKrI62FX26_O9I3Cw?e=zHw4e6
Revaluation Gazette_Electrical Engg._SE SEM III (C Scheme) May 2023 Examination ,2023-10-04T04:36:00.003000-07:00,https://vishwaniketanexam.blogspot.com/2023/10/revaluation-gazetteelectrical-enggse.html,https://vishwaniketaneduin-my.sharepoint.com/:b:/g/personal/exam_vimeet_vishwaniketan_edu_in/EYbqU6uOVaBPgQECE8RuW8gB4EZ-eGoVMvQZqVAroEe0Bw?e=glmDFp
Result SE (CSE(AI & ML) Engg. R-2019)_Sem-V_ATKT_'C' Scheme_CBCS_May-2023,2023-09-10T22:15:00.005000-07:00,https://vishwaniketanexam.blogspot.com/2023/09/result-se-cseai-ml-engg-r-2019sem_72.html,https://vishwaniketaneduin-my.sharepoint.com/:b:/g/personal/exam_vimeet_vishwaniketan_edu_in/EYkw7VpYHrhGpLSM10IVTwwBuKdwWqnVlXGSdWmVHDTnxg?e=kgl0d0
Result SE (CSE(AI & ML) Engg. R-2019)_Sem-III_ATKT_'C' Scheme_CBCS_May-2023,2023-09-10T22:14:00.004000-07:00,https://vishwaniketanexam.blogspot.com/2023/09/result-se-cseai-ml-engg-r-2019sem_10.html,https://vishwaniketaneduin-my.sharepoint.com/:b:/g/personal/exam_vimeet_vishwaniketan_edu_in/ETsvdjpDGSNKlGaYWNBzC_4BOQdAanWTRUK6BLRfxHMEVg?e=x1f9Di
Result SE (CSE(AI & ML) Engg. R-2019)_Sem-IV_Regular & KT_'C' Scheme_CBCS_May-2023,2023-09-10T22:13:00.004000-07:00,https://vishwaniketanexam.blogspot.com/2023/09/result-se-cseai-ml-engg-r-2019sem.html,https://vishwaniketaneduin-my.sharepoint.com/:b:/g/personal/exam_vimeet_vishwaniketan_edu_in/EYPOyxy0NX1Bl-IUZLmosrYB1qFhSsmFoZXErFAVRgN9oA?e=m9o0ZQ
Result TE (Civil Engg. R-2019)_Sem-VI_Regular & KT_'C' Scheme_CBCS_May-2023,2023-09-10T22:04:00-07:00,https://vishwaniketanexam.blogspot.com/2023/09/result-te-civil-engg-r-2019sem.html,https://vishwaniketaneduin-my.sharepoint.com/:b:/g/personal/exam_vimeet_vishwaniketan_edu_in/EYxm2pw4a85LkeTi1vjnb0MBHydKVgHehSKgB2jD5j0z-Q?e=pc9Xqb
Result Honours Degree( Electrical Vehicle)_Electrical Engg._Sem-VI_'C' Scheme_CBCS_May-2023,2023-08-29T05:24:00.003000-07:00,https://vishwaniketanexam.blogspot.com/2023/08/result-honours-degree-electrical.html,https://vishwaniketaneduin-my.sharepoint.com/:b:/g/personal/exam_vimeet_vishwaniketan_edu_in/EeQ-pP-czt5Ni9bf8OF8OyIB7ZcN90MctSSuXLbUN2dGcA?e=HiC1Et
Result TE (Electrical Engg. R-2019)_Sem-V_ATKT_'C' Scheme_CBCS_May-2023,2023-08-29T05:20:00.001000-07:00,https://vishwaniketanexam.blogspot.com/2023/08/result-te-electrical-engg-r-2019sem_29.html,https://vishwaniketaneduin-my.sharepoint.com/:b:/g/personal/exam_vimeet_vishwaniketan_edu_in/EYrbCQdGRIZLpvxDcgvAxfMBGqx1ffH2M4_jD9c_DV45aA?e=QhaRfb
Result SE (Electrical Engg. R-2019)_Sem-III_ATKT_'C' Scheme_CBCS_May-2023,2023-08-29T05:17:00.002000-07:00,https://vishwaniketanexam.blogspot.com/2023/08/result-se-electrical-engg-r-2019sem_29.html,https://vishwaniketaneduin-my.sharepoint.com/:b:/g/personal/exam_vimeet_vishwaniketan_edu_in/Eep9MbCRbKxLjnQoavZyXVgBjr4AR09woZCms170hZ8k2A?e=Y8LN8C
Result TE (Electrical Engg. R-2019)_Sem-VI_Regular & KT_'C' Scheme_CBCS_May-2023,2023-08-29T05:16:00.002000-07:00,https://vishwaniketanexam.blogspot.com/2023/08/result-te-electrical-engg-r-2019sem.html,https://vishwaniketaneduin-my.sharepoint.com/:b:/g/personal/exam_vimeet_vishwaniketan_edu_in/EUe4bLkjO5hKvSaXVhgPiAQB8eHfxdGc-fZb5535QiqgCA?e=VCnNOD
Result SE (Electrical Engg. R-2019)_Sem-IV_Regular & KT_'C' Scheme_CBCS_May-2023,2023-08-29T05:14:00.002000-07:00,https://vishwaniketanexam.blogspot.com/2023/08/result-se-electrical-engg-r-2019sem.html,https://vishwaniketaneduin-my.sharepoint.com/:b:/g/personal/exam_vimeet_vishwaniketan_edu_in/EcjQ_sBh05pFpadY2Z_44rMByd_mnBQOW-YuOAK4CQbC9Q?e=Q6QLG8
Revaluation Gazette_Electrical Engg._TE SEM V (C Scheme) Dec 2022 Examination ,2023-08-29T05:06:00.002000-07:00,https://vishwaniketanexam.blogspot.com/2023/08/revaluation-gazetteelectrical-enggte.html,https://vishwaniketaneduin-my.sharepoint.com/:b:/g/personal/exam_vimeet_vishwaniketan_edu_in/EXUDSBZ7119JvhurD3YWbwYBG8jsq6MD9NuY_Ec0f6Gy7Q?e=kGedyB
Revaluation Gazette_Electrical Engg._SE SEM IV (C Scheme) Dec 2022 Examination ,2023-08-29T05:05:00.002000-07:00,https://vishwaniketanexam.blogspot.com/2023/08/revaluation-gazetteelectrical-enggse_29.html,https://vishwaniketaneduin-my.sharepoint.com/:b:/g/personal/exam_vimeet_vishwaniketan_edu_in/EY29X73u5lRHvX0v2sQRmzMBw-y9VpiIuwUr0lRlDKgdaQ?e=tcZl2f
Revaluation Gazette_Electrical Engg._DSE SEM III (C Scheme) Dec 2022 Examination ,2023-08-29T05:04:00.003000-07:00,https://vishwaniketanexam.blogspot.com/2023/08/revaluation-gazetteelectrical-enggdse.html,https://vishwaniketaneduin-my.sharepoint.com/:b:/g/personal/exam_vimeet_vishwaniketan_edu_in/EVKNL4c2rWRMpW3SBndpwBQBPqcxWB7KgTYKubq2MauH9g?e=7PMhfc
Revaluation Gazette_Electrical Engg._SE SEM III (C Scheme) Dec 2022 Examination ,2023-08-29T05:03:00.001000-07:00,https://vishwaniketanexam.blogspot.com/2023/08/revaluation-gazetteelectrical-enggse.html,https://vishwaniketaneduin-my.sharepoint.com/:b:/g/personal/exam_vimeet_vishwaniketan_edu_in/EQiQ_BipZF5KqZDtusN-NuoB_6y8xl3fOYoeTQlg4nq4UQ?e=6ws2Xk
Result SE (Mechanical Engg. R-2019)_Sem-III_ATKT_'C' Scheme_CBCS_May-2023,2023-08-22T04:59:00.002000-07:00,https://vishwaniketanexam.blogspot.com/2023/08/result-se-mechanical-engg-r-2019sem_22.html,https://vishwaniketaneduin-my.sharepoint.com/:b:/g/personal/exam_vimeet_vishwaniketan_edu_in/EaQrSI7gTvJGvlwHdwZIPrcBDOg777R3O5xODJ5CNUrPTw?e=FaHxu1
Result TE (Mechanical Engg. R-2019)_Sem-V_ATKT_'C' Scheme_CBCS_May-2023,2023-08-22T04:58:00.003000-07:00,https://vishwaniketanexam.blogspot.com/2023/08/result-te-mechanical-engg-r-2019sem_22.html,https://vishwaniketaneduin-my.sharepoint.com/:b:/g/personal/exam_vimeet_vishwaniketan_edu_in/EXveIuOAn6BIlwxZTPz1AagB2EqUvV3mJV4SajtZwXg7Bw?e=qgc6vx
Result TE (Mechanical Engg. R-2019)_Sem-VI_Regular & KT_'C' Scheme_CBCS_May-2023,2023-08-22T04:57:00.003000-07:00,https://vishwaniketanexam.blogspot.com/2023/08/result-te-mechanical-engg-r-2019sem.html,https://vishwaniketaneduin-my.sharepoint.com/:b:/g/personal/exam_vimeet_vishwaniketan_edu_in/EdQ0omxugBFEiQp3zEPEuQgBHoR44ovq_6Bmc26yMnNaxA?e=bWMMP5
Result SE (Mechanical Engg. R-2019)_Sem-IV_Regular & KT_'C' Scheme_CBCS_May-2023,2023-08-22T04:55:00.004000-07:00,https://vishwaniketanexam.blogspot.com/2023/08/result-se-mechanical-engg-r-2019sem.html,https://vishwaniketaneduin-my.sharepoint.com/:b:/g/personal/exam_vimeet_vishwaniketan_edu_in/EQQHac5TPMFIlsTu4G4qY3cBe2gGoiGTpbLG-hZeF0Rm4w?e=ayFajk
Revaluation Gazette_Mechanical Engg._TE SEM VI (C Scheme) Dec 2022 Examination ,2023-08-22T04:49:00.003000-07:00,https://vishwaniketanexam.blogspot.com/2023/08/revaluation-gazettemechanical-enggte_22.html,https://vishwaniketaneduin-my.sharepoint.com/:b:/g/personal/exam_vimeet_vishwaniketan_edu_in/Ec-6W5g5oApAk5vKDlRpYF8BxiXRSCPTxdf0IgjV0mKDxg?e=UIWxss
Revaluation Gazette_Mechanical Engg._TE SEM V (C Scheme) Dec 2022 Examination ,2023-08-22T04:48:00.002000-07:00,https://vishwaniketanexam.blogspot.com/2023/08/revaluation-gazettemechanical-enggte.html,https://vishwaniketaneduin-my.sharepoint.com/:b:/g/personal/exam_vimeet_vishwaniketan_edu_in/EfO2Hwhz9HZAl9kv-yNeXwkBj7zR3l8v_QVFezDVroO2ww?e=84tvGW
Revaluation Gazette_Mechanical Engg._SE SEM IV (C Scheme) Dec 2022 Examination ,2023-08-22T04:47:00.001000-07:00,https://vishwaniketanexam.blogspot.com/2023/08/revaluation-gazettemechanical-enggse_22.html,https://vishwaniketaneduin-my.sharepoint.com/:b:/g/personal/exam_vimeet_vishwaniketan_edu_in/EcR_gBrLymZBv8EhBFRC4l4BUw93G_s0JCZqXQFdDJIa2w?e=0BFQoG
Revaluation Gazette_Mechanical Engg._SE SEM III (C Scheme) Dec 2022 Examination ,2023-08-22T04:46:00.003000-07:00,https://vishwaniketanexam.blogspot.com/2023/08/revaluation-gazettemechanical-enggse.html,https://vishwaniketaneduin-my.sharepoint.com/:b:/g/personal/exam_vimeet_vishwaniketan_edu_in/EQvSxY-07tdAlAgNfxHffVoBTRWoXKvkuvJy7E4Mhog1Sg?e=X7Kuqw
Revaluation Gazette_Mechanical Engg._DSE SEM III (C Scheme) January 2023 Examination ,2023-08-22T04:44:00.004000-07:00,https://vishwaniketanexam.blogspot.com/2023/08/revaluation-gazettemechanical-enggdse.html,https://vishwaniketaneduin-my.sharepoint.com/:b:/g/personal/exam_vimeet_vishwaniketan_edu_in/ET4sYgIEOl1Gg2pHciYMG1kBgy7QHloLRfNqtXsNJ8YLVA?e=FhJe2E
Revaluation Gazette_Civil Engg._DSE SEM III (C Scheme) January 2023 Examination ,2023-08-22T04:43:00.002000-07:00,https://vishwaniketanexam.blogspot.com/2023/08/revaluation-gazettecivil-enggdse-sem.html,https://vishwaniketaneduin-my.sharepoint.com/:b:/g/personal/exam_vimeet_vishwaniketan_edu_in/ETbmRAlcXEZKkn4KFGCKCeABVDNpoSPYIXqyDY3ZKKxAIA?e=4yiF3c
Result TE (Civil Engg. R-2019)_Sem-V_KT_'C' Scheme_CBCS_May-2023,2023-08-18T05:21:00.003000-07:00,https://vishwaniketanexam.blogspot.com/2023/08/result-te-civil-engg-r-2019sem-vktc.html,https://vishwaniketaneduin-my.sharepoint.com/:b:/g/personal/exam_vimeet_vishwaniketan_edu_in/Eaa2Q959PR1Hi40GbDHr8KkBYj3DeOysXjqUzYzhVx0wKA?e=LjlSX7
Result SE (Civil Engg. R-2019)_Sem-IV_Regular & KT_'C' Scheme_CBCS_May-2023,2023-08-18T05:20:00.003000-07:00,https://vishwaniketanexam.blogspot.com/2023/08/result-se-civil-engg-r-2019sem.html,https://vishwaniketaneduin-my.sharepoint.com/:b:/g/personal/exam_vimeet_vishwaniketan_edu_in/EYn5xb0ZlhBKq-Ti6vvnMrABWAGZ-D7i4uWuWOoV75_Jjg?e=1XcQkJ
Result SE (Civil Engg. R-2019)_Sem-III_ KT_'C' Scheme_CBCS_May-2023,2023-08-18T05:17:00.003000-07:00,https://vishwaniketanexam.blogspot.com/2023/08/result-se-civil-engg-r-2019sem-iii-ktc.html,https://vishwaniketaneduin-my.sharepoint.com/:b:/g/personal/exam_vimeet_vishwaniketan_edu_in/EeHRMc68rwlLlrvpT3GvYw0BdwYICdYuwF9ravae5OdjWA?e=KvfNNW
Revaluation Gazette_Civil Engg._SEM VI(C Scheme) Dec 2022 Examination ,2023-08-18T05:13:00.002000-07:00,https://vishwaniketanexam.blogspot.com/2023/08/revaluation-gazettecivil-enggsem-vic.html,https://vishwaniketaneduin-my.sharepoint.com/:b:/g/personal/exam_vimeet_vishwaniketan_edu_in/EboNRqHABUVFswETrM_xwRgBC-k-kfokpHAef_EwMb3iFw?e=0X9tME
Revaluation Gazette_Civil Engg._SEM V(C Scheme) Dec 2022 Examination ,2023-08-18T05:12:00.002000-07:00,https://vishwaniketanexam.blogspot.com/2023/08/revaluation-gazettecivil-enggsem-vc.html,https://vishwaniketaneduin-my.sharepoint.com/:b:/g/personal/exam_vimeet_vishwaniketan_edu_in/EQNnsYabD-VPi2ModW9aqGcBnmB9eigq-fhqxsIYxhL2hA?e=E0303r
Revaluation Gazette_Civil Engg._SEM IV(C Scheme) Dec 2022 Examination ,2023-08-18T05:10:00.005000-07:00,https://vishwaniketanexam.blogspot.com/2023/08/revaluation-gazettecivil-enggsem-ivc.html,https://vishwaniketaneduin-my.sharepoint.com/:b:/g/personal/exam_vimeet_vishwaniketan_edu_in/EbER5EmOAjpFsPMmOZe5XucBHm9Ty7ZNhc3QIa676UfwpA?e=7MMjh0
Revaluation Gazette_Civil Engg._SEM III (C Scheme) Dec 2022 Examination ,2023-08-18T05:09:00.004000-07:00,https://vishwaniketanexam.blogspot.com/2023/08/revaluation-gazettecivil-enggsem-iii-c.html,https://vishwaniketaneduin-my.sharepoint.com/:b:/g/personal/exam_vimeet_vishwaniketan_edu_in/EVHxkJH2RRRCp9uLAX-Syf8BTfnByhS75Y_eQggGPMG1dg?e=3VipkE
Result Honours Degree( Data Science)_CSE(AI & ML)_Sem-VI_'C' Scheme_CBCS_May-2023,2023-08-14T03:18:00.001000-07:00,https://vishwaniketanexam.blogspot.com/2023/08/result-honours-degree-data-sciencecseai.html,https://vishwaniketaneduin-my.sharepoint.com/:b:/g/personal/exam_vimeet_vishwaniketan_edu_in/Ecz_OMa6wPxKr781ANh2xjoBXLI-1b_5n41kwIVL7imKMw?e=cGNsVw
Result Honours Degree( BlockChain)_CSE(AI & ML)_Sem-VI_'C' Scheme_CBCS_May-2023,2023-08-14T03:16:00.004000-07:00,https://vishwaniketanexam.blogspot.com/2023/08/result-honours-degree-blockchaincseai.html,https://vishwaniketaneduin-my.sharepoint.com/:b:/g/personal/exam_vimeet_vishwaniketan_edu_in/EUe_aTMHTUNBkY6eI5ymJggBEypcgXSW2wS9wRzryRGiYA?e=E7jZbw
Result Honours Degree( AI & ML)_EXTC_Sem-VI_'C' Scheme_CBCS_May-2023,2023-08-14T03:11:00.003000-07:00,https://vishwaniketanexam.blogspot.com/2023/08/result-honours-degree-ai-mlextcsem-vic_14.html,https://vishwaniketaneduin-my.sharepoint.com/:b:/g/personal/exam_vimeet_vishwaniketan_edu_in/ETRcUqJj9WJNkmYy0IlCBsYBJiPy767GbkQyLdsqdqx5tg?e=fNWHaY
Result Honours Degree( AI & ML)_EXTC_Sem-V KT_'C' Scheme_CBCS_May-2023,2023-08-14T03:05:00.002000-07:00,https://vishwaniketanexam.blogspot.com/2023/08/result-honours-degree-ai-mlextcsem-vic.html,https://vishwaniketaneduin-my.sharepoint.com/:b:/g/personal/exam_vimeet_vishwaniketan_edu_in/EYY1oJTiDzBEslNuuFQEMkUBvSsPYytZYNk1srM7X26oAQ?e=V1Hbx1
Result TE (CSE(AI & ML) Engg. R-2019)_Sem-VI_Regular _'C' Scheme_CBCS_May-2023,2023-08-14T03:00:00.004000-07:00,https://vishwaniketanexam.blogspot.com/2023/08/result-te-cseai-ml-engg-r-2019sem.html,https://vishwaniketaneduin-my.sharepoint.com/:b:/g/personal/exam_vimeet_vishwaniketan_edu_in/EQLUglaWyZ9LvLcYBbmaLFUBUKXg4MYbGr4P2JOs4qRobQ?e=dhUqu6
Result TE (EXTC Engg. R-2019)_Sem-VI_Regular & KT_'C' Scheme_CBCS_May-2023,2023-08-14T02:57:00.003000-07:00,https://vishwaniketanexam.blogspot.com/2023/08/result-te-extc-engg-r-2019sem-viregular.html,https://vishwaniketaneduin-my.sharepoint.com/:b:/g/personal/exam_vimeet_vishwaniketan_edu_in/EUYL3xvym8xGqmlRtXz9zNgB12cZCJ5-uoFSTGcrSb7g8w?e=5Zafav
Result TE (EXTC Engg. R-2019)_Sem-V_ATKT_'C' Scheme_CBCS_May-2023,2023-08-14T02:56:00-07:00,https://vishwaniketanexam.blogspot.com/2023/08/result-te-extc-engg-r-2019sem-vatktc.html,https://vishwaniketaneduin-my.sharepoint.com/:b:/g/personal/exam_vimeet_vishwaniketan_edu_in/EalCoyBWZARLjcCB0zXv8zoBAv1yH-LcBeSpQf2oZf4Ukw?e=7ZE4BD
Result SE (EXTC Engg. R-2019)_Sem-IV_Regular & KT_'C' Scheme_CBCS_May-2023,2023-08-14T02:54:00.003000-07:00,https://vishwaniketanexam.blogspot.com/2023/08/result-se-extc-engg-r-2019sem-ivregular.html,https://vishwaniketaneduin-my.sharepoint.com/:b:/g/personal/exam_vimeet_vishwaniketan_edu_in/EfWhJoI1uIpEqAc27MbMS7wBK6nnXRyoX7nLAcRWvOxIug?e=BMSjOX
Result SE (EXTC Engg. R-2019)_Sem-III_ATKT_'C' Scheme_CBCS_May-2023,2023-08-14T02:43:00.006000-07:00,https://vishwaniketanexam.blogspot.com/2023/08/result-gazette-extc-enggsem-iii-c.html,https://vishwaniketaneduin-my.sharepoint.com/:b:/g/personal/exam_vimeet_vishwaniketan_edu_in/EXCH3L0kZ5tImcBY7CSa6_cBOiZV1INb0OJ76g8RpJTZWw?e=SZZAoH
Revaluation Gazette_DSE ExTC Engg._SEM III (C Scheme) January 2023 Examination ,2023-08-14T02:40:00.003000-07:00,https://vishwaniketanexam.blogspot.com/2023/08/revaluation-gazettedse-extc-enggsem-iii.html,https://vishwaniketaneduin-my.sharepoint.com/:b:/g/personal/exam_vimeet_vishwaniketan_edu_in/EUf1c0vE0LNEszgiUDx3DCEBWPzjnLkjYABwhybys-s0dw?e=Nblqqz
Revaluation Gazette_ExTC Engg._SEM III (C Scheme) Dec 2022 Examination ,2023-08-14T02:38:00.004000-07:00,https://vishwaniketanexam.blogspot.com/2023/08/revaluation-gazetteextc-enggsem-iii-c.html,https://vishwaniketaneduin-my.sharepoint.com/:b:/g/personal/exam_vimeet_vishwaniketan_edu_in/EYFj9GF3NwhEtnNX_OU3L6sByN17VVjjbG_glc2rAiSHyw?e=x4bYi1
Result Honours Degree( BlockChain)_Computer_Sem-VI_'C' Scheme_CBCS_May-2023,2023-08-07T04:34:00.002000-07:00,https://vishwaniketanexam.blogspot.com/2023/08/result-honours-degree.html,https://vishwaniketaneduin-my.sharepoint.com/:b:/g/personal/exam_vimeet_vishwaniketan_edu_in/ESA5ddNpUFJLiD0UKlMQKYgBviKfJz3Fa3xzpLwWiFxmOg?e=J0Pcwz
Result Honours Degree (AI & ML)_Computer_Sem-VI_'C' Scheme_CBCS_May-2023,2023-08-07T04:32:00.003000-07:00,https://vishwaniketanexam.blogspot.com/2023/08/result-honours-degree-ai-mlcomputersem.html,https://vishwaniketaneduin-my.sharepoint.com/:b:/g/personal/exam_vimeet_vishwaniketan_edu_in/EdT4y0oC6xBKqCx17gEihVgB3FxhgfBgze05Q4WLjvRjiA?e=tCg6md
Result Honours Degree (Data Science)_Computer_Sem-VI_'C' Scheme_CBCS_May-2023,2023-08-07T04:31:00-07:00,https://vishwaniketanexam.blogspot.com/2023/08/result-honours-degree-data.html,https://vishwaniketaneduin-my.sharepoint.com/:b:/g/personal/exam_vimeet_vishwaniketan_edu_in/EXTRNlYzf3lMnlckU5NhrqcBgb3OPps490eBXGpfefAc2A?e=mMRn3w
Result TE (COMPUTER Engg. R-2019)_Sem-VI_QA_(Regular & KT)_'C' Scheme_CBCS_May-2023,2023-08-07T04:16:00.004000-07:00,https://vishwaniketanexam.blogspot.com/2023/08/result-te-computer-engg-r-2019sem_72.html,https://vishwaniketaneduin-my.sharepoint.com/:b:/g/personal/exam_vimeet_vishwaniketan_edu_in/EVKE2t_bhyxBi63XCpneleMB8QLR1aokMld77qWX89c-qQ?e=hiQPbf
Result TE (COMPUTER Engg. R-2019)_Sem-VI_IOT_(Regular & KT)_'C' Scheme_CBCS_May-2023,2023-08-07T04:15:00.003000-07:00,https://vishwaniketanexam.blogspot.com/2023/08/result-te-computer-engg-r-2019sem_7.html,https://vishwaniketaneduin-my.sharepoint.com/:b:/g/personal/exam_vimeet_vishwaniketan_edu_in/ETmWX7x3BQZGpwmKXgZVjacBceqQ3hInBvTzpVVRDeWPJg?e=VBYSCr
Result TE (COMPUTER Engg. R-2019)_Sem-V_ATKT_'C' Scheme_CBCS_May-2023,2023-08-07T04:13:00.005000-07:00,https://vishwaniketanexam.blogspot.com/2023/08/result-te-computer-engg-r-2019sem.html,https://vishwaniketaneduin-my.sharepoint.com/:b:/g/personal/exam_vimeet_vishwaniketan_edu_in/EcdkHTHRJytOtPtywpDrMfEBJ3oGkzuwt5OqFnDYkPLVJg?e=j3IJCV
Result SE (COMPUTER Engg. R-2019)_Sem-IV_(Regular & KT)_'C' Scheme_CBCS_May-2023,2023-08-07T04:12:00.002000-07:00,https://vishwaniketanexam.blogspot.com/2023/08/result-se-computer-engg-r-2019sem_7.html,https://vishwaniketaneduin-my.sharepoint.com/:b:/g/personal/exam_vimeet_vishwaniketan_edu_in/EeJtiTK7xmpFrv37_uVLvIABZ0nKRWOwZIG-tRHYEtRDBQ?e=5YD5IX
Result SE (COMPUTER Engg. R-2019)_Sem-III_ATKT_'C' Scheme_CBCS_May-2023,2023-08-07T04:09:00.003000-07:00,https://vishwaniketanexam.blogspot.com/2023/08/result-se-computer-engg-r-2019sem.html,https://vishwaniketaneduin-my.sharepoint.com/:b:/g/personal/exam_vimeet_vishwaniketan_edu_in/EUZu5-pX3xVNrycuB5YW0SQBJ5YVBfpmT30ANbGjizW_Zw?e=Mq81hd
Revaluation Gazette_Computer Engg._SEM V (C Scheme) Dec 2022 Examination ,2023-08-07T00:15:00.001000-07:00,https://vishwaniketanexam.blogspot.com/2023/08/revaluation-gazettecomputer-enggsem-v-c.html,https://vishwaniketaneduin-my.sharepoint.com/:b:/g/personal/exam_vimeet_vishwaniketan_edu_in/Ea9tkzhaBzNCp06vwOpafhEBEuJ7vgju7I4OHluKSW07gg?e=rkM7jc
Revaluation Gazette_Computer Engg._SEM IV (C Scheme) Dec 2022 Examination ,2023-08-07T00:13:00.005000-07:00,https://vishwaniketanexam.blogspot.com/2023/08/revaluation-gazettecomputer-enggsem-iv.html,https://vishwaniketaneduin-my.sharepoint.com/:b:/g/personal/exam_vimeet_vishwaniketan_edu_in/Efs-8wvsc4VLmnpWPaWyxFgBCEqFq3VH-GH0ODAkr7wmfg?e=0ctU47
Revaluation Gazette_Computer Engg._SEM III (C Scheme) Dec 2022 Examination ,2023-08-07T00:00:00.001000-07:00,https://vishwaniketanexam.blogspot.com/2023/08/revaluation-gazettecomputer-enggsem-iii.html,https://vishwaniketaneduin-my.sharepoint.com/:b:/g/personal/exam_vimeet_vishwaniketan_edu_in/EcD6N4lPdfxGkkeDJbHSDTwBqMhRE1HhyZHHq82DjUzEPQ?e=R6V5UH
Hall Tickets of FE Mechanical Engg. SEM-II C Scheme Regular June 2023,2023-06-13T02:51:00.002000-07:00,https://vishwaniketanexam.blogspot.com/2023/06/hall-tickets-of-fe-mechanical-engg-sem.html,https://vishwaniketaneduin-my.sharepoint.com/:u:/g/personal/exam_vimeet_vishwaniketan_edu_in/EferxG07cYtCm-A8w0sM7TcBay_7pQKwScULhM9bM_YwdA?e=SfdY8Z
Result_B.E.(with credits) - Regular - CBCS(Mechanical Engineering)- F.E. C-Scheme - Sem II [1T01832] Examination: Winter Session 2022,2023-06-07T03:08:00.003000-07:00,https://vishwaniketanexam.blogspot.com/2023/06/resultbewith-credits-regular_7.html,https://vishwaniketaneduin-my.sharepoint.com/:b:/g/personal/exam_vimeet_vishwaniketan_edu_in/EaveGkknT2dAveA-MPkrHNMBJoFaTuH33N0NV2hY56sP2A?e=OxLOHm
Result_B.E.(with credits) - Regular - CBCS(Computer Engineering)- F.E. C-Scheme - Sem II [1T01832] Examination: Winter Session 2022,2023-06-07T03:06:00.005000-07:00,https://vishwaniketanexam.blogspot.com/2023/06/resultbewith-credits-regular.html,https://vishwaniketaneduin-my.sharepoint.com/:b:/g/personal/exam_vimeet_vishwaniketan_edu_in/EWPuPhpMDcdIsh7taD-Q9NwBuqWNEdQR_YpcwrVt273zsw?e=hzD6L1
DSE_Revaluation List_Civil Engineering _SEM III (C Scheme) Jan 2023 Examination ,2023-05-22T04:06:00.002000-07:00,https://vishwaniketanexam.blogspot.com/2023/05/dserevaluation-listcivil-engineering.html,https://vishwaniketaneduin-my.sharepoint.com/:b:/g/personal/exam_vimeet_vishwaniketan_edu_in/EexYGrpBKmxOjCE3e_eblIkBWkCYwao1w2D_GDOeFHmAZg?e=xKZJXs
DSE_Revaluation List_Mechanical Engineering _SEM III (C Scheme) Jan 2023 Examination ,2023-05-22T04:03:00.003000-07:00,https://vishwaniketanexam.blogspot.com/2023/05/dserevaluation-listmechanical.html,https://vishwaniketaneduin-my.sharepoint.com/:b:/g/personal/exam_vimeet_vishwaniketan_edu_in/ET14XVRPlalGif05Dl3O1TUBQxJE9AN2spxUgBvQvC29mw?e=PTbUD7
DSE_Revaluation List_Electronics & Telecommunication Engineering _SEM III (C Scheme) Jan 2023 Examination ,2023-05-22T03:57:00.004000-07:00,https://vishwaniketanexam.blogspot.com/2023/05/dserevaluation-listelectronics.html,https://vishwaniketaneduin-my.sharepoint.com/:b:/g/personal/exam_vimeet_vishwaniketan_edu_in/EYaFzhmoVhtKsH8blERsYZEB0dwjCyBqSxTusW-vboqitA?e=SO6IVU
DSE_Revaluation List_Electrical Engineering _SEM III (C Scheme) Jan 2023 Examination ,2023-05-22T03:55:00.004000-07:00,https://vishwaniketanexam.blogspot.com/2023/05/dserevaluation-listelectrical.html,https://vishwaniketaneduin-my.sharepoint.com/:b:/g/personal/exam_vimeet_vishwaniketan_edu_in/ESdHI4CbegFIlbyre42zuw0BKIc9mgBaZ1oGOIf1W22Vog?e=OIZ7Id
DSE_Revaluation List_Computer Science & Engineering (AI & ML)_SEM III (C Scheme) Jan 2023 Examination ,2023-05-22T03:53:00.005000-07:00,https://vishwaniketanexam.blogspot.com/2023/05/dserevaluation-listcomputer-science.html,https://vishwaniketaneduin-my.sharepoint.com/:b:/g/personal/exam_vimeet_vishwaniketan_edu_in/ETxHjFcnTeBGlWZJ3FpZO4gBszpsyJP_XDH6NzXTHjU6JA?e=MzRf4c
Hall Tickets of BE Mechanical Engg. SEM-VIII May/June 2023,2023-05-08T04:42:00.003000-07:00,https://vishwaniketanexam.blogspot.com/2023/05/hall-tickets-of-be-mechanical-engg-sem.html,https://vishwaniketaneduin-my.sharepoint.com/:b:/g/personal/exam_vimeet_vishwaniketan_edu_in/EeOirbr4uUJFnTG9K0Kf5ZABrWvl5e93BNpyWnuSsRl_Vw?e=gm2Mb6
Hall Tickets of BE EXTC  SEM-VIII May/June 2023,2023-05-08T04:39:00.003000-07:00,https://vishwaniketanexam.blogspot.com/2023/05/hall-tickets-of-be-extc-sem-viii.html,https://vishwaniketaneduin-my.sharepoint.com/:b:/g/personal/exam_vimeet_vishwaniketan_edu_in/EeDnHPw85axLnZ0nBVj5N5AB1UqZ5UE7wU1g9div7SEDdg?e=lIBQXE
Hall Tickets of BE Electrical  Engg. SEM-VIII May/June 2023,2023-05-08T04:36:00.003000-07:00,https://vishwaniketanexam.blogspot.com/2023/05/hall-tickets-of-be-electrical-engg-sem.html,https://vishwaniketaneduin-my.sharepoint.com/:b:/g/personal/exam_vimeet_vishwaniketan_edu_in/ES-3mzWT59JMjGFQ9Ke_MZQBgXEVEGlCH0vFUXdkoj0q2A?e=RJpOKm
Hall Tickets of BE Computer Engg. SEM-VIII May/June 2023,2023-05-08T04:33:00.003000-07:00,https://vishwaniketanexam.blogspot.com/2023/05/hall-tickets-of-be-computer-engg-sem.html,https://vishwaniketaneduin-my.sharepoint.com/:b:/g/personal/exam_vimeet_vishwaniketan_edu_in/EZhutLR6pHxBn95efQNF54MBAHaLROYbH-H1iM-GLiyLqA?e=aAtwPr
Hall Tickets of BE Civil Engg. SEM-VIII May/June 2023,2023-05-08T04:29:00.004000-07:00,https://vishwaniketanexam.blogspot.com/2023/05/hall-tickets-of-be-civil-engg-sem-viii.html,https://vishwaniketaneduin-my.sharepoint.com/:b:/g/personal/exam_vimeet_vishwaniketan_edu_in/EQVnsPjcZMFNozrfWvbd3OgB89CCX8KAOc9IIaaWJUU3qw?e=1xspdv
Revaluation List_Computer Science & Engineering (AI & ML)_SEM V (C Scheme) Dec 2022 Examination ,2023-05-04T23:21:00.003000-07:00,https://vishwaniketanexam.blogspot.com/2023/05/revaluation-listcomputer-science_95.html,https://vishwaniketaneduin-my.sharepoint.com/:b:/g/personal/exam_vimeet_vishwaniketan_edu_in/Ee8lTqLp5bdLgv-H9UE5opoBweUkzJD2TntlivniFlS91g?e=PZT44J
Revaluation List_Computer Science & Engineering (AI & ML)_SEM IV (C Scheme) Dec 2022 Examination ,2023-05-04T23:19:00.006000-07:00,https://vishwaniketanexam.blogspot.com/2023/05/revaluation-listcomputer-science_4.html,https://vishwaniketaneduin-my.sharepoint.com/:b:/g/personal/exam_vimeet_vishwaniketan_edu_in/EUg1h7TP6J1Cj7FNapuiaOgBD6DPMbk-_5i_FI2XA6pezQ?e=Eb3X7V
Revaluation List_Computer Science & Engineering (AI & ML)_SEM III (C Scheme) Dec 2022 Examination ,2023-05-04T23:18:00.005000-07:00,https://vishwaniketanexam.blogspot.com/2023/05/revaluation-listcomputer-science.html,https://vishwaniketaneduin-my.sharepoint.com/:b:/g/personal/exam_vimeet_vishwaniketan_edu_in/EdFy3ItfONhDgWDRWq3ohN8BoJkjzkyC80OPcTpGHyMrCw?e=p0Y23L
Revaluation List_Computer Engg._SEM IV (C Scheme) Dec 2022 Examination ,2023-05-04T23:04:00.004000-07:00,https://vishwaniketanexam.blogspot.com/2023/05/revaluation-listcomputer-enggsem-iv-c.html,https://vishwaniketaneduin-my.sharepoint.com/:b:/g/personal/exam_vimeet_vishwaniketan_edu_in/EQZFlHT0U-tNrb46MBcadXIBwHahJyV7DsMnfnQeUdqmHA?e=v6SKe6
Revaluation List_Civil Engg._SEM VI (C Scheme) Dec 2022 Examination ,2023-05-03T04:02:00.005000-07:00,https://vishwaniketanexam.blogspot.com/2023/05/revaluation-listcivil-enggsem-vi-c.html,https://vishwaniketaneduin-my.sharepoint.com/:b:/g/personal/exam_vimeet_vishwaniketan_edu_in/EaAzTtr6kEpBjzTSLTyU-g8BID9qRo4SdmjsO7fAjzbqOg?e=RXETUM
Revaluation List_Civil Engg._SEM V (C Scheme) Dec 2022 Examination ,2023-05-03T04:01:00.003000-07:00,https://vishwaniketanexam.blogspot.com/2023/05/revaluation-listcivil-enggsem-v-c.html,https://vishwaniketaneduin-my.sharepoint.com/:b:/g/personal/exam_vimeet_vishwaniketan_edu_in/EaKQfCNR2QZCh-_kbWrJbXoBRWbRkDEWpLN3Mfa3HoGaLA?e=3cgdoR
Revaluation List_Civil Engg._SEM IV (C Scheme) Dec 2022 Examination ,2023-05-03T03:59:00.004000-07:00,https://vishwaniketanexam.blogspot.com/2023/05/revaluation-listcivil-enggsem-iv-c.html,https://vishwaniketaneduin-my.sharepoint.com/:b:/g/personal/exam_vimeet_vishwaniketan_edu_in/Ebfg4xD08mFKhz57Ut_e1PwBRjREzRVO3_yADuQXjTxwtQ?e=SAH1BQ
Revaluation List_Civil Engg._SEM III (C Scheme) Dec 2022 Examination ,2023-05-03T03:58:00.004000-07:00,https://vishwaniketanexam.blogspot.com/2023/05/revaluation-listcivil-enggsem-iii-c.html,https://vishwaniketaneduin-my.sharepoint.com/:b:/g/personal/exam_vimeet_vishwaniketan_edu_in/EZ3FR5Z0rZxHo8dsBECNLeUBmVrWhwoUOUFry3lG2UWmXg?e=dNw5nc
Revaluation List_Mechanical Engg._SEM VI (C Scheme) Dec 2022 Examination ,2023-05-03T03:57:00.003000-07:00,https://vishwaniketanexam.blogspot.com/2023/05/revaluation-listmechanical-enggsem-vi-c.html,https://vishwaniketaneduin-my.sharepoint.com/:b:/g/personal/exam_vimeet_vishwaniketan_edu_in/EXMN-ULmaFZLhb5ZJJRST3oBSrIAyUtiI8UoDCCliZ4jrw?e=4vIXiX
Revaluation List_Mechanical Engg._SEM V (C Scheme) Dec 2022 Examination ,2023-05-03T03:56:00.003000-07:00,https://vishwaniketanexam.blogspot.com/2023/05/revaluation-listmechanical-enggsem-v-c_3.html,https://vishwaniketaneduin-my.sharepoint.com/:b:/g/personal/exam_vimeet_vishwaniketan_edu_in/EezhrRf4_MtDm-5SXSGN3w0BfoWemXaZ1kltYB9cD8h1nA?e=3lgvfi
Revaluation List_Mechanical Engg._SEM IV (C Scheme) Dec 2022 Examination ,2023-05-03T03:55:00.004000-07:00,https://vishwaniketanexam.blogspot.com/2023/05/revaluation-listmechanical-enggsem-iv-c.html,https://vishwaniketaneduin-my.sharepoint.com/:b:/g/personal/exam_vimeet_vishwaniketan_edu_in/EaABybwTwAhGoq_ivHzb_MsB3HttAJdvyL-hYm01bDfphQ?e=vMHWbA
Revaluation List_Mechanical Engg._SEM III (C Scheme) Dec 2022 Examination ,2023-05-03T03:53:00.003000-07:00,https://vishwaniketanexam.blogspot.com/2023/05/revaluation-listmechanical-enggsem-v-c.html,https://vishwaniketaneduin-my.sharepoint.com/:b:/g/personal/exam_vimeet_vishwaniketan_edu_in/EVZc8Uhk1xFAtSkALYUqsNgBUWIuX5Hjyrnwt_g9le8Utg?e=0RBoGW
Revaluation List_Computer Engg._SEM V (C Scheme) Dec 2022 Examination ,2023-05-03T03:41:00.006000-07:00,https://vishwaniketanexam.blogspot.com/2023/05/revaluation-listcomputer-enggsem-v-c.html,https://vishwaniketaneduin-my.sharepoint.com/:b:/g/personal/exam_vimeet_vishwaniketan_edu_in/ERJ2_jIfzhZGjWgVanu7nqUB54_BVgGGrkg0SxwiYUkZ2g?e=R6R7D2
Revaluation List_Computer Engg._SEM III (C Scheme) Dec 2022 Examination ,2023-05-03T03:40:00.005000-07:00,https://vishwaniketanexam.blogspot.com/2023/05/revaluation-listcomputer-enggsem-iii-c.html,https://vishwaniketaneduin-my.sharepoint.com/:b:/g/personal/exam_vimeet_vishwaniketan_edu_in/EdSTGQcT25BIlbzRL3HYZkIB6MtWhzc_G7XfhGp2gk0FmA?e=oAYpqT
Revaluation List_Electrical Engg._SEM V (C Scheme) Dec 2022 Examination ,2023-05-03T03:39:00.003000-07:00,https://vishwaniketanexam.blogspot.com/2023/05/revaluation-listelectrical-enggsem-v-c.html,https://vishwaniketaneduin-my.sharepoint.com/:b:/g/personal/exam_vimeet_vishwaniketan_edu_in/ESm_EVrVOJNGtbfjSwnHn0UB5bQuyfLpavFwyqZ3JkexMQ?e=Ibo4qZ
Revaluation List_Electrical Engg._SEM IV (C Scheme) Dec 2022 Examination ,2023-05-03T03:38:00.003000-07:00,https://vishwaniketanexam.blogspot.com/2023/05/revaluation-listelectrical-enggsem-iv-c.html,https://vishwaniketaneduin-my.sharepoint.com/:b:/g/personal/exam_vimeet_vishwaniketan_edu_in/ESPxD3KmWTVPmbmfmOBSzIUBRj1WC-kB5Lsi8_gUo5bAIw?e=TSyqeg
Revaluation List_Electrical Engg._SEM III (C Scheme) Dec 2022 Examination ,2023-05-03T03:37:00.003000-07:00,https://vishwaniketanexam.blogspot.com/2023/05/revaluation-listelectrical-enggsem-iii.html,https://vishwaniketaneduin-my.sharepoint.com/:b:/g/personal/exam_vimeet_vishwaniketan_edu_in/Ean1P1LBeHJPk3sBLres6l0BS3YNtCA4UXdGSSwpYIaeVQ?e=P6kTDk
Revaluation List_ExTC Engg._SEM III (C Scheme) Dec 2022 Examination ,2023-05-03T03:35:00.003000-07:00,https://vishwaniketanexam.blogspot.com/2023/05/revaluation-listextc-enggsem-iii-c.html,https://vishwaniketaneduin-my.sharepoint.com/:b:/g/personal/exam_vimeet_vishwaniketan_edu_in/EQ10ZrhyX5lPijl8Vm410gYBm5Yq_qT0nFbXKeXO0PVWRQ?e=x0zWiV
Result DSE (Electrical Engg. R-2019)_Sem-III_'C' Scheme_CBCS_Jan-2023,2023-04-28T03:10:00.007000-07:00,https://vishwaniketanexam.blogspot.com/2023/04/result-dse-electrical-engg-r-2019sem.html,https://vishwaniketaneduin-my.sharepoint.com/:b:/g/personal/exam_vimeet_vishwaniketan_edu_in/EeL6x3OjmT9CiAW_rgsiTXcBuK7RR3bteF42M9485DAUkA?e=xA9Xwq
Result DSE (Computer Engg. R-2019)_Sem-III_'C' Scheme_CBCS_Jan-2023,2023-04-28T03:09:00-07:00,https://vishwaniketanexam.blogspot.com/2023/04/result-dse-computer-engg-r-2019sem-iiic.html,https://vishwaniketaneduin-my.sharepoint.com/:b:/g/personal/exam_vimeet_vishwaniketan_edu_in/EfY1yEAxAJ9PvF13mOZK7uMBrA9aL0oTBqvX8x-v8fJVUw?e=wYiCea
Result DSE (Civil Engg. R-2019)_Sem-III_'C' Scheme_CBCS_Jan-2023,2023-04-23T21:22:00.007000-07:00,https://vishwaniketanexam.blogspot.com/2023/04/result-dse-civil-engg-r-2019sem-iiic.html,https://vishwaniketaneduin-my.sharepoint.com/:b:/g/personal/exam_vimeet_vishwaniketan_edu_in/EV0q-D4KfcZPjFoSABUf97gBYlvzw4Z0Rfj64-iWV8LiKQ?e=fRL7AP
Result DSE (Mechanical Engg. R-2019)_Sem-III_'C' Scheme_CBCS_Jan-2023,2023-04-23T21:21:00.004000-07:00,https://vishwaniketanexam.blogspot.com/2023/04/result-dse-mechanical-engg-r-2019sem.html,https://vishwaniketaneduin-my.sharepoint.com/:b:/g/personal/exam_vimeet_vishwaniketan_edu_in/EbdS-MJ_5VZLujQzrvcRZNoB46IyN_WSjwNA5ijawKH8Kg?e=RDJhcR
Result DSE (ExTC Engg. R-2019)_Sem-III_'C' Scheme_CBCS_Jan-2023,2023-04-13T02:45:00.002000-07:00,https://vishwaniketanexam.blogspot.com/2023/04/result-dse-extc-engg-r-2019sem-iiic.html,https://vishwaniketaneduin-my.sharepoint.com/:b:/g/personal/exam_vimeet_vishwaniketan_edu_in/ESvHik6to7pGiAu0VcYLXIUBorYATJLR37JVCuWbwnHxww?e=5gb5FA
Result DSE (CSE(AI & ML) Engg. R-2019)_Sem-III_'C' Scheme_CBCS_Jan-2023,2023-04-13T02:42:00.001000-07:00,https://vishwaniketanexam.blogspot.com/2023/04/result-dse-cseai-ml-engg-r-2019sem-iiic.html,https://vishwaniketaneduin-my.sharepoint.com/:b:/g/personal/exam_vimeet_vishwaniketan_edu_in/EU6gsvyvDpZBl_VxYVbO0e4B8NUE4Jz3Lqm8_-NNPL_zzA?e=uTYVUb
Result Honours Degree (Data Science)_CSE(AI & ML)_Sem-V_'C' Scheme_CBCS_Dec-2022,2023-04-12T22:31:00.004000-07:00,https://vishwaniketanexam.blogspot.com/2023/04/result-honours-degree-data-sciencecseai.html,https://vishwaniketaneduin-my.sharepoint.com/:b:/g/personal/exam_vimeet_vishwaniketan_edu_in/Ec_xxC6NGu5NkN7lDMm6UqwBdkh_WumPYdWIZVGtRWMvYA?e=f1RoPj
Result Honours Degree (BlockChain)_CSE(AI & ML)_Sem-V_'C' Scheme_CBCS_Dec-2022,2023-04-12T22:30:00.005000-07:00,https://vishwaniketanexam.blogspot.com/2023/04/result-honours-degree-blockchainsem-vc.html,https://vishwaniketaneduin-my.sharepoint.com/:b:/g/personal/exam_vimeet_vishwaniketan_edu_in/EafvIOy3IWNKiAiWAK-J_HoB3Jcxp3Armgf3jN17XNPXTA?e=9bneil
Result TE (CSE(AI & ML) Engg. R-2019)_Sem-V_SAIDS_'C' Scheme_CBCS_Dec-2022,2023-04-12T22:25:00.005000-07:00,https://vishwaniketanexam.blogspot.com/2023/04/result-te-cseai-ml-engg-r-2019sem.html,https://vishwaniketaneduin-my.sharepoint.com/:b:/g/personal/exam_vimeet_vishwaniketan_edu_in/Ef3oVDUhjTpMrcNUJRYcC74BLZ-Xj2tnIHfayzRq_kxr-g?e=RHIhcK
Result TE (CSE(AI & ML) Engg. R-2019)_Sem-V_IOT_'C' Scheme_CBCS_Dec-2022,2023-04-12T22:24:00.004000-07:00,https://vishwaniketanexam.blogspot.com/2023/04/result-te-cseai-ml-engg-r-2019sem-viotc.html,https://vishwaniketaneduin-my.sharepoint.com/:b:/g/personal/exam_vimeet_vishwaniketan_edu_in/EQCXgo9TzwpAorN__jXoxp4BC6GwQxigz7h0y6nsegCblg?e=GPKbPy
Result SE (CSE(AI & ML) Engg. R-2019)_Sem-IV_ATKT_'C' Scheme_CBCS_Dec-2022,2023-04-12T22:22:00.001000-07:00,https://vishwaniketanexam.blogspot.com/2023/04/result-se-cseai-ml-engg-r-2019sem.html,https://vishwaniketaneduin-my.sharepoint.com/:b:/g/personal/exam_vimeet_vishwaniketan_edu_in/EVHMRc6QXJNLo41102v5bfcBeVfmNQi1S4qxqngBspki9w?e=726BUb
Result SE (CSE(AI & ML) Engg. R-2019)_Sem-III_'C' Scheme_CBCS_Dec-2022,2023-04-12T22:20:00.004000-07:00,https://vishwaniketanexam.blogspot.com/2023/04/result-se-cseai-ml-engg-r-2019sem-iiic.html,https://vishwaniketaneduin-my.sharepoint.com/:b:/g/personal/exam_vimeet_vishwaniketan_edu_in/EQOqr9a9gWpEpbmUl6VqvtABaBkZuNDhdIGActe3_q-law?e=psT8NW
Result Honours Degree (BlockChain)_Computer__Sem-V_'C' Scheme_CBCS_Dec-2022,2023-03-29T03:34:00.001000-07:00,https://vishwaniketanexam.blogspot.com/2023/03/result-honours-degree-blockchainsem-vc.html,https://vishwaniketaneduin-my.sharepoint.com/:b:/g/personal/exam_vimeet_vishwaniketan_edu_in/ESOitCAiOKRDmEEBQwJhPw0B5blFchXwDp3IF5AiIzv29g?e=ODhxXT
Result Honours Degree (AI & ML)_Computer_Sem-V_'C' Scheme_CBCS_Dec-2022,2023-03-29T03:32:00.003000-07:00,https://vishwaniketanexam.blogspot.com/2023/03/result-honours-degree-ai-mlsem-vc_29.html,https://vishwaniketaneduin-my.sharepoint.com/:b:/g/personal/exam_vimeet_vishwaniketan_edu_in/EVCtq1ja3bhGp7rm0qR9ipoBbmGRT1B6jJ6fOoex1xnRgw?e=D1PLMt
Result Honours Degree (Data Science)_Computer_Sem-V_'C' Scheme_CBCS_Dec-2022,2023-03-29T03:31:00.003000-07:00,https://vishwaniketanexam.blogspot.com/2023/03/result-honours-degree-data-sciencesem_29.html,https://vishwaniketaneduin-my.sharepoint.com/:b:/g/personal/exam_vimeet_vishwaniketan_edu_in/EZxuXIYLaCxCo9CcUXpkiy8BCvJ3ROt3RR7EcfMjMsLCqg?e=dJXvgb
Result TE (COMPUTER Engg. R-2019)_Sem-V_'C' Scheme_CBCS_Dec-2022,2023-03-29T03:29:00.003000-07:00,https://vishwaniketanexam.blogspot.com/2023/03/result-te-computer-engg-r-2019sem-vc.html,https://vishwaniketaneduin-my.sharepoint.com/:b:/g/personal/exam_vimeet_vishwaniketan_edu_in/EWuHcE0jmi9JgnBNJ9qrYCYBCFsRTT6LLwPXC49nXqIA6w?e=cb761i
Result TE (COMPUTER Engg. R-2019)_Sem-VI_ATKT_'C' Scheme_CBCS_Dec-2022,2023-03-29T03:28:00.003000-07:00,https://vishwaniketanexam.blogspot.com/2023/03/result-te-computer-engg-r-2019sem.html,https://vishwaniketaneduin-my.sharepoint.com/:b:/g/personal/exam_vimeet_vishwaniketan_edu_in/EfGIBYs_LdtJoDrPCgD2lJgBAptFweLaeekPLF5PtDf66A?e=eA67GK
Result SE (COMPUTER Engg. R-2019)_Sem-IV_ATKT_'C' Scheme_CBCS_Dec-2022,2023-03-29T03:27:00.002000-07:00,https://vishwaniketanexam.blogspot.com/2023/03/result-se-computer-engg-r-2019sem.html,https://vishwaniketaneduin-my.sharepoint.com/:b:/g/personal/exam_vimeet_vishwaniketan_edu_in/EZDRlzZe-GpGmVXaLY3u36kBvC85fVA_Lq_wjUbhEM_lnA?e=O1PK9G
Result SE (COMPUTER Engg. R-2019)_Sem-III_'C' Scheme_CBCS_Dec-2022,2023-03-29T03:24:00.002000-07:00,https://vishwaniketanexam.blogspot.com/2023/03/result-se-computer-engg-r-2019sem-iiic.html,https://vishwaniketaneduin-my.sharepoint.com/:b:/g/personal/exam_vimeet_vishwaniketan_edu_in/EWpIswvpGytItszpqoWdrIQBFjyXoLoqQyrQfAXaHQKSyw?e=D0CBLO
Result Honours Degree (Electrical Vehicle)_Electrical_Sem-V_'C' Scheme_CBCS_Dec-2022,2023-03-16T00:02:00.001000-07:00,https://vishwaniketanexam.blogspot.com/2023/03/result-honours-degree-electrical.html,https://vishwaniketaneduin-my.sharepoint.com/:b:/g/personal/exam_vimeet_vishwaniketan_edu_in/EdI0RCRwaZtCpx2mocLGUj4B0SkKsj-Ivgq-Tpk1njqAEQ?e=G4AUaa
Result TE (ELECTRICAL Engg. R-2019)_Sem-VI_ATKT_'C' Scheme_CBCS_Dec-2022,2023-03-15T23:52:00.006000-07:00,https://vishwaniketanexam.blogspot.com/2023/03/result-te-electrical-engg-r-2019sem.html,https://vishwaniketaneduin-my.sharepoint.com/:b:/g/personal/exam_vimeet_vishwaniketan_edu_in/EUmsw1F1brhFtIO-CGtKWBQBtwqHLz1IPN5XMagteAo_nQ?e=eZZn29
Result TE (ELECTRICAL Engg. R-2019)_Sem-V_'C' Scheme_CBCS_Dec-2022,2023-03-15T23:51:00.005000-07:00,https://vishwaniketanexam.blogspot.com/2023/03/result-te-electrical-engg-r-2019sem-vc.html,https://vishwaniketaneduin-my.sharepoint.com/:b:/g/personal/exam_vimeet_vishwaniketan_edu_in/EVuRV3CaHjRAt0bo0yT3YcQBe7OO3Uob7qP7LK2tZOujLA?e=HrmyQl
Result SE (ELECTRICAL Engg. R-2019)_Sem-IV_ATKT_'C' Scheme_CBCS_Dec-2022,2023-03-15T23:50:00.002000-07:00,https://vishwaniketanexam.blogspot.com/2023/03/result-se-electrical-engg-r-2019sem_15.html,https://vishwaniketaneduin-my.sharepoint.com/:b:/g/personal/exam_vimeet_vishwaniketan_edu_in/EbjPHyGnDo9Ap0I0K5iQ-BkBrOWbmpnpYE5exCCjIWOanQ?e=tvOmIY
Result SE (ELECTRICAL Engg. R-2019)_Sem-III_'C' Scheme_CBCS_Dec-2022,2023-03-15T23:49:00-07:00,https://vishwaniketanexam.blogspot.com/2023/03/result-se-electrical-engg-r-2019sem.html,https://vishwaniketaneduin-my.sharepoint.com/:b:/g/personal/exam_vimeet_vishwaniketan_edu_in/Ea2I1anW9zpLmQTHcqF7pU4B90b3tXHzeYc3rab8-LvDcQ?e=8aiepU
Result TE (CIIVIL Engg. R-2019)_Sem-VI_ATKT_'C' Scheme_CBCS_Dec-2022,2023-03-15T23:45:00.004000-07:00,https://vishwaniketanexam.blogspot.com/2023/03/result-te-ciivil-engg-r-2019sem-viatktc.html,https://vishwaniketaneduin-my.sharepoint.com/:b:/g/personal/exam_vimeet_vishwaniketan_edu_in/EQraha_JRwNGklRnF3Roh14Bz45x3q-U64IvyM16f2uWQw?e=Xum2Z7
Result TE (CIIVIL Engg. R-2019)_Sem-V_BSR_'C' Scheme_CBCS_Dec-2022,2023-03-15T23:44:00.003000-07:00,https://vishwaniketanexam.blogspot.com/2023/03/result-te-ciivil-engg-r-2019sem-vbsrc.html,https://vishwaniketaneduin-my.sharepoint.com/:b:/g/personal/exam_vimeet_vishwaniketan_edu_in/EV_0-MyYl49OgmlZJVv5LvgBDH5cFtJfUb1lc9XE0LjyZA?e=e8cGNQ
Result TE (CIIVIL Engg. R-2019)_Sem-V_ACT_'C' Scheme_CBCS_Dec-2022,2023-03-15T23:43:00.003000-07:00,https://vishwaniketanexam.blogspot.com/2023/03/result-te-ciivil-engg-r-2019sem-vactc.html,https://vishwaniketaneduin-my.sharepoint.com/:b:/g/personal/exam_vimeet_vishwaniketan_edu_in/EZo6mbFQJBdNitbEeuwgU4IB0bUCm5Kdd9-wJIqh1HO_UQ?e=KlCMHf
Result SE (CIIVIL Engg. R-2019)_Sem-IV_ATKT_'C' Scheme_CBCS_Dec-2022,2023-03-15T23:42:00-07:00,https://vishwaniketanexam.blogspot.com/2023/03/result-se-ciivil-engg-r-2019sem-ivatktc.html,https://vishwaniketaneduin-my.sharepoint.com/:b:/g/personal/exam_vimeet_vishwaniketan_edu_in/EXSeJ-Yq6gBNo3D5exyyB4IBJtxi4f5RcpHIXKaV-oV_5w?e=5KDK60
Result SE (CIIVIL Engg. R-2019)_Sem-III_'C' Scheme_CBCS_Dec-2022,2023-03-15T23:40:00.005000-07:00,https://vishwaniketanexam.blogspot.com/2023/03/result-se-ciivil-engg-r-2019sem-iiic.html,https://vishwaniketaneduin-my.sharepoint.com/:b:/g/personal/exam_vimeet_vishwaniketan_edu_in/Eb1X6v5b8j5Ig3C_3opL0e4B2aUxfubiySAwHRH-3YRGZA?e=5cLMtm
Result Honours Degree (Data Science)_Sem-V_'C' Scheme_CBCS_Dec-2022,2023-03-09T03:09:00.004000-08:00,https://vishwaniketanexam.blogspot.com/2023/03/result-honours-degree-data-sciencesem.html,https://vishwaniketaneduin-my.sharepoint.com/:b:/g/personal/exam_vimeet_vishwaniketan_edu_in/EWoSoAt9lr9Cti8SLcFid-sBlJi6AC3UzHI72oO-VI27ag?e=9Ac2fA
Result Honours Degree (AI & ML)_Sem-V_'C' Scheme_CBCS_Dec-2022,2023-03-09T03:08:00.006000-08:00,https://vishwaniketanexam.blogspot.com/2023/03/result-honours-degree-ai-mlsem-vc.html,https://vishwaniketaneduin-my.sharepoint.com/:b:/g/personal/exam_vimeet_vishwaniketan_edu_in/EVWx-x-5IQREpBd5nKdv8q4BbxyFzppgSJiaNZKXZm6GxQ?e=aKTZTy
Result TE (ExTC Engg. R-2019)_Sem-VI_ATKT_'C' Scheme_CBCS_Dec-2022,2023-03-09T03:03:00.007000-08:00,https://vishwaniketanexam.blogspot.com/2023/03/result-te-extc-engg-r-2019sem-vic.html,https://vishwaniketaneduin-my.sharepoint.com/:b:/g/personal/exam_vimeet_vishwaniketan_edu_in/EUG04bizzPhKurxsiBtRYcYB_CGQV0R0Jp6u6kc67CI4cg?e=20ovuu
Result TE (ExTC Engg. R-2019)_Sem-V_ATKT_'C' Scheme_CBCS_Dec-2022,2023-03-09T03:02:00.006000-08:00,https://vishwaniketanexam.blogspot.com/2023/03/result-te-extc-engg-r-2019sem-vatktc.html,https://vishwaniketaneduin-my.sharepoint.com/:b:/g/personal/exam_vimeet_vishwaniketan_edu_in/EWeYZTGVmbNMnGU2giji7w0BuyuFnVV2Py2AxyOg318_zw?e=rtIisg
Result TE (ExTC Engg. R-2019)_Sem-V_'C' Scheme_CBCS_Dec-2022,2023-03-09T03:01:00-08:00,https://vishwaniketanexam.blogspot.com/2023/03/result-te-extc-engg-r-2019sem-vc.html,https://vishwaniketaneduin-my.sharepoint.com/:b:/g/personal/exam_vimeet_vishwaniketan_edu_in/EZGhfEaUmb9KsCDsPAODbP8BBsJO5oxDYJYa0ofSwFGokg?e=2DUrE1
Result SE (ExTC Engg. R-2019)_Sem-IV_'C' Scheme_CBCS_Dec-2022,2023-03-09T02:59:00.003000-08:00,https://vishwaniketanexam.blogspot.com/2023/03/result-se-extc-engg-r-2019sem-ivc.html,https://vishwaniketaneduin-my.sharepoint.com/:b:/g/personal/exam_vimeet_vishwaniketan_edu_in/EZGsVGgnb6dDkyEAjcVRBmsBGot-jTZscNppIMRy7kFjaQ?e=r8NPhf
Result SE (ExTC Engg. R-2019)_Sem-III_'C' Scheme_CBCS_Dec-2022,2023-03-09T02:58:00.004000-08:00,https://vishwaniketanexam.blogspot.com/2023/03/result-se-extc-engg-r-2019sem-iiic.html,https://vishwaniketaneduin-my.sharepoint.com/:b:/g/personal/exam_vimeet_vishwaniketan_edu_in/ET8RHBzdkDBKgO1fy8SezHYBMbF0U2iRJlhEa1joi9d7pQ?e=GDAreS
Result TE (Mechanical Engg. R-2019)_Sem-VI_'C' Scheme_CBCS_Dec-2022,2023-03-09T02:56:00.006000-08:00,https://vishwaniketanexam.blogspot.com/2023/03/result-te-mechanical-engg-r-2019sem-vic.html,https://vishwaniketaneduin-my.sharepoint.com/:b:/g/personal/exam_vimeet_vishwaniketan_edu_in/ESnL4KjQ3dpOl62BOlkQvkMBuxU5ouFx0bVzxL7kHlA30Q?e=Qdlgju
Result TE (Mechanical Engg. R-2019)_Sem-V_'C' Scheme_CBCS_Dec-2022,2023-03-09T02:55:00.004000-08:00,https://vishwaniketanexam.blogspot.com/2023/03/result-te-mechanical-engg-r-2019sem-vc.html,https://vishwaniketaneduin-my.sharepoint.com/:b:/g/personal/exam_vimeet_vishwaniketan_edu_in/ET_qyssQRs9BocvWasX-_D4Brkwfm728HsoY9D0HWkgJ6w?e=AUOyCI
Result SE (Mechanical Engg. R-2019)_Sem-IV_'C' Scheme_CBCS_Dec-2022,2023-03-09T02:54:00.003000-08:00,https://vishwaniketanexam.blogspot.com/2023/03/result-se-mechanical-engg-r-2019sem-ivc.html,https://vishwaniketaneduin-my.sharepoint.com/:b:/g/personal/exam_vimeet_vishwaniketan_edu_in/EWnkQADGuoZIvSPJiJYZ9EABi8TiGpjorrnPHbNKkh1y4Q?e=ZG5PQq
Result SE (Mechanical Engg. R-2019)_Sem-III_'C' Scheme_CBCS_Dec-2022,2023-03-09T02:53:00.003000-08:00,https://vishwaniketanexam.blogspot.com/2023/03/result-se-mechanical-engg-r-2019sem.html,https://vishwaniketaneduin-my.sharepoint.com/:b:/g/personal/exam_vimeet_vishwaniketan_edu_in/EdQSU0Rf9KtHs4VOzqyNOT4B8UlDzC3CzMpZcrRWdNvwsQ?e=A7cOzF
HALL TICKET_ FE CIVIL ENGINEERING  SEM I (R 2019 C Scheme) WINTER SEESION 2022 ,2023-02-17T03:05:00.008000-08:00,https://vishwaniketanexam.blogspot.com/2023/02/seat-number-fe-civil-engineering-sem-i.html,https://vishwaniketaneduin-my.sharepoint.com/:b:/g/personal/exam_vimeet_vishwaniketan_edu_in/Eb6SQqoc8JFPoIv7EhLW9cwBXrM0T20EXAUFK4B4dKx3ZA?e=gb9DPG
HALL TICKET_FE ELECTRICAL ENGINEERING  SEM I (R 2019 C Scheme) WINTER SEESION 2022 ,2023-02-17T03:04:00.006000-08:00,https://vishwaniketanexam.blogspot.com/2023/02/seat-number-fe-electrical-engineering.html,https://vishwaniketaneduin-my.sharepoint.com/:b:/g/personal/exam_vimeet_vishwaniketan_edu_in/EfTRSYDjqdxKj9wWUgAN47QBMYEPZRcR5j-4YOFSt7dQRA?e=8heBoR
HALL TICKET_FE EXTC ENGINEERING  SEM I (R 2019 C Scheme) WINTER SEESION 2022 ,2023-02-17T03:03:00.007000-08:00,https://vishwaniketanexam.blogspot.com/2023/02/seat-number-fe-extc-engineering-ai-ml.html,https://vishwaniketaneduin-my.sharepoint.com/:b:/g/personal/exam_vimeet_vishwaniketan_edu_in/EYB4lCdJbt5Gnn3JRi_ji9EB4tliIebZzFUcwRC4dAMlCg?e=gOaFCd
HALL TICKET_FE MECHANICAL ENGINEERING  SEM I (R 2019 C Scheme) WINTER SEESION 2022 ,2023-02-17T03:02:00.005000-08:00,https://vishwaniketanexam.blogspot.com/2023/02/seat-number-fe-mechanical-engineering.html,https://vishwaniketaneduin-my.sharepoint.com/:b:/g/personal/exam_vimeet_vishwaniketan_edu_in/EX0N3v7qtAJIixO8zhGHzU4BE3_nS7iURGvTPwh-9hL-0w?e=GXU5vc
HALL TICKET_FE COMPUTER SCIENCE &  ENGINEERING (AI & ML) SEM I (R 2019 C Scheme) WINTER SEESION 2022 ,2023-02-17T03:01:00.004000-08:00,https://vishwaniketanexam.blogspot.com/2023/02/seat-number-fe-computer-science.html,https://vishwaniketaneduin-my.sharepoint.com/:b:/g/personal/exam_vimeet_vishwaniketan_edu_in/ESJVLPZocBBCrhiw1XoKN78Bia9kLSI2-meiRJOy10VdFQ?e=QIj01d
HALL TICKET_FE COMPUTER ENGINEERING SEM I (R 2019 C Scheme) WINTER SEESION 2022 ,2023-02-17T03:00:00.002000-08:00,https://vishwaniketanexam.blogspot.com/2023/02/seat-number-fe-computer-engineering-sem.html,https://vishwaniketaneduin-my.sharepoint.com/:b:/g/personal/exam_vimeet_vishwaniketan_edu_in/EZbf0Kv4NslIlwxPD4PjmkMBnd0OSIriIX9Ney8DI3JmWQ?e=ieryYp
"Revaluation Result(EXTC Engineering)R-2016 Sem- VIII, May -2022",2023-01-16T22:04:00.001000-08:00,https://vishwaniketanexam.blogspot.com/2023/01/revaluation-resultextc-engineeringr.html,https://vishwaniketaneduin-my.sharepoint.com/:b:/g/personal/exam_vimeet_vishwaniketan_edu_in/EY6_H72B8NBIqU4qPspkJIkBTCXOy68UEBzE1c3KRu9D6g?e=mjaZ0X
"Revaluation Result(Mechanical Engineering)R-2016 Sem- VIII, May -2022",2023-01-16T22:00:00.003000-08:00,https://vishwaniketanexam.blogspot.com/2023/01/revaluation-resultmechanical.html,https://vishwaniketaneduin-my.sharepoint.com/:b:/g/personal/exam_vimeet_vishwaniketan_edu_in/EQwBNuegxuxAnmdzZBkgXfkBwmS7gqClnlnfRd0FC6GJrQ?e=krkxEQ
"Revaluation Result(Electrical Engineering)R-2016 Sem- VIII, May -2022",2023-01-16T21:58:00.003000-08:00,https://vishwaniketanexam.blogspot.com/2023/01/revaluation-resultelectrical.html,https://vishwaniketaneduin-my.sharepoint.com/:b:/g/personal/exam_vimeet_vishwaniketan_edu_in/ERdVi4caTp9Pr-uFeyoS_EoBCLr-jZR7_wZGT2DDUwjelQ?e=YQgTio
"Revaluation Result(Civil Engineering)R-2016 Sem- VIII, May -2022",2023-01-16T21:56:00-08:00,https://vishwaniketanexam.blogspot.com/2023/01/revaluation-resultcivil-engineeringr.html,https://vishwaniketaneduin-my.sharepoint.com/:b:/g/personal/exam_vimeet_vishwaniketan_edu_in/EZ6aiV8d2qpFuopSn2jU74wBt1N4DQ81PELHgO0z6fVeYw?e=2saTod
Hall Tickets of BE Mechanical Engg. SEM-VII Nov/Dec 2022,2022-12-07T03:34:00.002000-08:00,https://vishwaniketanexam.blogspot.com/2022/12/hall-tickets-of-be-mechanical-engg-sem.html,https://vishwaniketaneduin-my.sharepoint.com/:b:/g/personal/exam_vimeet_vishwaniketan_edu_in/EaCKAMkzb1JNvRNuPmeRwvIBEWfSh60BNJSrEIsu44NHiA?e=jPfnrz
Hall Tickets of BE Electronics and Telecommunication Engg. SEM-VII Nov/Dec 2022,2022-12-07T03:32:00.005000-08:00,https://vishwaniketanexam.blogspot.com/2022/12/hall-tickets-of-be-electronics-and.html,https://vishwaniketaneduin-my.sharepoint.com/:b:/g/personal/exam_vimeet_vishwaniketan_edu_in/EeNuv68D4_RGgNI3jedpbV4BLm9cOyHblZSOBhZ2U1thbA?e=CUEfm2
Hall Tickets of BE Computer Engg. SEM-VII Nov/Dec 2022,2022-12-07T03:30:00.003000-08:00,https://vishwaniketanexam.blogspot.com/2022/12/hall-tickets-of-be-computer-engg-sem.html,https://vishwaniketaneduin-my.sharepoint.com/:b:/g/personal/exam_vimeet_vishwaniketan_edu_in/EVdgw-tudhlKtoKwZjpYzK0BnlGKKgchu66-qavH1-fKKw?e=FeAYdK
Hall Tickets of BE Civil Engg. SEM-VII Nov/Dec 2022,2022-12-07T03:28:00.002000-08:00,https://vishwaniketanexam.blogspot.com/2022/12/hall-tickets-of-be-civil-engg-sem-vii.html,https://vishwaniketaneduin-my.sharepoint.com/:b:/g/personal/exam_vimeet_vishwaniketan_edu_in/EWm8mwA-Z8BNqugeQCHIK1cB24O116OK9HMmb_63UzU9kw?e=ngDzY1
Hall Tickets of BE Electrical Engg. SEM-VII Nov/Dec 2022,2022-12-07T03:25:00.002000-08:00,https://vishwaniketanexam.blogspot.com/2022/12/hall-tickets-of-be-electrical-engg-sem.html,https://vishwaniketaneduin-my.sharepoint.com/:b:/g/personal/exam_vimeet_vishwaniketan_edu_in/EcQ45OxIr0NMkgp8uFrgBUIB7PrYsiyf6-iDFdP0DjkIqw?e=f7EodA
Result (F.E. KT) Sem-I & II_CBSGS_May_June-2022,2022-11-25T02:50:00-08:00,https://vishwaniketanexam.blogspot.com/2022/11/result-fe-kt-sem-i-iicbsgsmayjune-2022.html,https://vishwaniketaneduin-my.sharepoint.com/:b:/g/personal/exam_vimeet_vishwaniketan_edu_in/EcPNm3CPEWxDvA58u1xtwhIB7S12px2WMPZbzOX5_WLqhw?e=avvBT3
All branches Time Table for SE SEM III (R2016 Choice based) KT DEC 2022 Examination,2022-11-15T21:57:00.004000-08:00,https://vishwaniketanexam.blogspot.com/2022/11/all-branches-time-table-for-se-sem-iii_15.html,https://vishwaniketaneduin-my.sharepoint.com/:b:/g/personal/exam_vimeet_vishwaniketan_edu_in/Ebm4nDZlOtFGrmsz4x11b-8BlpP0iMq6ZnniFi2agFsoDw?e=Vs842p
All branches Time Table for SE SEM III (R2019 C Scheme) DEC 2022 Examination,2022-11-15T21:43:00.004000-08:00,https://vishwaniketanexam.blogspot.com/2022/11/all-branches-time-table-for-se-sem-iii.html,https://vishwaniketaneduin-my.sharepoint.com/:b:/g/personal/exam_vimeet_vishwaniketan_edu_in/EbNbKAWFIQpNm3Sk16rYGSoB4Z3r62OtRKjIiibSsWccjQ?e=GK0oIF
All branches Time Table for BE SEM VIII Choice Based KT DEC 2022 Examination,2022-11-14T00:43:00.004000-08:00,https://vishwaniketanexam.blogspot.com/2022/11/all-branches-time-table-for-be-sem-viii.html,https://vishwaniketaneduin-my.sharepoint.com/:b:/g/personal/exam_vimeet_vishwaniketan_edu_in/EZ2HPx1yNOFGsBdBNkqFuzQBlH09jPtljEDgiWA6bYBXTg?e=JK0Dqc
"Revaluation Result(Computer Engineering)R-2019 Sem- VI, May -2022",2022-10-16T21:13:00.004000-07:00,https://vishwaniketanexam.blogspot.com/2022/10/revaluation-resultcomputer-engineeringr.html,https://vishwaniketaneduin-my.sharepoint.com/:b:/g/personal/exam_vimeet_vishwaniketan_edu_in/EU4E2SWgl6hCtgwEr3-Ht20BJyhW_WJecdINX0QrCqoENA?e=1cuqgr
"Revaluation Result(computer Engineering)R-2019 Sem-IV, May-2022",2022-10-16T21:07:00.005000-07:00,https://vishwaniketanexam.blogspot.com/2022/10/revaluation-resutlcomputer-engineeringr.html,https://vishwaniketaneduin-my.sharepoint.com/:b:/g/personal/exam_vimeet_vishwaniketan_edu_in/EdfcjNJjizNAulFI37aneAIB8oRph7sxMg2NFK60Se9Jsw?e=0Cy2gl
Revaluation Result:(COMPUTER SCIENCE AND ENGINEERING (ARTIFICIAL INTELLIGENCE AND MACHINE LEARNING -R-2019)_Sem-IV_May-2022,2022-10-10T01:55:00.002000-07:00,https://vishwaniketanexam.blogspot.com/2022/10/revaluation-resultcomputer-science-and.html,https://vishwaniketaneduin-my.sharepoint.com/:b:/g/personal/exam_vimeet_vishwaniketan_edu_in/Ef8sR1AxNLxKmV9D55Lc3HIBVX4HXR8M3uDjqf20dcxKwQ?e=ZiaKlB
Revaluation Result:(Civil Engineering-R-2019)_Sem-VI_May-2022,2022-10-10T01:51:00.007000-07:00,https://vishwaniketanexam.blogspot.com/2022/10/revaluation-resultcivil-engineering-r_10.html,https://vishwaniketaneduin-my.sharepoint.com/:b:/g/personal/exam_vimeet_vishwaniketan_edu_in/EXf0db0z8t9JoheB3F7812oB2WluErbzCRe-lCrAL6I6ag?e=t8edfp
Revaluation Result:(Civil Engineering-R-2019)_Sem-IV_May-2022,2022-10-10T01:50:00.004000-07:00,https://vishwaniketanexam.blogspot.com/2022/10/revaluation-resultcivil-engineering-r.html,https://vishwaniketaneduin-my.sharepoint.com/:b:/g/personal/exam_vimeet_vishwaniketan_edu_in/EcUDMU8wTKBGsZ10uUjZYS0BypefSMrYCmuYfJefkYhkYg?e=h78l4q
Revaluation Result:(Electrical Engineering-R-2019)_Sem-VI_May-2022,2022-10-10T01:47:00.002000-07:00,https://vishwaniketanexam.blogspot.com/2022/10/revaluation-resultelectrical_10.html,https://vishwaniketaneduin-my.sharepoint.com/:b:/g/personal/exam_vimeet_vishwaniketan_edu_in/EUsucqRo0LZGoG0BuVZ8f7kB4_ia8nvSWk0-UGauYCDVuw?e=UdCtAz
Revaluation Result:(Electrical Engineering-R-2019)_Sem-IV_May-2022,2022-10-10T01:44:00.003000-07:00,https://vishwaniketanexam.blogspot.com/2022/10/revaluation-resultelectrical.html,https://vishwaniketaneduin-my.sharepoint.com/:b:/g/personal/exam_vimeet_vishwaniketan_edu_in/EREIo2DuWgxJqcisa9PFruoBe0Aqh4R7onkBExMF_1_ksg?e=XFYEun
Revaluation Result:(Mechanical Engineering-R-2019)_Sem-VI_May-2022,2022-10-10T01:39:00.003000-07:00,https://vishwaniketanexam.blogspot.com/2022/10/revaluation-resultmechanical_10.html,https://vishwaniketaneduin-my.sharepoint.com/:b:/g/personal/exam_vimeet_vishwaniketan_edu_in/EaldxcZMINJAiPJWA62TjgYBXmcsW_u7MD22JkRApapr0g?e=hRyb2r
Revaluation Result:(Mechanical Engineering-R-2019)_Sem-IV_May-2022,2022-10-10T01:36:00-07:00,https://vishwaniketanexam.blogspot.com/2022/10/revaluation-resultmechanical.html,https://vishwaniketaneduin-my.sharepoint.com/:b:/g/personal/exam_vimeet_vishwaniketan_edu_in/Ecm0D2ZttzxFuNcoJA-QinoBkm_fBcdtbbQrUtGRJ8qUhw?e=Rjdkem
Result BE (Computer Engg. R-2016)_Sem-VIII_CBCS_Regular_(MAY-2022),2022-08-31T22:54:00.003000-07:00,https://vishwaniketanexam.blogspot.com/2022/08/result-be-computer-engg-r-2016sem.html,https://vishwaniketaneduin-my.sharepoint.com/:b:/g/personal/exam_vimeet_vishwaniketan_edu_in/ERjAYsHWAAhHtHPgqMVFw44BTSvdv3RId59azVr48WLFTg?e=1AA0WC
Result BE (Civil Engg. R-2016)_Sem-VIII_CBCS_Regular_(MAY-2022,2022-08-27T02:41:00.003000-07:00,https://vishwaniketanexam.blogspot.com/2022/08/result-be-civil-engg-r-2016sem.html,https://vishwaniketaneduin-my.sharepoint.com/:b:/g/personal/exam_vimeet_vishwaniketan_edu_in/ETxnKe86PexPqFC4CpVsQNEBfhRg03jKs1hD2vNJquiHAQ?e=8HLc0y
Result SE (Computer Engg. R-2016)_Sem-IV_CBCS_( A.T.K.T.)_MAY-2022,2022-08-24T03:40:00.003000-07:00,https://vishwaniketanexam.blogspot.com/2022/08/result-se-computer-engg-r-2016sem_24.html,https://vishwaniketaneduin-my.sharepoint.com/:b:/g/personal/exam_vimeet_vishwaniketan_edu_in/EbSZJ_0MIWtCrOhP5mIeB1gBGrtHgotiOW5jbx-_BBYGaA?e=l8aOPC
Result SE (Computer Engg. R-2016)_Sem-III_CBCS_( KT)_MAY-2022,2022-08-24T03:38:00.004000-07:00,https://vishwaniketanexam.blogspot.com/2022/08/result-se-computer-engg-r-2016sem.html,https://vishwaniketaneduin-my.sharepoint.com/:b:/g/personal/exam_vimeet_vishwaniketan_edu_in/ETVznEXThB5IlNyJY85XkQwBm7xotu9Sut7SI5Nm6DyQQQ?e=rRSH1n
Result TE (Computer Engg. R-2019)_Sem-VI_'C' Scheme_MAY-2022,2022-08-24T03:35:00.003000-07:00,https://vishwaniketanexam.blogspot.com/2022/08/result-te-computer-engg-r-2019sem-vic.html,https://vishwaniketaneduin-my.sharepoint.com/:b:/g/personal/exam_vimeet_vishwaniketan_edu_in/EWgOTsul8GhNiXeGA95nFG4Bp5eLS4Pa79MFoKVS15VcEw?e=PeDorw
Result SE (Computer  Engg. R-2019)_Sem-IV_'C' Scheme_MAY-2022,2022-08-24T03:31:00.003000-07:00,https://vishwaniketanexam.blogspot.com/2022/08/result-se-computer-engg-r-2019sem-ivc.html,https://vishwaniketaneduin-my.sharepoint.com/:b:/g/personal/exam_vimeet_vishwaniketan_edu_in/EWzNp-Q1OHlEkJWpediW3vYBtBwPph17QilhE4UdOPllWw?e=GETdjZ
Result TE (ExTC Engg. R-2019)_Sem-V_'C' Scheme_ ATKT_MAY-2022,2022-08-20T00:27:00-07:00,https://vishwaniketanexam.blogspot.com/2022/08/result-te-extc-engg-r-2019sem-vc-scheme.html,https://vishwaniketaneduin-my.sharepoint.com/:b:/g/personal/exam_vimeet_vishwaniketan_edu_in/EQRIH3UC5qRIgcxVdjM6-rIBZQx2H7GvAk-kztIUMl2d4Q?e=o4wfdb
Result TE (ExTC Engg. R-2019)_Sem-VI_'C' Scheme_MAY-2022,2022-08-20T00:25:00.003000-07:00,https://vishwaniketanexam.blogspot.com/2022/08/result-te-extc-engg-r-2019sem-vic.html,https://vishwaniketaneduin-my.sharepoint.com/:b:/g/personal/exam_vimeet_vishwaniketan_edu_in/EfBU8ypWfblKsv_Z9F4zjVgB5ZcaPRl1hnEWIB8Y65xWZw?e=1dqNlA
Result SE (ExTC Engg. R-2019)_Sem-IV_'C' Scheme_MAY-2022,2022-08-20T00:23:00.005000-07:00,https://vishwaniketanexam.blogspot.com/2022/08/result-se-extc-engg-r-2019sem-ivc.html,https://vishwaniketaneduin-my.sharepoint.com/:b:/g/personal/exam_vimeet_vishwaniketan_edu_in/EZtPPK_F0OBEsEFIO5FROwMBiptJRF7KOAFOwo8YevILaQ?e=mRQb0l
Result TE (Electrical Engg. R-2019)_Sem-V_'C' Scheme_CBCS_( KT)_MAY-2022,2022-08-13T03:28:00.003000-07:00,https://vishwaniketanexam.blogspot.com/2022/08/result-te-electrical-engg-r-2019sem-vc.html,https://vishwaniketaneduin-my.sharepoint.com/:b:/g/personal/exam_vimeet_vishwaniketan_edu_in/ETydD1qSGktJtdcDKVueb4oBGBiSzLzSKFmN0naglEM4Lg?e=qyhNmn
Result SE (Electrical Engg. R-2019)_Sem-III_'C' Scheme_CBCS_( KT)_MAY-2022,2022-08-13T03:26:00.003000-07:00,https://vishwaniketanexam.blogspot.com/2022/08/result-se-electrical-engg-r-2019sem.html,https://vishwaniketaneduin-my.sharepoint.com/:b:/g/personal/exam_vimeet_vishwaniketan_edu_in/EQo7mNfEvAtJkPWVNZn8i38BuHZLuIcW2CdxX4l_xzwHwA?e=NwrEap
Result TE (Electrical Engg. R-2019)_Sem-VI_'C' Scheme_CBCS_MAY-2022,2022-08-13T03:24:00-07:00,https://vishwaniketanexam.blogspot.com/2022/08/result-te-electrical-engg-r-2019sem-vic.html,https://vishwaniketaneduin-my.sharepoint.com/:b:/g/personal/exam_vimeet_vishwaniketan_edu_in/EW_oOVlJn0RMhmgBuMX-2IIBbXtb9GBJwkUqsyd-XNRXxA?e=YiifZ2
Result SE (Electrical Engg. R-2019)_Sem-IV_'C' Scheme_CBCS_MAY-2022,2022-08-13T03:21:00.005000-07:00,https://vishwaniketanexam.blogspot.com/2022/08/result-se-electrical-engg-r-2019sem-ivc.html,https://vishwaniketaneduin-my.sharepoint.com/:b:/g/personal/exam_vimeet_vishwaniketan_edu_in/Efq_Cal191dLh9T2mLwiNIkBjZoT28JfDwPyd4gGW2kdsQ?e=VK97W3
Result TE (Civil Engg. R-2019)_Sem-V_'C' Scheme_CBCS_( KT)_MAY-2022,2022-08-04T04:44:00.003000-07:00,https://vishwaniketanexam.blogspot.com/2022/08/result-te-civil-engg-r-2019sem-vc.html,https://vishwaniketaneduin-my.sharepoint.com/:b:/g/personal/exam_vimeet_vishwaniketan_edu_in/EatF7H2CdFtClOKSemOIJZABccpgy9QkJAb8_rO5q8S61w?e=te7mgO
Result TE (Civil Engg. R-2016)_Sem-V_CBCS_( KT)_MAY-2022,2022-08-04T04:42:00.001000-07:00,https://vishwaniketanexam.blogspot.com/2022/08/result-te-civil-engg-r-2016sem-vcbcs.html,https://vishwaniketaneduin-my.sharepoint.com/:b:/g/personal/exam_vimeet_vishwaniketan_edu_in/EYLYjfaK7PtPl7o2cg9KTSEBcELoSq6amLV_7MdXFW0SEg?e=N3mhto
Result SE (Civil Engg. R-2019)_Sem-III_'C' Scheme_CBCS_( KT)_MAY-2022,2022-08-04T04:39:00.003000-07:00,https://vishwaniketanexam.blogspot.com/2022/08/result-se-civil-engg-r-2019sem-iiic.html,https://vishwaniketaneduin-my.sharepoint.com/:b:/g/personal/exam_vimeet_vishwaniketan_edu_in/EbPfdXZYYihPlR9USsgYGMYBwSWFeswabw29D9Nfr-5hFw?e=hsGvyg
Result SE (Civil Engg. R-2016)_Sem-III_CBCS_( KT)_MAY-2022,2022-08-04T04:36:00.004000-07:00,https://vishwaniketanexam.blogspot.com/2022/08/result-se-civil-engg-r-2016sem-iiicbcs.html,https://vishwaniketaneduin-my.sharepoint.com/:b:/g/personal/exam_vimeet_vishwaniketan_edu_in/EWEoRYP1_jRFpIhtoKbN3gsBcAhuMR4zi_7xCSQL8GYTog?e=7liqZd
Result TE (Civil Engg. R-2019)_Sem-VI_'C' Scheme_CBCS_MAY-2022,2022-08-04T04:30:00.002000-07:00,https://vishwaniketanexam.blogspot.com/2022/08/result-te-civil-engg-r-2019sem-vic.html,https://vishwaniketaneduin-my.sharepoint.com/:b:/g/personal/exam_vimeet_vishwaniketan_edu_in/Efpu8yBPrKZJhSFTNhzg7OEBUDTQxSdJnSFnV-e8lP_qnA?e=Aiopw2
Result SE (Civil Engg. R-2019)_Sem-IV_'C' Scheme_CBCS_MAY-2022,2022-08-04T04:27:00.003000-07:00,https://vishwaniketanexam.blogspot.com/2022/08/result-se-civil-engg-r-2019sem-ivc.html,https://vishwaniketaneduin-my.sharepoint.com/:b:/g/personal/exam_vimeet_vishwaniketan_edu_in/EW6wLlkXWlBJiP_gjPGepx0BffIimvFdxkRrDslvM3fNbQ?e=aWzqLo
Result SE (CSE-AI&ML R-2019)_Sem-IV_'C' Scheme_CBCS_MAY-2022,2022-08-04T03:52:00.004000-07:00,https://vishwaniketanexam.blogspot.com/2022/08/result-se-cse-ai-r-2019sem-ivc.html,https://vishwaniketaneduin-my.sharepoint.com/:b:/g/personal/exam_vimeet_vishwaniketan_edu_in/Ef0ClLfX5cRBkX2QrTiq7o8Byp69Xiph_Hcc0hFQYhdHxA?e=uNGCRS
Result TE (Mechanical Engg. R-2019)_Sem-V_'C' Scheme_CBCS_( KT)_MAY-2022,2022-08-04T03:41:00.003000-07:00,https://vishwaniketanexam.blogspot.com/2022/08/result-te-mechanical-engg-r-2019sem-vc.html,https://vishwaniketaneduin-my.sharepoint.com/:b:/g/personal/exam_vimeet_vishwaniketan_edu_in/EVlqCEj8XURPuVJ1CHyvFwQBjo39biktdZPR1gIqOCtDuw?e=QVebRT
Result SE (Mechanical Engg. R-2016)_Sem-IV_CBCS_( KT)_MAY-2022,2022-08-04T03:39:00.001000-07:00,https://vishwaniketanexam.blogspot.com/2022/08/result-se-mechanical-engg-r-2016sem.html,https://vishwaniketaneduin-my.sharepoint.com/:b:/g/personal/exam_vimeet_vishwaniketan_edu_in/EdEd7emiGAtHu9XSWdsPCPMBD5-ih_hrGbv69kI7oqAclg?e=EFNML4
Result SE (Mechanical Engg. R-2019)_Sem-III_'C' Scheme_CBCS_( KT)_MAY-2022,2022-08-04T03:35:00.003000-07:00,https://vishwaniketanexam.blogspot.com/2022/08/result-se-mechanical-engg-r-2019sem.html,https://vishwaniketaneduin-my.sharepoint.com/:b:/g/personal/exam_vimeet_vishwaniketan_edu_in/EYo02urkqfdFpYXRjlIhS-UBzP_cQIHVqWdnLip743M8jg?e=AnWV5U
Result TE (Mechanical Engg. R-2019)_Sem-VI_'C' Scheme_CBCS_MAY-2022,2022-08-04T03:27:00-07:00,https://vishwaniketanexam.blogspot.com/2022/08/result-te-mechanical-engg-r-2019sem-vic.html,https://vishwaniketaneduin-my.sharepoint.com/:b:/g/personal/exam_vimeet_vishwaniketan_edu_in/ESro5zRIK7pGuZbGyD9ahEABoTeT3ZaPQVsDlF6Um6e07g?e=kAhP1V
Result SE (Mechanical Engg. R-2019)_Sem-IV_'C' Scheme_CBCS_MAY-2022,2022-08-04T03:15:00-07:00,https://vishwaniketanexam.blogspot.com/2022/08/result-se-mechanical-engg-r-2019sem-ivc.html,https://vishwaniketaneduin-my.sharepoint.com/:b:/g/personal/exam_vimeet_vishwaniketan_edu_in/Eb6DBNCTWblFg7r_5nNrh3cB2b5CMMr4ndwIbpa_ytB0qQ?e=OCWIXH
Result DSE (Computer  Engg. R-2019)_Sem-III_'C' Scheme_CBCS_FEB-2022,2022-05-14T21:31:00.004000-07:00,https://vishwaniketanexam.blogspot.com/2022/05/result-dse-computer-engg-r-2019sem-iiic.html,https://vishwaniketaneduin-my.sharepoint.com/:b:/g/personal/exam_vimeet_vishwaniketan_edu_in/EeeUwDMSzW1FkCZQG13Us0gBRhlw8Ei5wrHk5t4zowsB1w?e=gljKLO
TIME TABLE SE SEM IV (R 2019 C Scheme) Summer 2022 Examination,2022-05-07T04:20:00.003000-07:00,https://vishwaniketanexam.blogspot.com/2022/05/time-table-se-sem-iv-r-2019-c-scheme_7.html,https://vishwaniketaneduin-my.sharepoint.com/:b:/g/personal/exam_vimeet_vishwaniketan_edu_in/ESMhyAZUxXlIgRfyXe1SPrkBO7teQlG7jXTMRn3xZkVKFA?e=EoIaSG
TIME TABLE TE SEM VI ALL BRANCHES  (R 2019 C Scheme) Summer 2022 Examination,2022-05-07T04:15:00.003000-07:00,https://vishwaniketanexam.blogspot.com/2022/05/time-table-te-sem-vi-r-2019-c-scheme.html,https://vishwaniketaneduin-my.sharepoint.com/:b:/g/personal/exam_vimeet_vishwaniketan_edu_in/EXDJBm4mT39ChBCy-dUIhIsBjhtvxHAbcM03oQSw8Fva-g?e=v1xLaT
TIME TABLE SE SEM IV ALL BRANCHES  (R 2016 Choice Based) Summer 2022 Examination,2022-05-07T03:00:00.005000-07:00,https://vishwaniketanexam.blogspot.com/2022/05/time-table-se-sem-iv-r-2019-c-scheme.html,https://vishwaniketaneduin-my.sharepoint.com/:b:/g/personal/exam_vimeet_vishwaniketan_edu_in/EXRfZGrh6YZNnEZSb3u2XnUBOXme-aHwM9cD8Tfj7iwYbA?e=66U9zP
Result DSE (Mechanical  Engg. R-2019)_Sem-III_'C' Scheme_CBCS_FEB-2022,2022-05-07T02:54:00.005000-07:00,https://vishwaniketanexam.blogspot.com/2022/05/result-dse-mechanical-engg-r-2019sem.html,https://vishwaniketaneduin-my.sharepoint.com/:b:/g/personal/exam_vimeet_vishwaniketan_edu_in/EeLCilc6lThAiNUq0hJmUVUBIgfS0QrR__FG_aNLX8OafA?e=MZDnfp
QUESTION PAPER PATTERN FOR SUMMER (MAY/JUNE) 2022 EXAMINATION,2022-05-05T03:26:00.006000-07:00,https://vishwaniketanexam.blogspot.com/2022/05/question-paper-pattern-for-summer.html,https://vishwaniketaneduin-my.sharepoint.com/:w:/g/personal/exam_vimeet_vishwaniketan_edu_in/EUg8qt1GY79IqYP9V3TBlVcB_4AWXrcs0EKPjrzVatxffQ?e=UAGqi6
TIME TABLE BE ELECTRICAL SEM VIII (R 2016 Choice Based) Summer 2022 Examination,2022-05-05T03:21:00.003000-07:00,https://vishwaniketanexam.blogspot.com/2022/05/time-table-be-electrical-sem-viii-r.html,https://vishwaniketaneduin-my.sharepoint.com/:b:/g/personal/exam_vimeet_vishwaniketan_edu_in/EW7fQYYUdMBOtlDxeat9eEYB-NRn9mwd-qFF-7cMgOB05w?e=UvzXnq
TIME TABLE BE MECHANICAL SEM VIII (R 2016 Choice Based) Summer 2022 Examination,2022-05-05T03:20:00.003000-07:00,https://vishwaniketanexam.blogspot.com/2022/05/time-table-be-mechanical-sem-viii-r.html,https://vishwaniketaneduin-my.sharepoint.com/:b:/g/personal/exam_vimeet_vishwaniketan_edu_in/EYgRQrT4_wpBv2wjqYo2VswBr1WY3XyAfZL8IyH-GkD__Q?e=aqKhZY
TIME TABLE BE COMPUTER SEM VIII (R 2016 Choice Based) Summer 2022 Examination,2022-05-05T03:18:00.004000-07:00,https://vishwaniketanexam.blogspot.com/2022/05/tabletime-be-computer-sem-viii-r-2016.html,https://vishwaniketaneduin-my.sharepoint.com/:b:/g/personal/exam_vimeet_vishwaniketan_edu_in/Ef2CDoPMgnlJuWSnHfYCNCkBWRuHnfATN7GJhFaGsy7oOA?e=6CGkjN
TIME TABLE BE EXTC SEM VIII (R 2016 Choice Based) Summer 2022 Examination,2022-05-05T03:16:00.003000-07:00,https://vishwaniketanexam.blogspot.com/2022/05/time-table-be-extc-sem-viii-r-2016.html,https://vishwaniketaneduin-my.sharepoint.com/:b:/g/personal/exam_vimeet_vishwaniketan_edu_in/Ed88F6mp_z1NiLA_lS2E0hEBE1OZIAyeHQrUP1k9xyqJWQ?e=mq0uqw
TIME TABLE BE CIVIL SEM VIII (R 2016 Choice Based) Summer 2022 Examination,2022-05-05T03:15:00.001000-07:00,https://vishwaniketanexam.blogspot.com/2022/05/time-table-be-civil-sem-viii-r-2016.html,https://vishwaniketaneduin-my.sharepoint.com/:b:/g/personal/exam_vimeet_vishwaniketan_edu_in/EcrxXrF66-JAq8Y7WmKilFIB0aSZ32CoHYJT_9OBnB-Zsg?e=PboVp6
Result DSE (Civil  Engg. R-2019)_Sem-III_'C' Scheme_CBCS_FEB-2022,2022-04-30T00:31:00.003000-07:00,https://vishwaniketanexam.blogspot.com/2022/04/result-dse-civil-engg-r-2019sem-iiic.html,https://vishwaniketaneduin-my.sharepoint.com/:b:/g/personal/exam_vimeet_vishwaniketan_edu_in/EfkuWjiDujVEopHxFPNU2NoBBws5cGl10L1JUwowrDnRGg?e=AWPj2n
Result DSE (Electrical  Engg. R-2019)_Sem-III_'C' Scheme_CBCS_FEB-2022,2022-04-30T00:30:00.002000-07:00,https://vishwaniketanexam.blogspot.com/2022/04/result-dse-electrical-engg-r-2019sem.html,https://vishwaniketaneduin-my.sharepoint.com/:b:/g/personal/exam_vimeet_vishwaniketan_edu_in/EanEU6DykvBFlteVaFQXGs4BJ4-ByYBxtoizDKy0siKt5g?e=wZuEIB
Result DSE (ExTC  Engg. R-2019)_Sem-III_'C' Scheme_CBCS_FEB-2022,2022-04-30T00:29:00.002000-07:00,https://vishwaniketanexam.blogspot.com/2022/04/result-dse-extc-engg-r-2019sem-iiic.html,https://vishwaniketaneduin-my.sharepoint.com/:b:/g/personal/exam_vimeet_vishwaniketan_edu_in/EWDWAzcVXlJIhHHbFUs8ZBsB6grD1_6pLEbVoAJ_K7himw?e=3dA7TX
Result DSE (CSE(AI & ML)  Engg. R-2019)_Sem-III_'C' Scheme_CBCS_FEB-2022,2022-04-30T00:28:00.001000-07:00,https://vishwaniketanexam.blogspot.com/2022/04/result-dse-cseai-ml-engg-r-2019sem-iiic.html,https://vishwaniketaneduin-my.sharepoint.com/:b:/g/personal/exam_vimeet_vishwaniketan_edu_in/ER8xXby-gV5IuCcI-2aUx68B045Ue6SKiXSXu-WDfAhYFA?e=vImPPu
Result SE (CSE(AI & ML)  Engg. R-2019)_Sem-III_'C' Scheme_CBCS_Dec-2021,2022-04-01T02:25:00.005000-07:00,https://vishwaniketanexam.blogspot.com/2022/04/result-se-cseai-ml-r-2019sem-iiic.html,https://vishwaniketaneduin-my.sharepoint.com/:b:/g/personal/exam_vimeet_vishwaniketan_edu_in/ESyrgD8lm5NLn4pIsoPyRc0BEglSE8UBhRmno60Y8Oj2_Q?e=eRZVV9
Result SE (Computer Engg. R-2019)_Sem-III_'C' Scheme_CBCS_Dec-2021,2022-04-01T02:23:00.001000-07:00,https://vishwaniketanexam.blogspot.com/2022/04/result-te-computer-engg-r-2019sem-iiic.html,https://vishwaniketaneduin-my.sharepoint.com/:b:/g/personal/exam_vimeet_vishwaniketan_edu_in/Ec60IBQez4pMgilGSE8BSjgB8i8gY0_3ccKxp6GzOS41PQ?e=DOwkyY
Result TE (Computer Engg. R-2019)_Sem-V_'C' Scheme_CBCS_Dec-2021,2022-04-01T02:20:00.004000-07:00,https://vishwaniketanexam.blogspot.com/2022/04/result-te-computer-engg-r-2019sem-vc.html,https://vishwaniketaneduin-my.sharepoint.com/:b:/g/personal/exam_vimeet_vishwaniketan_edu_in/ET4EXxD-TONAsNorwK8Ci_wBD2wFR-Lh0lBmhd4466D0xQ?e=FV5cK9
Result SE (Civil Engg. R-2019)_Sem-IV_'C' Scheme_ A.T.K.T CBCS_Dec-2021,2022-03-05T02:05:00.003000-08:00,https://vishwaniketanexam.blogspot.com/2022/03/result-se-civil-engg-r-2019sem-ivc.html,https://vishwaniketaneduin-my.sharepoint.com/:b:/g/personal/exam_vimeet_vishwaniketan_edu_in/EczPVqnwaSlOkM_tI2QkUVsBe406n6FbJAYMUVl_IhjHrA?e=TUUja1
Result TE (Civil Engg. R-2019)_Sem-V_'C' Scheme_CBCS_Dec-2021,2022-03-05T01:46:00.003000-08:00,https://vishwaniketanexam.blogspot.com/2022/03/result-te-civil-engg-r-2019sem-vc.html,https://vishwaniketaneduin-my.sharepoint.com/:b:/g/personal/exam_vimeet_vishwaniketan_edu_in/EbBiEjC8ENVKm3jSEKkCc9sBBBco8z7G2AOKwPxuQWfxmQ?e=zFALC8
Result SE (Civil Engg. R-2019)_Sem-III_'C' Scheme_CBCS_Dec-2021,2022-03-05T01:42:00.004000-08:00,https://vishwaniketanexam.blogspot.com/2022/03/result-se-civil-engg-r-2019sem-iiic.html,https://vishwaniketaneduin-my.sharepoint.com/:b:/g/personal/exam_vimeet_vishwaniketan_edu_in/EdS2TBimFdhPg4dpTAnRG8wBdJMd5yBAsZ5iYQNeXrhzrw?e=NdYS3t
Result TE (civil Engg. R-2016)_Sem-V_CBCS_ATKT_Dec-2021,2022-03-05T01:32:00.004000-08:00,https://vishwaniketanexam.blogspot.com/2022/03/result-te-civil-engg-r-2019sem_5.html,https://vishwaniketaneduin-my.sharepoint.com/:b:/g/personal/exam_vimeet_vishwaniketan_edu_in/Efleq-15TZ9BpJpkhFQECBUBWPyRmZ4kkIBShU9sMETe3A?e=1zVs2f
Result TE (civil Engg. R-2016)_Sem-VI_CBCS_ATKT_Dec-2021,2022-03-05T00:56:00.003000-08:00,https://vishwaniketanexam.blogspot.com/2022/03/result-te-civil-engg-r-2019sem.html,https://vishwaniketaneduin-my.sharepoint.com/:b:/g/personal/exam_vimeet_vishwaniketan_edu_in/EUt50OpBq0tKpohj2-y4YpsBl8fcWXKUPtjdl--U41p9xQ?e=tIBhkm
Result TE (Electrical Engg. R-2016)_Sem-V_CBCS_ATKT_Dec-2021,2022-03-04T23:37:00.002000-08:00,https://vishwaniketanexam.blogspot.com/2022/03/result-te-electrical-engg-r-2019sem.html,https://vishwaniketaneduin-my.sharepoint.com/:b:/g/personal/exam_vimeet_vishwaniketan_edu_in/EQiHZnOev8pDi7Q3WeQUNfIBZwqQhvm8bUBtbqdUcNIj3w?e=O2VhUS
Result TE (Electrical Engg. R-2019)_Sem-V_'C' Scheme_CBCS_Dec-2021,2022-03-04T23:37:00.001000-08:00,https://vishwaniketanexam.blogspot.com/2022/03/result-te-electrical-engg-r-2019sem-vc.html,https://vishwaniketaneduin-my.sharepoint.com/:b:/g/personal/exam_vimeet_vishwaniketan_edu_in/EfDyGk29eDVAmbQcS7lEzVEBG8yVOHTZ10B01FR2f_drOw?e=fxc8d4
Result TE (Electrical Engg. R-2016)_Sem-VI_CBCS_ATKT_Dec-2021,2022-03-04T23:36:00.004000-08:00,https://vishwaniketanexam.blogspot.com/2022/03/result-te-electrical-engg-r-2019sem_4.html,https://vishwaniketaneduin-my.sharepoint.com/:b:/g/personal/exam_vimeet_vishwaniketan_edu_in/EXSHp1vC8dJDqNSgIBquCOABRnCUVi2dwqzXNRx_Ect8qQ?e=Jujvng
Result SE (Electrical Engg. R-2019)_Sem-III_'C' Scheme_CBCS_Dec-2021,2022-03-04T23:30:00.001000-08:00,https://vishwaniketanexam.blogspot.com/2022/03/result-se-electrical-engg-r-2019sem.html,https://vishwaniketaneduin-my.sharepoint.com/:b:/g/personal/exam_vimeet_vishwaniketan_edu_in/Eam8fJ-vwTxOsFoq-dwrH54B1IwqA_kpLP5ERfwB6BvYwg?e=3zv9AR
Examination Time Table FE SEM I & SEM II KT March 2022,2022-02-23T02:18:00.006000-08:00,https://vishwaniketanexam.blogspot.com/2022/02/examination-time-table-fe-sem-i-sem-ii.html,https://drive.google.com/file/d/1EhrjDnfX2LMTYaUw1rArsdxjSOik_HrA/view?usp=sharing
Examination Time Table FE SEM I R 2019 C Scheme,2022-02-23T02:12:00.004000-08:00,https://vishwaniketanexam.blogspot.com/2022/02/examination-time-table-fe-sem-i-r-2019.html,https://drive.google.com/file/d/1b-iK47enbXaYio_TkOGAuspTgPdu_nTW/view?usp=sharing
"General Instructions for FE SEM I & SEM II 'C' Scheme Rev 2019,R 2016,R 2012 Students while Appearing for Online Examinations ",2022-02-23T02:11:00-08:00,https://vishwaniketanexam.blogspot.com/2022/02/general-instructions-for-fe-sem-i-sem.html,https://drive.google.com/file/d/1tlvrXHMnNv7xxegAaOFBUP1HJjLbT1x9/view?usp=sharing
Result SE (Computer Engg. R-2019)_Sem-III_CBSGS TO CBCS_ATKT_Dec-2021,2022-02-20T21:12:00.005000-08:00,https://vishwaniketanexam.blogspot.com/2022/02/result-se-computer-engg-r-2019sem.html,https://drive.google.com/file/d/1iPV-kkHWH7_u-r3b95zN7WMkh1ZYhZRK/view?usp=sharing
Result TE (Computer Engg. R-2016)_Sem-VI_CBCS_ATKT_Dec-2021,2022-02-20T21:11:00.004000-08:00,https://vishwaniketanexam.blogspot.com/2022/02/result-te-computer-engg-r-2019sem.html,https://drive.google.com/file/d/1rClwNjJeUIoBMa2x4Kw8Y8HPaMSZvO5q/view?usp=sharing
Result TE (Mechanical Engg. R-2019)_Sem-VI_CBCS_ATKT_Dec-2021,2022-02-20T21:09:00.003000-08:00,https://vishwaniketanexam.blogspot.com/2022/02/result-te-mechanical-engg-r-2019sem.html,https://drive.google.com/file/d/1rf96zIEkX3MFrn_TVdOiCgmsUQpfEgLy/view?usp=sharing
Result SE (Mechanical Engg. R-2019)_Sem-IV_CBCS_ATKT_Dec-2021,2022-02-20T21:07:00.002000-08:00,https://vishwaniketanexam.blogspot.com/2022/02/result-se-mechanical-engg-r-2019sem_20.html,https://drive.google.com/file/d/15NABfKN3Ffz2VHBUvePuK821pEYwliV8/view?usp=sharing
Result SE (Mechanical Engg. R-2019)_Sem-III_'C' Scheme_CBCS_Dec-2021,2022-02-20T21:06:00-08:00,https://vishwaniketanexam.blogspot.com/2022/02/result-se-mechanical-engg-r-2019sem.html,https://drive.google.com/file/d/17TjhGwDjx0cdqXJ2jhittUK2lqoYjsW-/view?usp=sharing
Result TE (Mechanical Engg. R-2019)_Sem-V_'C' Scheme_CBCS_Dec-2021,2022-02-20T21:04:00.002000-08:00,https://vishwaniketanexam.blogspot.com/2022/02/result-te-mechanical-engg-r-2019sem-vc.html,https://drive.google.com/file/d/1HiAaNBEG7YvVOCFZC2XBRce7oImiQoFk/view?usp=sharing
Result TE (ExTC Engg. R-2019)_Sem-V_'C' Scheme_CBCS_Dec-2021,2022-02-20T21:02:00.002000-08:00,https://vishwaniketanexam.blogspot.com/2022/02/result-te-extc-engg-r-2019sem-vc.html,https://drive.google.com/file/d/1f1v5IaSLJhCgr_jBvIvdtt-PcLen06d7/view?usp=sharing
Result SE (ExTC Engg. R-2019)_Sem-III_'C' Scheme_CBCS_Dec-2021,2022-02-20T21:01:00.001000-08:00,https://vishwaniketanexam.blogspot.com/2022/02/result-se-extc-engg-r-2019sem-iiic.html,https://drive.google.com/file/d/1_5wxQxtzQ4gKvwRYTAAc3KD1gYCdB7tv/view?usp=sharing
Result BE (Electrical Engg. R-2016)_Sem VII_CBCS_Dec-2021,2022-01-31T21:16:00.003000-08:00,https://vishwaniketanexam.blogspot.com/2022/01/result-be-electrical-engg-r-2016sem.html,https://drive.google.com/file/d/15hhzQBZlGNfyLpWMa_KOMgqtNXGeLp1k/view?usp=sharing
Result BE (Mechanical Engg. R-2016)_Sem VII_CBCS_Dec-2021,2022-01-31T21:15:00-08:00,https://vishwaniketanexam.blogspot.com/2022/01/result-be-mechanical-engg-r-2016sem.html,https://drive.google.com/file/d/1gbEeR-wjv8X4rsRLuqGC32YgNRy8uy2d/view?usp=sharing
Result BE (Computer Engg. R-2016)_Sem VII_CBCS_Dec-2021,2022-01-31T21:10:00.002000-08:00,https://vishwaniketanexam.blogspot.com/2022/01/result-be-computer-engg-r-2016sem.html,https://drive.google.com/file/d/1A8JjercSEUC3okNlb7TrLneGG_l8jolL/view?usp=sharing
Result BE (EXTC Engg. R-2016)_Sem VII_CBCS_Dec-2021,2022-01-31T21:09:00-08:00,https://vishwaniketanexam.blogspot.com/2022/01/result-be-extc-engg-r-2016sem.html,https://drive.google.com/file/d/1vW4JD7n_oLOoLLRDhuolUWkYdvwMNN5j/view?usp=sharing
Result BE (CIVIL Engg. R-2016)_Sem VII_CBCS_Dec-2021,2022-01-31T21:00:00.003000-08:00,https://vishwaniketanexam.blogspot.com/2022/01/result-be-civil-engg-r-2016sem.html,https://drive.google.com/file/d/1S1hcBcqOW_jBq_NlG0vAe1L-BB-unxEK/view?usp=sharing
SEM III (R2019 C Scheme) All branches Time Table of Winter Examination 2021,2021-12-20T03:06:00.002000-08:00,https://vishwaniketanexam.blogspot.com/2021/12/sem-iii-r2019-c-scheme-all-branches.html,https://drive.google.com/file/d/1iVkM3EkIQ7w7vNuQtH12TaAsqLZhSCP0/view?usp=sharing
Result (F.E. R-2016) Sem-II_Choice Base_May-2021 LOT-2,2021-11-27T02:32:00.003000-08:00,https://vishwaniketanexam.blogspot.com/2021/11/result-fe-r-2016-sem-iichoice-basemay_27.html,https://drive.google.com/file/d/14hXFa5BnweDSmSirWomLdgT5Rzw3gZaf/view?usp=sharing
Result (F.E. R-2016) Sem-II_Choice Base_May-2021 LOT-1,2021-11-27T02:31:00.002000-08:00,https://vishwaniketanexam.blogspot.com/2021/11/result-fe-r-2016-sem-iichoice-basemay.html,https://drive.google.com/file/d/10PqVqWNmFzUUqGtqiFzWlx10bir5w8Lj/view?usp=sharing
Result (F.E. R-2016) Sem-I_Choice Base_May-2021 LOT-1 ,2021-11-27T02:29:00.004000-08:00,https://vishwaniketanexam.blogspot.com/2021/11/result-fe-r-2016-sem-ichoice-basemay.html,https://drive.google.com/file/d/17-izHeLdX2Wp4JFFGBE58L8UoybYdmGZ/view?usp=sharing
Result BE (CIVIL Engg. R-2016)_Sem VIII_CBCS_June-2021,2021-11-27T02:03:00.005000-08:00,https://vishwaniketanexam.blogspot.com/2021/11/result-be-civil-engg-r-2016sem.html,https://drive.google.com/file/d/1Y-rPyS0FgzvWTNgeGfe3lIn-yDlO2-Dl/view?usp=sharing
Result BE (ELECTRICAL Engg. R-2016)_Sem VIII_CBCS_June-2021,2021-08-03T22:43:00.003000-07:00,https://vishwaniketanexam.blogspot.com/2021/08/result-be-electrical-engg-r-2016sem.html,https://drive.google.com/file/d/1nPbMPDkxvFkqK4arEm94oLQ-Y0jNA55q/view?usp=sharing
Result BE (MECHANICAL Engg. R-2016)_Sem VIII_CBCS_June-2021,2021-08-03T22:42:00.001000-07:00,https://vishwaniketanexam.blogspot.com/2021/08/result-be-mechanical-engg-r-2016sem.html,https://drive.google.com/file/d/1hN_SVsAeJGK0aPdl0HduU0FuEgOGiWll/view?usp=sharing
Result BE (COMPUTER Engg. R-2016)_Sem VIII_CBCS_June-2021,2021-08-03T22:40:00.003000-07:00,https://vishwaniketanexam.blogspot.com/2021/08/result-be-computer-engg-r-2016sem.html,https://drive.google.com/file/d/18e0elgdRPbByyd2VUm5YSL8pnvQuzm26/view?usp=sharing
Result BE (Mechanical Engg. R-2016)_Sem VII_KT_CBCS_June-2021,2021-07-30T00:42:00-07:00,https://vishwaniketanexam.blogspot.com/2021/07/result-be-mechanical-engg-r-2016sem.html,https://drive.google.com/file/d/1nTb664Yusgsy4XdKF1wB8OkTsPnWo3HA/view?usp=sharing
Result BE (EXTC Engg. R-2016)_Sem VIII_CBCS_June-2021,2021-07-30T00:39:00-07:00,https://vishwaniketanexam.blogspot.com/2021/07/result-be-extc-engg-r-2016sem.html,https://drive.google.com/file/d/1XQ3T2qgtLI6tIxnkpsPkTTJlRQ-DNEu_/view?usp=sharing
Result BE (Computer Engg. R-2016)_Sem VII_KT_CBCS_June-2021,2021-07-30T00:37:00.003000-07:00,https://vishwaniketanexam.blogspot.com/2021/07/result-be-computer-engg-r-2016sem.html,https://drive.google.com/file/d/1WJy3vJWsMpFCqAIO1GpKLaiZnv_HjjSV/view?usp=sharing
Result TE (CIVIL Engg. R-2016)_Sem V_KT_CBCS_June-2021,2021-07-30T00:26:00.003000-07:00,https://vishwaniketanexam.blogspot.com/2021/07/result-te-civil-engg-r-2016sem_30.html,https://drive.google.com/file/d/1VBExEHubc8qOoFEpI20cafleqcs2bLC-/view?usp=sharing
Result TE (CIVIL Engg. R-2012 TO R-2016)_Sem VI_KT_CBCS_June-2021,2021-07-30T00:25:00.003000-07:00,https://vishwaniketanexam.blogspot.com/2021/07/result-te-civil-engg-r-2012-to-r_30.html,https://drive.google.com/file/d/1wyeaEqEHe01uvLpkcJEVbXJgdoIcGghV/view?usp=sharing
Result TE (CIVIL Engg. R-2012 TO R-2016)_Sem V_KT_CBCS_June-2021,2021-07-30T00:23:00.004000-07:00,https://vishwaniketanexam.blogspot.com/2021/07/result-te-civil-engg-r-2012-to-r.html,https://drive.google.com/file/d/17tvbKRjNzNJcdbNHC_81isNigUaytUNj/view?usp=sharing
Result SE (CIVIL Engg. R-2012 TO R-2016)_Sem-IV_KT_CBCS_June-2021,2021-07-30T00:21:00-07:00,https://vishwaniketanexam.blogspot.com/2021/07/result-se-civil-engg-r-2012-to-r.html,https://drive.google.com/file/d/1Rea3suW_ouPogKS_J8ohdYEoMKZA-eFn/view?usp=sharing
Result SE (CIVIL Engg. R-2016)_Sem-III_KT_CBCS_June-2021,2021-07-30T00:18:00.003000-07:00,https://vishwaniketanexam.blogspot.com/2021/07/result-se-civil-engg-r-2016sem.html,https://drive.google.com/file/d/1eWH93S_PllNWMAVTqMmXjB7Ax_KZaY0h/view?usp=sharing
Result SE (CIVIL Engg. R-2019)_Sem-III_KT_C scheme_CBCS_June-2021,2021-07-30T00:16:00.003000-07:00,https://vishwaniketanexam.blogspot.com/2021/07/result-se-civil-engg-r-2019sem-iiiktc.html,https://drive.google.com/file/d/1RVUS8jcA3yHsblGlAEgGjtvV3-8H47Fo/view?usp=sharing
Result SE (Mechanical Engg. R-2019)_Sem-III_KT_C scheme_CBCS_June-2021,2021-07-28T03:39:00-07:00,https://vishwaniketanexam.blogspot.com/2021/07/result-se-mechanical-engg-r-2019sem.html,https://drive.google.com/file/d/1W8Udp-zy8Li4FrrA78CU9vCXtwLC_hSZ/view?usp=sharing
Result TE (Mechanical Engg. R-2016)_Sem-V_KT_CBCS_June-2021,2021-07-28T01:06:00.001000-07:00,https://vishwaniketanexam.blogspot.com/2021/07/result-te-mechanical-engg-r-2016sem_28.html,https://drive.google.com/file/d/1YY2DvCBpyrW8yNqrU1v1BFBRwW9tx-6p/view?usp=sharing
Result SE (Mechanical Engg. R2012 to R-2016)_Sem-IV_KT_CBSGS to CBCS_June-2021,2021-07-28T01:04:00.003000-07:00,https://vishwaniketanexam.blogspot.com/2021/07/result-se-mechanical-engg-r2012-to-r_28.html,https://drive.google.com/file/d/1ddXFmlvwKPRBZjBak4FOm6ZGUfpu-fNA/view?usp=sharing
Result SE (Mechanical Engg. R2012 to R-2016)_Sem-III_KT_CBSGS to CBCS_June-2021,2021-07-28T01:03:00.002000-07:00,https://vishwaniketanexam.blogspot.com/2021/07/result-se-mechanical-engg-r2012-to-r.html,https://drive.google.com/file/d/1Qk2sJ-CIm_O3dqsjwaHBgCDAejfDxC2A/view?usp=sharing
Result SE (Mechanical Engg. R-2016)_Sem-III_KT_CBCS_June-2021,2021-07-28T01:01:00.001000-07:00,https://vishwaniketanexam.blogspot.com/2021/07/result-se-mechanical-engg-r-2016sem.html,https://drive.google.com/file/d/1b3JjCI5Rfagco7Tc7-Jdsp8unG6-12PC/view?usp=sharing
Result SE (Electrical Engg. R-2019)_Sem-III_KT_C scheme_CBCS_June-2021,2021-07-26T02:32:00.004000-07:00,https://vishwaniketanexam.blogspot.com/2021/07/result-se-electrical-engg-r-2019sem.html,https://drive.google.com/file/d/1ROscqjomgTlN077FrWTQS3Ps4WFPYJJE/view?usp=sharing
Result SE (Electrical Engg. R-2016)_Sem-III_KT_Choice based_June-2021,2021-07-26T02:31:00.004000-07:00,https://vishwaniketanexam.blogspot.com/2021/07/result-se-electrical-engg-r-2016sem.html,https://drive.google.com/file/d/1WxspjCJaz0Q6tzD6ulju3LLABnB05f0c/view?usp=sharing
Result TE (Electrical Engg. R-2016)_Sem-V_KT_Choice based_June-2021,2021-07-26T02:30:00.003000-07:00,https://vishwaniketanexam.blogspot.com/2021/07/result-te-electrical-engg-r-2016sem_26.html,https://drive.google.com/file/d/1lMCL6O-xm8PlrHn2qe8nzV_Y-KEIsexp/view?usp=sharing
Result SE (EXTC Engg. R-2019)_Sem-III_KT_C scheme_CBCS_June-2021,2021-07-26T02:27:00.002000-07:00,https://vishwaniketanexam.blogspot.com/2021/07/result-se-extc-engg-r-2019sem-iiiktc.html,https://drive.google.com/file/d/1MH-j23lD2y2SZmWgPFpS4Mgwi7ggdZ9D/view?usp=sharing
Result TE (EXTC Engg. R-2016)_Sem-V_KT_Choice based_June-2021,2021-07-26T02:26:00.004000-07:00,https://vishwaniketanexam.blogspot.com/2021/07/result-te-extc-engg-r-2016sem-vktchoice.html,https://drive.google.com/file/d/1t5h3Qe6Fr05PTXn0EcbU9BRP1BCeXOCJ/view?usp=sharing
Result SE (Computer Engg. R-2019)_Sem-III_KT_C scheme_CBCS_June-2021,2021-07-26T02:06:00.004000-07:00,https://vishwaniketanexam.blogspot.com/2021/07/result-se-computer-engg-r-2019sem.html,https://drive.google.com/file/d/1moXgJFxKKxUC4JQXwblEkGU2V62MukBh/view?usp=sharing
Result SE (CIVIL Engg. R-2019)_Sem-IV_'C' Scheme_CBCS_June-2021,2021-07-17T02:57:00.002000-07:00,https://vishwaniketanexam.blogspot.com/2021/07/result-se-civil-engg-r-2019sem-ivc.html,https://drive.google.com/file/d/1rb7uHSi63yB8jn-HBSms0slCq-ky_M6F/view?usp=sharing
Result TE (CIVIL Engg. R-2016)_Sem-VI_CBCS_June-2021,2021-07-17T02:56:00.003000-07:00,https://vishwaniketanexam.blogspot.com/2021/07/result-te-civil-engg-r-2016sem.html,https://drive.google.com/file/d/1wZYC4ZwfKDbH0NyC2HpNd3R08nmNy5P_/view?usp=sharing
Result TE (ExTC Engg. R-2016)_Sem-VI_CBCS_June-2021,2021-07-17T02:55:00-07:00,https://vishwaniketanexam.blogspot.com/2021/07/result-te-extc-engg-r-2016sem.html,https://drive.google.com/file/d/1JJuImj-3sUiiFiatzrYw90q14P2HgqqS/view?usp=sharing
Result SE (ExTC Engg. R-2019)_Sem-IV_'C' Scheme_CBCS_June-2021,2021-07-16T03:39:00-07:00,https://vishwaniketanexam.blogspot.com/2021/07/result-se-extc-engg-r-2019sem-ivc.html,https://drive.google.com/file/d/1iyHzdyjrElsGIOeJlYMiHTDh1xZoiGt9/view?usp=sharing
Result SE (Electrical Engg. R-2019)_Sem-IV_'C' Scheme_CBCS_June-2021,2021-07-14T02:39:00.001000-07:00,https://vishwaniketanexam.blogspot.com/2021/07/result-se-electrical-engg-r-2019sem-ivc.html,https://drive.google.com/file/d/1aGx1aU50N5SWyvbUzjK33YkUJMk-_YoL/view?usp=sharing
Result TE (Electrical Engg. R-2016)_Sem-VI_CBCS_June-2021,2021-07-14T02:39:00-07:00,https://vishwaniketanexam.blogspot.com/2021/07/result-te-electrical-engg-r-2016sem.html,https://drive.google.com/file/d/1idyV8at_caQvWM-HD0ZcnyrCBYgMT3XD/view?usp=sharing
Result TE (Computer Engg. R-2016)_Sem-VI_CBCS_June-2021,2021-07-14T02:38:00.004000-07:00,https://vishwaniketanexam.blogspot.com/2021/07/result-te-computer-engg-r-2016sem.html,https://drive.google.com/file/d/1Q1CoN9GkkGZJV_H0BSrHTWAyrJAp4AUj/view?usp=sharing
Result SE (Computer Engg. R-2019)_Sem-IV_C scheme_CBCS_June-2021,2021-07-14T02:38:00.003000-07:00,https://vishwaniketanexam.blogspot.com/2021/07/result-se-computer-engg-r-2019sem-ivc.html,https://drive.google.com/file/d/1YE7xHBfg4otpzxbk4Fn_-02MUbf6dbdc/view?usp=sharing
Result TE (Mechanical Engg. R-2016)_Sem-VI_CBCS_June-2021,2021-07-12T03:55:00.002000-07:00,https://vishwaniketanexam.blogspot.com/2021/07/result-te-mechanical-engg-r-2016sem.html,https://drive.google.com/file/d/1n5po89kSymexj94XuFrSwRwSlZl3Djoe/view?usp=sharing
Result SE (Mechanical Engg. R-2019)_Sem-IV_'C' Scheme_CBCS_June-2021,2021-07-12T03:53:00-07:00,https://vishwaniketanexam.blogspot.com/2021/07/result-se-mechanical-engg-r-2019sem-ivc.html,https://drive.google.com/file/d/1UeJ_tOlw0_hHUs1LjPNFhzA4qnkDCpPw/view?usp=sharing
Updated Hall Ticket of  S.E  Sem VI (R 2016) Computer Engineering JUNE 2021 Examination,2021-05-31T07:52:00.007000-07:00,https://vishwaniketanexam.blogspot.com/2021/05/hall-ticket-of-se-sem-vi-r-2016_31.html,https://drive.google.com/file/d/1spmQQpVBbJPBm9tEmv-oRvJMy25kiRtZ/view?usp=sharing
Hall Ticket of  S.E  Sem VI (R 2016) Electrical Engineering JUNE 2021 Examination,2021-05-30T09:13:00.004000-07:00,https://vishwaniketanexam.blogspot.com/2021/05/hall-ticket-of-se-sem-vi-r-2016_30.html,https://drive.google.com/file/d/1HEClzFVbkVd4VLvZse_jBMflC3b_tTRg/view?usp=sharing
Hall Ticket of  S.E  Sem VI (R 2016) Mechanical Engineering JUNE 2021 Examination,2021-05-30T09:12:00-07:00,https://vishwaniketanexam.blogspot.com/2021/05/hall-ticket-of-se-sem-vi-r-2016.html,https://drive.google.com/file/d/1R2usMGrXHEuNcf9mGbUB_d2cqBEcl7dx/view?usp=sharing
Hall Ticket of  S.E  Sem VI (R 2016) ExTC Engineering JUNE 2021 Examination,2021-05-30T09:10:00-07:00,https://vishwaniketanexam.blogspot.com/2021/05/hall-ticket-of-se-sem-vi-r-2016-extc.html,https://drive.google.com/file/d/1KKllClHEAXm5TY7odT6frod2uyoCXQLW/view?usp=sharing
Hall Ticket of  S.E  Sem VI (R 2016) Civil Engineering JUNE 2021 Examination,2021-05-30T09:08:00.004000-07:00,https://vishwaniketanexam.blogspot.com/2021/05/hall-ticket-of-se-sem-vi-r-2016-civil.html,https://drive.google.com/file/d/1vNH3RZxFGsmjgvMTShh9DfgWWSHvnMrx/view?usp=sharing
Hall Ticket of  S.E  Sem IV R 2019(C SCHEME) Electrical Engineering JUNE 2021 Examination,2021-05-30T09:06:00.005000-07:00,https://vishwaniketanexam.blogspot.com/2021/05/hall-ticket-of-se-sem-iv-r-2019c-scheme_64.html,https://drive.google.com/file/d/1pCgQJtm1F7GER0iTslKo0iECbPFVEk9c/view?usp=sharing
Hall Ticket of  S.E  Sem IV R 2019(C SCHEME) Mechanical Engineering   JUNE 2021 Examination,2021-05-30T09:05:00.003000-07:00,https://vishwaniketanexam.blogspot.com/2021/05/hall-ticket-of-se-sem-iv-r-2019c-scheme_36.html,https://drive.google.com/file/d/1xbU1kTxaaHoW3JDXvLZD8Gfh_vxFgTgx/view?usp=sharing
Hall Ticket of  S.E  Sem IV R 2019(C SCHEME) Computer Engineering   JUNE 2021 Examination,2021-05-30T09:03:00.003000-07:00,https://vishwaniketanexam.blogspot.com/2021/05/hall-ticket-of-se-sem-iv-r-2019c-scheme_42.html,https://drive.google.com/file/d/18maN6xVV_ilT9TyGkRLOnvrR69X6FVY6/view?usp=sharing
Hall Ticket of  S.E  Sem IV R 2019(C SCHEME) ExTC Engineering   JUNE 2021 Examination,2021-05-30T09:01:00.005000-07:00,https://vishwaniketanexam.blogspot.com/2021/05/hall-ticket-of-se-sem-iv-r-2019c-scheme_30.html,https://drive.google.com/file/d/1FJjTVUccJBzbtCacdd1yiPr3IKXCm3Wc/view?usp=sharing
Hall Ticket of  S.E  Sem IV R 2019(C SCHEME) CIVIL Engineering   JUNE 2021 Examination,2021-05-30T08:59:00.002000-07:00,https://vishwaniketanexam.blogspot.com/2021/05/hall-ticket-of-se-sem-iv-r-2019c-scheme.html,https://drive.google.com/file/d/1IDfLnNYRN438HkI-PhGliAfuj3d_p7O-/view?usp=sharing
TE SEM VI Rev 2016 Time Table for June 2021 Examination ,2021-05-22T03:19:00-07:00,https://vishwaniketanexam.blogspot.com/2021/05/te-sem-vi-rev-2016-time-table-for-june.html,https://drive.google.com/file/d/1s_KtqGchpxWyOtH4fSGdDr5xgSGTn1XO/view?usp=sharing
SE SEM IV Rev 2019 Time Table for June 2021 Examination ,2021-05-22T03:17:00.002000-07:00,https://vishwaniketanexam.blogspot.com/2021/05/se-sem-iv-rev-2019-time-table-for-june.html,https://drive.google.com/file/d/1UHg1zJMGQwaJFzQCHKFH3RrBBWCDgA7A/view?usp=sharing
SE SEM IV Rev 2016 Time Table for June 2021 Examination ,2021-05-22T03:15:00.003000-07:00,https://vishwaniketanexam.blogspot.com/2021/05/se-sem-iv-rev-2016-time-table-for-june.html,https://drive.google.com/file/d/1nmPcauzwp411suLosRyez5eicABbrlB5/view?usp=sharing
Circular for conversion of CGPI to PERCENTAGE,2021-05-22T02:55:00.003000-07:00,https://vishwaniketanexam.blogspot.com/2021/05/circular-for-conversion-of-cgpi-to.html,https://drive.google.com/file/d/1GTW8jrZdXjebAMoOrnsaCaKs0wxMWEi5/view?usp=sharing
SE & TE ATKT Examination Form filling Notice (MAY/JUNE 2021),2021-05-22T02:50:00.003000-07:00,https://vishwaniketanexam.blogspot.com/2021/05/se-te-atkt-examination-form-filling.html,https://drive.google.com/file/d/1Xha_FbeoBk7rmLR694qnnHGLt8KSOTQY/view?usp=sharing
Improtant Notice for CBSGS Students (Equivalent Alternate Subjects of Rev-2012 to Rev-2016 Scheme Syllabus),2021-05-22T02:46:00-07:00,https://vishwaniketanexam.blogspot.com/2021/05/improtant-notice-for-cbsgs-students.html,https://drive.google.com/file/d/1mTuPeYXmnNnEGOpb1VulqdEf1ag2LX5d/view?usp=sharing
"Result  DSE (EXTC Engg. R-2019)_Sem-III_""C"" Scheme_April-2021",2021-05-21T06:01:00.003000-07:00,https://vishwaniketanexam.blogspot.com/2021/05/result-dse-extc-engg-r-2019sem-iiic.html,https://drive.google.com/file/d/1eKUWutg6p4REonfVRollxFW2RXJfXOWA/view?usp=sharing
"Result  DSE (Civil Engg. R-2019)_Sem-III_""C"" Scheme_April-2021",2021-05-21T05:59:00.004000-07:00,https://vishwaniketanexam.blogspot.com/2021/05/result-dse-civil-engg-r-2019sem-iiic.html,https://drive.google.com/file/d/1Twf8fiFOMcNOT5cfxqL6kBbkhJRpdyws/view?usp=sharing
"Result  DSE (Computer Engg. R-2019)_Sem-III_""C"" Scheme_April-2021",2021-05-21T05:58:00-07:00,https://vishwaniketanexam.blogspot.com/2021/05/result-dse-computer-engg-r-2019sem-iiic.html,https://drive.google.com/file/d/1-eDqBXHz2EX0rJE4QM-fm6phBKx3J5l8/view?usp=sharing
"Result  DSE (Mechanical Engg. R-2019)_Sem-III_""C"" Scheme_April-2021",2021-05-21T05:56:00.003000-07:00,https://vishwaniketanexam.blogspot.com/2021/05/result-dse-mechanical-engg-r-2019sem.html,https://drive.google.com/file/d/1KgLfFb4JH2LfexISSrzFCrKQlVlgZYM9/view?usp=sharing
"Result  DSE (Electrical Engg. R-2019)_Sem-III_""C"" Scheme_April-2021",2021-05-21T05:54:00.005000-07:00,https://vishwaniketanexam.blogspot.com/2021/05/result-dse-electrical-engg-r-2019sem.html,https://drive.google.com/file/d/1rrlo3JjDMVLO-iNDUlx9V7UAKJm_lSRs/view?usp=sharing
Result SE (ExTC Engg. R-2019)_Sem-III_'C' Scheme_CBCS_January-2021,2021-05-20T22:59:00.002000-07:00,https://vishwaniketanexam.blogspot.com/2021/05/result-se-extc-engg-r-2019sem-iiic.html,https://drive.google.com/file/d/18_CAu7RZv7Fkiek4NlKtX0qp65xu1TVm/view?usp=sharing
Result SE (ExTC Engg. R-2012)_Sem-III_CBGS_January-2021,2021-05-20T22:57:00.005000-07:00,https://vishwaniketanexam.blogspot.com/2021/05/result-se-mechanical-engg-r-2012sem_20.html,https://drive.google.com/file/d/1o2abEBBtiLcbkbXoHGZ6ayXa8PBvEDeP/view?usp=sharing
Result TE (ExTC Engg. R-2016)_Sem-V_CBCS_January-2021,2021-05-20T22:54:00.002000-07:00,https://vishwaniketanexam.blogspot.com/2021/05/result-te-extc-engg-r-2016sem.html,https://drive.google.com/file/d/1HDkaFBa3f1Jc5W-kNuhuQBlCxrU3My49/view?usp=sharing
Result SE (Mechanical Engg. R-2019)_Sem-III_'C' Scheme_CBCS_January-2021,2021-05-20T06:12:00.006000-07:00,https://vishwaniketanexam.blogspot.com/2021/05/result-se-mechanical-engg-r-2019sem.html,https://drive.google.com/file/d/1_MvaR3z71iTFhd-WoLFYalFguxeopKmo/view?usp=sharing
Result SE (Mechanical Engg. R-2016)_Sem-III_CBCS_January-2021,2021-05-20T06:10:00-07:00,https://vishwaniketanexam.blogspot.com/2021/05/result-se-mechanical-engg-r-2016sem.html,https://drive.google.com/file/d/1G2RDVVQseREUiVM5pOGZMXNIcw2_IZGm/view?usp=sharing
Result SE (Mechanical Engg. R-2012)_Sem-III_CBGS_January-2021,2021-05-20T06:07:00.004000-07:00,https://vishwaniketanexam.blogspot.com/2021/05/result-se-mechanical-engg-r-2012sem.html,https://drive.google.com/file/d/1ta67K0hWerG6v1afKeyLbUdTpsm9pK2p/view?usp=sharing
Result TE (Mechanical Engg. R-2012)_Sem-V_CBGS_January-2021,2021-05-20T06:06:00-07:00,https://vishwaniketanexam.blogspot.com/2021/05/result-te-mechanical-engg-r-2012sem.html,https://drive.google.com/file/d/15BsEIZdi6Z00Qj52ztDQBopFbwB3sk7i/view?usp=sharing
Result TE (Mechanical Engg. R-2016)_Sem-V_CBCS_January-2021,2021-05-20T06:04:00-07:00,https://vishwaniketanexam.blogspot.com/2021/05/result-te-mechanical-engg-r-2016sem.html,https://drive.google.com/file/d/10BCCQMHjYDElsLhTfYruPnYBIKVoWg7D/view?usp=sharing
QUESTION PAPER PATTERN FE SEM I 'C' Scheme Rev 2019,2021-04-20T04:09:00.004000-07:00,https://vishwaniketanexam.blogspot.com/2021/04/question-paper-pattern-fe-sem-i-c.html,https://drive.google.com/file/d/1L7pjhRx8IKoHlWW_s7JKbWJH5Pkn0GAn/view?usp=sharing
General Instructions for FE SEM I 'C' Scheme Rev 2019 Students while Appearing for Online Examinations ,2021-04-20T04:04:00.007000-07:00,https://vishwaniketanexam.blogspot.com/2021/04/general-instructions-for-dse-sem-iii.html,https://drive.google.com/file/d/1hDRf5QwS7K1OBsDMYZfffwYQ52TyVN_g/view?usp=sharing
Question Paper Pattern for DSE SEM III,2021-04-09T01:28:00.004000-07:00,https://vishwaniketanexam.blogspot.com/2021/04/question-paper-pattern-for-dse-sem-iii.html,https://drive.google.com/file/d/1M0WeTgdZqF2d97jDTlV266Ov5eeV0uXH/view?usp=sharing
General Instructions for DSE SEM III Students while Appearing for Online Examinations ,2021-04-09T01:18:00.007000-07:00,https://vishwaniketanexam.blogspot.com/2021/04/general-instructions-for-dse-sem-iii_9.html,https://drive.google.com/file/d/1tCHoCmmWPYawOqTu3Ljsazswvu4zKjNQ/view?usp=sharing
Result TE (Electrical Engg. R-2016)_Sem-V_CBCS_January-2021,2021-04-05T21:43:00.008000-07:00,https://vishwaniketanexam.blogspot.com/2021/04/result-te-electrical-engg-r-2016sem.html,https://drive.google.com/file/d/1iERHNuchKE4Rm8cK9tIZdTs0J07SW67C/view?usp=sharing
Result SE (Electrical Engg. R-2016)_Sem-III_CBCS_January-2021,2021-04-05T21:42:00.006000-07:00,https://vishwaniketanexam.blogspot.com/2021/04/result-se-electrical-engg-r-2016sem.html,https://drive.google.com/file/d/1jIlvzEgTYqjY9HeJxwkLB6pVramlE-Hk/view?usp=sharing
"Result SE (Electrical Engg. R-2019)_Sem-III_""C"" Scheme_January-2021",2021-04-05T21:41:00.005000-07:00,https://vishwaniketanexam.blogspot.com/2021/04/result-se-electrical-engg-r-2019sem.html,https://drive.google.com/file/d/1KXlrj7Nnj4UsCBcc9rGun9YEJVFGow1v/view?usp=sharing
Result TE (Computer Engg. R-2016)_Sem-V_Choice Base_January-2021,2021-03-22T21:56:00.008000-07:00,https://vishwaniketanexam.blogspot.com/2021/03/result-te-computer-engg-r-2016sem.html,https://drive.google.com/file/d/1V4VTcLFKfR7nC2xPZsHKyWk4CJInt7CE/view?usp=sharing
"Result SE (Computer Engg. R-2019)_Sem-III_""C"" Scheme_January-2021",2021-03-22T21:55:00.008000-07:00,https://vishwaniketanexam.blogspot.com/2021/03/result-se-computer-engg-r-2019sem-iiic.html,https://drive.google.com/file/d/1_jorb1AYakS5QS9XgW6IzztHehmV2KPC/view?usp=sharing
Result SE (Civil Engg. R-2016)_Sem-IV_Choice Base_December-2020,2021-03-16T23:30:00.007000-07:00,https://vishwaniketanexam.blogspot.com/2021/03/result-se-civil-engg-r-2016sem-ivchoice.html,https://drive.google.com/file/d/1ORqL4iOiooSpH3g-nwR_Ep_R-SD5dvjN/view?usp=sharing
Result SE (Civil Engg. R-2012)_Sem-IV_CBGS_December-2020,2021-03-16T23:29:00.006000-07:00,https://vishwaniketanexam.blogspot.com/2021/03/result-se-civil-engg-r-2012sem.html,https://drive.google.com/file/d/1-4LDdcHUuyIe2K4RKctm4zXAwktl7rP8/view?usp=sharing
Result TE (Civil Engg. R-2016)_Sem-V_Choice Base_January-2021 (Reg & KT),2021-03-16T23:22:00.008000-07:00,https://vishwaniketanexam.blogspot.com/2021/03/result-te-civil-engg-r-2016sem-vchoice.html,https://drive.google.com/file/d/1xCK7__YZsv_iO0Lbt_yEmjUKnb4smDpm/view?usp=sharing
Result TE (Civil Engg. R-2012)_Sem-V_CBGS_January-2021,2021-03-16T23:21:00.005000-07:00,https://vishwaniketanexam.blogspot.com/2021/03/result-te-civil-engg-r-2012sem.html,https://drive.google.com/file/d/18rv9vaTjlGVHdCHhpzjOLbRty2SlDXZw/view?usp=sharing
"Result SE (Civil Engg. R-2019)_Sem-III_""C"" Scheme_January-2021",2021-03-16T23:20:00.004000-07:00,https://vishwaniketanexam.blogspot.com/2021/03/result-se-civil-engg-r-2019sem-iiic.html,https://drive.google.com/file/d/1hCmbUPY3nytQE7hQ6opUpj0KDpkCySC5/view?usp=sharing
Result SE (Civil Engg. R-2016)_Sem-III_Choice Base_January-2021(KT),2021-03-16T23:19:00.002000-07:00,https://vishwaniketanexam.blogspot.com/2021/03/result-se-civil-engg-r-2016sem.html,https://drive.google.com/file/d/1c-4XULszs2FJ4oK0d3880HdV8nkFdhtF/view?usp=sharing
Result TE (Mechanical Engg. R-2012)_Sem-VI_Choice Base_December-2020,2021-03-16T23:11:00-07:00,https://vishwaniketanexam.blogspot.com/2021/03/result-te-mechanical-engg-r-2012sem_16.html,https://drive.google.com/file/d/1a0NdzsG2AR7IoQTzg_HndAbKD5T6obyZ/view?usp=sharing
Result TE (Mechanical Engg. R-2012)_Sem-VI_CBGS_December-2020,2021-03-16T23:08:00-07:00,https://vishwaniketanexam.blogspot.com/2021/03/result-te-mechanical-engg-r-2012sem.html,https://drive.google.com/file/d/1OVLIdnF_Gn4-ZlaEusyBF7X7L-0u4kVo/view?usp=sharing
Result SE (Mechanical Engg. R-2016)_Sem-IV_Choice Base_December-2020,2021-03-16T23:06:00.006000-07:00,https://vishwaniketanexam.blogspot.com/2021/03/result-se-mechanical-engg-r-2016sem.html,https://drive.google.com/file/d/1wXhWP2s66PUc3Xc1NsTjJwzWNfH5Fy0_/view?usp=sharing
Result SE (Mechanical Engg. R-2012)_Sem-IV_CBGS_December-2020,2021-03-16T23:05:00.002000-07:00,https://vishwaniketanexam.blogspot.com/2021/03/result-se-mechanical-engg-r-2012sem.html,https://drive.google.com/file/d/1o1W90W7naIlSBkUQWOeoJObg8EEcVUpK/view?usp=sharing
Result BE (Mechanical Engg. R-2016)_Sem-VII_Choice Base_January-2021,2021-03-16T01:30:00.002000-07:00,https://vishwaniketanexam.blogspot.com/2021/03/result-be-mechanical-engg-r-2016sem.html,https://drive.google.com/file/d/1p1IH9-ZswUtP2DdDfoGl9eI2e9WMHHo4/view?usp=sharing
Result BE (ExTC Engg. R-2016)_Sem-VII_Choice Base_January-2021,2021-03-16T01:28:00.002000-07:00,https://vishwaniketanexam.blogspot.com/2021/03/result-be-extc-engg-r-2016sem-viichoice.html,https://drive.google.com/file/d/1grTaDomW9XPJ_uPTPvBGEXoBESu2MCHy/view?usp=sharing
Revaluation Result FE (R-2016)_Sem-II_Choice Base_Dec-2019,2021-03-12T01:51:00-08:00,https://vishwaniketanexam.blogspot.com/2021/03/revaluation-result-fe-r-2016sem.html,https://drive.google.com/file/d/19_oe_-2gmcSaYzFANhjLOaCvAD-L0Oaz/view?usp=sharing
Result BE (Electrical Engg. R-2016)_Sem-VII_Choice Base_January-2021,2021-03-08T20:10:00.001000-08:00,https://vishwaniketanexam.blogspot.com/2021/03/result-be-electrical-engg-r-2016sem.html,https://drive.google.com/file/d/19NSNYftr8_aNeUaLY4i4CSxPSOjMRaKL/view?usp=sharing
Result BE (Civil Engg. R-2016)_Sem-VII_Choice Base_January-2021,2021-03-05T00:37:00.005000-08:00,https://vishwaniketanexam.blogspot.com/2021/03/result-be-civil-engg-r-2016sem.html,https://drive.google.com/file/d/1O7yy_HCnCqvwHI83zLnnDSWfU86DfXmi/view?usp=sharing
Result BE (Computer Engg. R-2016)_Sem-VII_Choice Base_January-2021,2021-03-03T02:26:00.009000-08:00,https://vishwaniketanexam.blogspot.com/2021/03/result-be-computer-engg-r-2016sem.html,https://drive.google.com/file/d/1QPNy3O6dmtbyz4ZOn8G5ig3misjTu3vA/view?usp=sharing
Amendment Result TE (Mechanical Engg. R-2016)_Sem-VI_CBCS_May-2020,2021-02-21T20:46:00.007000-08:00,https://vishwaniketanexam.blogspot.com/2021/02/amendment-result-te-mechanical-engg-r.html,https://drive.google.com/file/d/1WX6oxvicFr9VOueQfl3buenKYAx011i_/view?usp=sharing
Amendment Result SE (Mechanical Engg. R-2016)_Sem-IV_CBCS_May-2020,2021-02-21T20:45:00.007000-08:00,https://vishwaniketanexam.blogspot.com/2021/02/amendment-result-se-mechanical-engg-r.html,https://drive.google.com/file/d/1mWPxV-CXYPfqIVl5Fh8TMFR8rQmeh0ck/view?usp=sharing
Amendment Result TE (ExTC Engg. R-2016)_Sem-VI_CBCS_May-2020,2021-02-21T20:44:00.006000-08:00,https://vishwaniketanexam.blogspot.com/2021/02/amendment-result-te-extc-engg-r-2016sem.html,https://drive.google.com/file/d/1Gx5k-yau4f9TNRbZZWRWCfK7pb-f8wJp/view?usp=sharing
Amendment Result SE (ExTC Engg. R-2016)_Sem-IV_CBCS_May-2020,2021-02-21T20:43:00.005000-08:00,https://vishwaniketanexam.blogspot.com/2021/02/amendment-result-se-extc-engg-r-2016sem.html,https://drive.google.com/file/d/1xr4UWFwpDfIcQZ2hpAgJ3svMSV2OjH2A/view?usp=sharing
Amendment Result TE (Electrical Engg. R-2016)_Sem-VI_CBCS_May-2020,2021-02-21T20:42:00.005000-08:00,https://vishwaniketanexam.blogspot.com/2021/02/amendment-result-te-electrical-engg-r.html,https://drive.google.com/file/d/18BkCpZESMfQPIGlzfE-E5wDMyjxTOikJ/view?usp=sharing
Amendment Result SE (Electrical Engg. R-2016)_Sem-IV_CBCS_May-2020,2021-02-21T20:41:00.002000-08:00,https://vishwaniketanexam.blogspot.com/2021/02/amendment-result-se-electrical-engg-r.html,https://drive.google.com/file/d/1f61vc7m7RR-Flws05c3dzCRo6uI5o3eA/view?usp=sharing
Amendment Result TE (Computer Engg. R-2016)_Sem-VI_CBCS_May-2020,2021-02-21T20:39:00.004000-08:00,https://vishwaniketanexam.blogspot.com/2021/02/amendment-result-te-computer-engg-r.html,https://drive.google.com/file/d/1zuLjH-GuRlr9nG8htypwYHLabuteeTO1/view?usp=sharing
Amendment Result SE (Computer Engg. R-2016)_Sem-IV_CBCS_May-2020,2021-02-21T20:38:00.002000-08:00,https://vishwaniketanexam.blogspot.com/2021/02/amendment-result-se-computer-engg-r.html,https://drive.google.com/file/d/1cT5Ped3TcMD-YfPhz4aNQSR0mlylehax/view?usp=sharing
Amendment Result TE (Civil Engg. R-2016)_Sem-VI_CBCS_May-2020,2021-02-21T20:36:00.006000-08:00,https://vishwaniketanexam.blogspot.com/2021/02/amendment-result-te-civil-engg-r.html,https://drive.google.com/file/d/1mvzqz93clkWpGlelA-sxDRPOroGdp_8l/view?usp=sharing
Amendment Result SE (Civil Engg. R-2016)_Sem-IV_CBCS_May-2020,2021-02-21T20:35:00.004000-08:00,https://vishwaniketanexam.blogspot.com/2021/02/amendment-result-se-civil-engg-r.html,https://drive.google.com/file/d/14vwmdMPc0jmR_95IN0nLb-fDXvmZkQ_g/view?usp=sharing
Result (F.E. R-2016) Sem-II_Choice Base_Dec-2020 LOT-2 ( Spl backlog),2021-01-26T23:39:00.004000-08:00,https://vishwaniketanexam.blogspot.com/2021/01/result-fe-r-2016-sem-iichoice-basedec_26.html,https://drive.google.com/file/d/1RnZ59PucJSWWZKmzVikodFLyE1HSVWie/view?usp=sharing
Result (F.E. R-2016) Sem-II_Choice Base_Dec-2020 LOT-1 ( Spl backlog),2021-01-21T21:23:00.006000-08:00,https://vishwaniketanexam.blogspot.com/2021/01/result-fe-r-2016-sem-iichoice-basedec.html,https://drive.google.com/file/d/1h2t4epA77zFIdcT2BK6baU9cIMXCA_xO/view?usp=sharing
Result (F.E. R-2016) Sem-I_Choice Base_Dec-2020 LOT-2 ( Spl backlog),2021-01-21T21:22:00.006000-08:00,https://vishwaniketanexam.blogspot.com/2021/01/result-fe-r-2016-sem-ichoice-basedec_21.html,https://drive.google.com/file/d/1BPsCpswm2i7qjWBACuQg0f7vs90ykM5H/view?usp=sharing
Result (F.E. R-2016) Sem-I_Choice Base_Dec-2020 LOT-1 ( Spl backlog),2021-01-21T21:21:00.004000-08:00,https://vishwaniketanexam.blogspot.com/2021/01/result-fe-r-2016-sem-ichoice-basedec.html,https://drive.google.com/file/d/10LHh1TjA_Bf1hQiXKFoO-rFMMoCVSw3I/view?usp=sharing
Result (F.E. R-2012)_Sem-II_CBGS_Dec-2020 ( Spl backlog),2021-01-06T01:07:00.002000-08:00,https://vishwaniketanexam.blogspot.com/2021/01/result-fe-r-2012sem-iicbgsdec-2020-spl.html,https://drive.google.com/file/d/1ocZwEXz7jbU9ZwnkVmIVzPtu_d83-KFj/view?usp=sharing
Result (F.E. R-2012)_Sem-I_CBGS_Dec-2020 ( Spl backlog),2021-01-04T23:04:00.004000-08:00,https://vishwaniketanexam.blogspot.com/2021/01/result-fe-r-2012sem-icbgsdec-2020-spl.html,https://drive.google.com/file/d/1f66QtXFQE61dM9TIOQH0bTbavrruzTg_/view?usp=sharing
Result TE (ExTC Engg. R-2016)_Sem-V_Choice Base_Dec-2020 ( Spl backlog),2020-12-29T02:39:00.005000-08:00,https://vishwaniketanexam.blogspot.com/2020/12/result-te-extc-engg-r-2016sem-vchoice.html,https://drive.google.com/file/d/1uHhC0l-g3cknvUgL8qc1ldjvtvB5h_1I/view?usp=sharing
Result TE (ExTC Engg. R-2016)_Sem-VI_Choice Base_Dec-2020 ( Spl backlog),2020-12-25T22:00:00.006000-08:00,https://vishwaniketanexam.blogspot.com/2020/12/result-te-extc-engg-r-2016sem-vichoice.html,https://drive.google.com/file/d/1IEzuPYJwlYU6l9WSrrF-kvsK1zjHwEu1/view?usp=sharing
Result SE (ExTC Engg. R-2016)_Sem-IV_Choice Base_Dec-2020 ( Spl backlog),2020-12-25T21:59:00.005000-08:00,https://vishwaniketanexam.blogspot.com/2020/12/result-se-extc-engg-r-2016sem-ivchoice.html,https://drive.google.com/file/d/1QIPevBEsVihLtjPZ3mhvTt6jweuw1uBO/view?usp=sharing
Result SE (ExTC Engg. R-2016)_Sem-III_Choice Base_Dec-2020 ( Spl backlog),2020-12-25T21:58:00.006000-08:00,https://vishwaniketanexam.blogspot.com/2020/12/result-se-extc-engg-r-2016sem-iiichoice.html,https://drive.google.com/file/d/182L9zcK7umIJmm0kM85jHYKpZGXYFfqV/view?usp=sharing
Result TE (ExTC Engg. R-2012)_Sem-VI_CBGS_Dec-2020 ( Spl backlog),2020-12-25T21:57:00.007000-08:00,https://vishwaniketanexam.blogspot.com/2020/12/result-te-extc-engg-r-2012sem-vicbgsdec.html,https://drive.google.com/file/d/1MXJUrmRIxCIzgFB0YMRCG8mSDQIBZrZW/view?usp=sharing
Result TE (Mechanical Engg. R-2016)_Sem-VI_Choice Base_Dec-2020 ( Spl backlog),2020-12-25T21:55:00.003000-08:00,https://vishwaniketanexam.blogspot.com/2020/12/result-te-mechanical-engg-r-2016sem_85.html,https://drive.google.com/file/d/1uclwkjy54AXJ4xA9BeI_JOe-hOvN_a3X/view?usp=sharing
Result TE (Mechanical Engg. R-2016)_Sem-V_Choice Base_Dec-2020 ( Spl backlog),2020-12-25T21:54:00.003000-08:00,https://vishwaniketanexam.blogspot.com/2020/12/result-te-mechanical-engg-r-2016sem_25.html,https://drive.google.com/file/d/139q492_FDZFHoN8lYKz8u8S0YIOZH0jA/view?usp=sharing
Result SE (Mechanical Engg. R-2016)_Sem-IV_Choice Base_Dec-2020 ( Spl backlog),2020-12-25T21:53:00.002000-08:00,https://vishwaniketanexam.blogspot.com/2020/12/result-se-mechanical-engg-r-2016sem_25.html,https://drive.google.com/file/d/1S-toIc03Uw14pq-MDzJ3o6V43oLvpy_z/view?usp=sharing
Result SE (Mechanical Engg. R-2016)_Sem-III_Choice Base_Dec-2020 ( Spl backlog),2020-12-25T21:52:00.003000-08:00,https://vishwaniketanexam.blogspot.com/2020/12/result-se-mechanical-engg-r-2016sem.html,https://drive.google.com/file/d/1olY99cKoDqZV7oSVWuFouqehhbsp6RL2/view?usp=sharing
Result TE (Mechanical Engg. R-2012)_Sem-VI_CBGS_Dec-2020 ( Spl backlog),2020-12-25T21:51:00.001000-08:00,https://vishwaniketanexam.blogspot.com/2020/12/result-te-mechanical-engg-r-2012sem_25.html,https://drive.google.com/file/d/1kVVpzp1wt1MFIuaarPpIJj5MGTq-nPj9/view?usp=sharing
Result TE (Mechanical Engg. R-2012)_Sem-V_CBGS_Dec-2020 ( Spl backlog),2020-12-25T21:50:00.003000-08:00,https://vishwaniketanexam.blogspot.com/2020/12/result-te-mechanical-engg-r-2012sem.html,https://drive.google.com/file/d/1-K-qcVvutLqyULnuF859lkoph4tIldPh/view?usp=sharing
Result SE (Mechanical Engg. R-2012)_Sem-IV_CBGS_Dec-2020 ( Spl backlog),2020-12-25T21:49:00.002000-08:00,https://vishwaniketanexam.blogspot.com/2020/12/result-se-mechanical-engg-r-2012sem_25.html,https://drive.google.com/file/d/1IhXh-vpGO2rRFcrO1O3nRqeSSQqgugRP/view?usp=sharing
Result SE (Mechanical Engg. R-2012)_Sem-III_CBGS_Dec-2020 ( Spl backlog),2020-12-25T21:48:00-08:00,https://vishwaniketanexam.blogspot.com/2020/12/result-se-mechanical-engg-r-2012sem.html,https://drive.google.com/file/d/10RxO6d1c2RY2CwvRqJbmQ_wOswkabikD/view?usp=sharing
Result TE (Electrical Engg. R-2016)_Sem-VI_Choice Base_Dec-2020 ( Spl backlog),2020-12-25T21:44:00.007000-08:00,https://vishwaniketanexam.blogspot.com/2020/12/result-te-electrical-engg-r-2016sem_32.html,https://drive.google.com/file/d/13d5rh7OgJJBY3td7WiNaAzAxcioliujs/view?usp=sharing
Result TE (Electrical Engg. R-2016)_Sem-V_Choice Base_Dec-2020 ( Spl backlog),2020-12-25T21:43:00.009000-08:00,https://vishwaniketanexam.blogspot.com/2020/12/result-te-electrical-engg-r-2016sem_25.html,https://drive.google.com/file/d/1B-XmegAZoUFC9sHVWP4ZINRpQcQwdMFC/view?usp=sharing
Result SE (Electrical Engg. R-2016)_Sem-IV_Choice Base_Dec-2020 ( Spl backlog),2020-12-25T21:42:00.007000-08:00,https://vishwaniketanexam.blogspot.com/2020/12/result-se-electrical-engg-r-2016sem_25.html,https://drive.google.com/file/d/1p0Sdu5TD6mCkBX-Qr7G8Vfoo_Tdkt85t/view?usp=sharing
Result SE (Electrical Engg. R-2016)_Sem-III_Choice Base_Dec-2020 ( Spl backlog),2020-12-25T21:41:00.008000-08:00,https://vishwaniketanexam.blogspot.com/2020/12/result-se-electrical-engg-r-2016sem.html,https://drive.google.com/file/d/1XKExZaIdYJnu1AJvzQ4WZfYXPXnOQTtG/view?usp=sharing
Result TE (Electrical Engg. R-2012)_Sem-VI_CBGS_Dec-2020 ( Spl backlog),2020-12-25T21:40:00-08:00,https://vishwaniketanexam.blogspot.com/2020/12/result-te-electrical-engg-r-2012sem_25.html,https://drive.google.com/file/d/1fHCHr6MEgZWe2erhZBJAbzsQuX1BW9Si/view?usp=sharing
Result SE (Electrical Engg. R-2012)_Sem-IV_CBGS_Dec-2020 ( Spl backlog),2020-12-25T21:38:00.008000-08:00,https://vishwaniketanexam.blogspot.com/2020/12/result-se-electrical-engg-r-2012sem.html,https://drive.google.com/file/d/1wdnoVN1-olAVlIivL8iZPM9Kpy0hE5Gx/view?usp=sharing
Result TE (Computer Engg. R-2016)_Sem-VI_Choice Base_Dec-2020 ( Spl backlog),2020-12-25T21:35:00.006000-08:00,https://vishwaniketanexam.blogspot.com/2020/12/result-te-computer-engg-r-2016sem_45.html,https://drive.google.com/file/d/1F7xPoxpI_0GHTcUbs4d85vgdHGPxocP-/view?usp=sharing
Result TE (Computer Engg. R-2016)_Sem-V_Choice Base_Dec-2020 ( Spl backlog),2020-12-25T21:34:00.004000-08:00,https://vishwaniketanexam.blogspot.com/2020/12/result-te-computer-engg-r-2016sem_25.html,https://drive.google.com/file/d/1pGjCTr4KduzY_qDuBjqCupenID8K4Z9u/view?usp=sharing
Result SE (Computer Engg. R-2016)_Sem-IV_Choice Base_Dec-2020 ( Spl backlog),2020-12-25T21:33:00.006000-08:00,https://vishwaniketanexam.blogspot.com/2020/12/result-se-computer-engg-r-2016sem_47.html,https://drive.google.com/file/d/1-IDxijc_3SzaRMZn5dz-OTdvb2VV5MNI/view?usp=sharing
Result SE (Computer Engg. R-2016)_Sem-III_Choice Base_Dec-2020 ( Spl backlog),2020-12-25T21:32:00.007000-08:00,https://vishwaniketanexam.blogspot.com/2020/12/result-se-computer-engg-r-2016sem_25.html,https://drive.google.com/file/d/1OQDv6yGHzfXjWFV_MFJtDmtOuOhe-vQ_/view?usp=sharing
Result TE (Computer Engg. R-2012)_Sem-VI_CBGS_Dec-2020 ( Spl backlog),2020-12-25T21:31:00.007000-08:00,https://vishwaniketanexam.blogspot.com/2020/12/result-te-computer-engg-r-2012sem_45.html,https://drive.google.com/file/d/1ru9H6sxYtgHUjwc7gjyI6mM_H0lXPfD9/view?usp=sharing
Result TE (Computer Engg. R-2012)_Sem-V_CBGS_Dec-2020 ( Spl backlog),2020-12-25T21:30:00.006000-08:00,https://vishwaniketanexam.blogspot.com/2020/12/result-te-computer-engg-r-2012sem_25.html,https://drive.google.com/file/d/1SxyJavfFZyKSea4YHeRq09mqaSXAGPvW/view?usp=sharing
Result SE (Computer Engg. R-2012)_Sem-IV_CBGS_Dec-2020 ( Spl backlog),2020-12-25T21:29:00.002000-08:00,https://vishwaniketanexam.blogspot.com/2020/12/result-se-computer-engg-r-2012sem.html,https://drive.google.com/file/d/1g5IHjzaXzo8JSMX7zs2joAjSJ0HmCUh3/view?usp=sharing
Result SE (Computer Engg. R-2012)_Sem-III_CBGS_Dec-2020 ( Spl backlog),2020-12-25T21:28:00.003000-08:00,https://vishwaniketanexam.blogspot.com/2020/12/result-se-computer-engg-r-2016sem.html,https://drive.google.com/file/d/1BgC8vDf26hyXwJk4u0U_mVpYf8Dv6gw0/view?usp=sharing
Result TE (Civil Engg. R-2016)_Sem-VI_Choice Base_Dec-2020 ( Spl backlog),2020-12-25T21:22:00.007000-08:00,https://vishwaniketanexam.blogspot.com/2020/12/result-te-civil-engg-r-2016sem-vichoice_25.html,https://drive.google.com/file/d/1oyxR7Hqu4MSI-J2d2cReuKA7ds09ZAa0/view?usp=sharing
Result TE (Civil Engg. R-2016)_Sem-V_Choice Base_Dec-2020 ( Spl backlog),2020-12-25T21:21:00.008000-08:00,https://vishwaniketanexam.blogspot.com/2020/12/result-te-civil-engg-r-2016sem-vchoice_25.html,https://drive.google.com/file/d/13fJC-NxYsTK7D4nQ8jPfUNaBJRFWOVg5/view?usp=sharing
Result SE (Civil Engg. R-2016)_Sem-IV_Choice Base_Dec-2020 ( Spl backlog),2020-12-25T21:20:00.007000-08:00,https://vishwaniketanexam.blogspot.com/2020/12/result-se-civil-engg-r-2016sem-ivchoice.html,https://drive.google.com/file/d/1XFzpY89OYUrfu4E68hSak4U3hCHSBL23/view?usp=sharing
Result SE (Civil Engg. R-2016)_Sem-III_Choice Base_Dec-2020 ( Spl backlog),2020-12-25T21:19:00.006000-08:00,https://vishwaniketanexam.blogspot.com/2020/12/result-se-civil-engg-r-2016sem.html,https://drive.google.com/file/d/1NKq5b3elp40lNmJ7I6e9_okU9i_pG_bL/view?usp=sharing
Result TE (Civil Engg. R-2012)_Sem-VI_CBGS_Dec-2020 ( Spl backlog),2020-12-25T21:18:00.005000-08:00,https://vishwaniketanexam.blogspot.com/2020/12/result-te-civil-engg-r-2012sem_25.html,https://drive.google.com/file/d/1BMD267XEjRFeTkXDlpJGpjhALiBUEuUq/view?usp=sharing
Result TE (Civil Engg. R-2012)_Sem-V_CBGS_Dec-2020 ( Spl backlog),2020-12-25T21:17:00.002000-08:00,https://vishwaniketanexam.blogspot.com/2020/12/result-te-civil-engg-r-2012sem-vcbgsdec.html,https://drive.google.com/file/d/1045Qx9WH4oEqWYirimF9ssqSOYaGVPnG/view?usp=sharing
Result SE (Civil Engg. R-2012)_Sem-IV_CBGS_Dec-2020 ( Spl backlog),2020-12-25T21:16:00.001000-08:00,https://vishwaniketanexam.blogspot.com/2020/12/result-se-civil-engg-r-2012sem_25.html,https://drive.google.com/file/d/1L3WjooDggCBB-cKfNFxGNHMEzOniPJ_4/view?usp=sharing
Result SE (Civil Engg. R-2012)_Sem-III_CBGS_Dec-2020 ( Spl backlog),2020-12-25T21:14:00.002000-08:00,https://vishwaniketanexam.blogspot.com/2020/12/result-se-civil-engg-r-2012sem.html,https://drive.google.com/file/d/1uGshPlhCoKC5aORKTjUyE03wHvm_VFOF/view?usp=sharing
Result TE (Computer Engg. R-2016)_Sem-VI_Choice Base_Oct-2020,2020-12-09T23:31:00.003000-08:00,https://vishwaniketanexam.blogspot.com/2020/12/result-te-computer-engg-r-2016sem_9.html,https://drive.google.com/file/d/13LnELjox-gzQ3qkY6vFCi4WHbM5wxb2W/view?usp=sharing
Result TE (Computer Engg. R-2016)_Sem-V_Choice Base_Oct-2020,2020-12-09T23:30:00.003000-08:00,https://vishwaniketanexam.blogspot.com/2020/12/result-te-computer-engg-r-2016sem.html,https://drive.google.com/file/d/1edylOdrJFYmNr_0lY6H__TW8_OM6ni3D/view?usp=sharing
Result TE (Computer Engg. R-2012)_Sem-VI_CBGS_Oct-2020,2020-12-09T23:27:00.007000-08:00,https://vishwaniketanexam.blogspot.com/2020/12/result-te-computer-engg-r-2012sem_9.html,https://drive.google.com/file/d/1gIy_oD0LhuUgUAMQDiyC_2Llt49jr2Nw/view?usp=sharing
Result TE (Computer Engg. R-2012)_Sem-V_CBGS_Oct-2020,2020-12-09T23:27:00.001000-08:00,https://vishwaniketanexam.blogspot.com/2020/12/result-te-computer-engg-r-2012sem.html,https://drive.google.com/file/d/1Wdpc-PCjVAbh5w6RLeDDGKGobeftGGBr/view?usp=sharing
Result TE (Civil Engg. R-2016)_Sem-VI_Choice Base_Oct-2020,2020-12-09T23:08:00.004000-08:00,https://vishwaniketanexam.blogspot.com/2020/12/result-te-civil-engg-r-2016sem-vichoice.html,https://drive.google.com/file/d/1Hxk2Y81zzCTsyjxfIP2ygtk0vCY2f70a/view?usp=sharing
Result TE (Civil Engg. R-2016)_Sem-V_Choice Base_Oct-2020,2020-12-09T23:07:00.003000-08:00,https://vishwaniketanexam.blogspot.com/2020/12/result-te-civil-engg-r-2016sem-vchoice.html,https://drive.google.com/file/d/1CgJBPGBOEAsytIAUIh6AtEK92mE2q7sp/view?usp=sharing
Result TE (Civil Engg. R-2012)_Sem-VI_CBGS_Oct-2020,2020-12-09T23:02:00.006000-08:00,https://vishwaniketanexam.blogspot.com/2020/12/result-te-civil-engg-r-2012sem.html,https://drive.google.com/file/d/12vJmrWFfG48KieG8gCKe5l7joVpkW5cI/view?usp=sharing
Result TE (Civil Engg. R-2012)_Sem-V_CBGS_Oct-2020,2020-12-09T23:01:00.005000-08:00,https://vishwaniketanexam.blogspot.com/2020/12/result-te-civil-engg-r-2012sem-vcbgsoct.html,https://drive.google.com/file/d/15SqRm1oe-oqFqt2tGhimoTY_4sZuzat6/view?usp=sharing
Result TE (Electrical Engg. R-2012)_Sem-VI_CBGS_Oct-2020,2020-12-09T23:00:00.001000-08:00,https://vishwaniketanexam.blogspot.com/2020/12/result-te-electrical-engg-r-2012sem.html,https://drive.google.com/file/d/113FLpif_515z3Qo63pd7fAbhge-mzMcT/view?usp=sharing
Result TE (Electrical Engg. R-2016)_Sem-VI_Choice Base_Oct-2020,2020-12-09T22:59:00.001000-08:00,https://vishwaniketanexam.blogspot.com/2020/12/result-te-electrical-engg-r-2016sem.html,https://drive.google.com/file/d/1yCjVg6BlAm0npO-RqScOnhbsrYIfc-Th/view?usp=sharing
Result TE (ExTC Engg. R-2012)_Sem-VI_CBGS_Oct-2020,2020-12-09T22:57:00.009000-08:00,https://vishwaniketanexam.blogspot.com/2020/12/result-te-extc-engg-r-2012sem-vicbgsoct.html,https://drive.google.com/file/d/1km3-C3o3al2jdLYz9XbetOZ1an5ypH8F/view?usp=sharing
Result TE (Mechanical Engg. R-2016)_Sem-VI_Choice Base_Oct-2020,2020-12-09T22:56:00.003000-08:00,https://vishwaniketanexam.blogspot.com/2020/12/result-te-mechanical-engg-r-2016sem_72.html,https://drive.google.com/file/d/1wh5n8YAc9KwZMitBTNLYCobJirdCzQDt/view?usp=sharing
Result TE (Mechanical Engg. R-2016)_Sem-V_(Mstd) Choice Base_Oct-2020,2020-12-09T22:53:00.006000-08:00,https://vishwaniketanexam.blogspot.com/2020/12/result-te-mechanical-engg-r-2016sem_9.html,https://drive.google.com/file/d/1RvejrpNB-XrMW1hEzJ8shScvShzj9-kq/view?usp=sharing
Result TE (Mechanical Engg. R-2016)_Sem-V_(Jig) Choice Base_Oct-2020,2020-12-09T22:52:00.007000-08:00,https://vishwaniketanexam.blogspot.com/2020/12/result-te-mechanical-engg-r-2016sem.html,https://drive.google.com/file/d/1OPuXedZA1k6Pz4hS2iiebDsaV7LNE_NH/view?usp=sharing
Result TE (Mechanical Engg. R-2012)_Sem-VI CBGS_Oct-2020,2020-12-09T22:51:00.005000-08:00,https://vishwaniketanexam.blogspot.com/2020/12/result-te-mechanical-engg-r-2012sem-vi.html,https://drive.google.com/file/d/1H-Yw39hkE9bElSHJD1OgW5u-gy-zq7zi/view?usp=sharing
Result TE (Mechanical Engg. R-2012)_Sem-V CBGS_Oct-2020,2020-12-09T22:50:00-08:00,https://vishwaniketanexam.blogspot.com/2020/12/result-te-mechanical-engg-r-2012sem-v.html,https://drive.google.com/file/d/10oYNBC5h0EiEMwy6upHznX2x_wZyiVCy/view?usp=sharing
Result BE (ExTC Engg. R-2012)_Sem-VIII_Choice Base_Oct-2020,2020-11-24T21:36:00-08:00,https://vishwaniketanexam.blogspot.com/2020/11/result-be-extc-engg-r-2012sem.html,https://drive.google.com/file/d/1TTlIFNItTJmXd2zuHudqlxx-RV9FpsDX/view?usp=sharing
Result BE (Mechanical Engg. R-2012)_Sem-VIII_Choice Base_Oct-2020,2020-11-24T21:30:00.008000-08:00,https://vishwaniketanexam.blogspot.com/2020/11/result-be-mechanical-engg-r-2012sem_24.html,https://drive.google.com/file/d/1hxPXOwJ0FfayTuXJjzfhgnmVOVKhra2k/view?usp=sharing
Result BE (Civil Engg. R-2012)_Sem-VIII_CBGS_Oct-2020,2020-11-23T21:25:00.005000-08:00,https://vishwaniketanexam.blogspot.com/2020/11/result-be-civil-engg-r-2012sem_23.html,https://drive.google.com/file/d/1IQ7AMl-yzXRaaBzt-_wN2IzLguUcHt1g/view?usp=sharing
Result BE (Electrical Engg. R-2016)_Sem-VIII_Choice Base_Oct-2020,2020-11-23T21:19:00.002000-08:00,https://vishwaniketanexam.blogspot.com/2020/11/result-be-electrical-engg-r-2016sem_23.html,https://drive.google.com/file/d/1Lx7knhvmNJbEJFxFD_cug4dXruhvprLN/view?usp=sharing
Hall Ticket F.E.(Mechanical Engg._R-2016_)Sem-II_Examination May-2020,2020-11-22T23:03:00.004000-08:00,https://vishwaniketanexam.blogspot.com/2020/11/hall-ticket-femechanical-enggr-2016sem_22.html,https://drive.google.com/file/d/1ysUfyhL1C7o5jETGm3x8Cih0e72AxG34/view?usp=sharing
Hall Ticket F.E.(ExTC Engg._R-2016_)Sem-II_Examination May-2020,2020-11-22T23:02:00.003000-08:00,https://vishwaniketanexam.blogspot.com/2020/11/hall-ticket-feextc-enggr-2016sem_22.html,https://drive.google.com/file/d/1p5F81KnuW-Zi4zWu3nHyhMiWgnMYcaXt/view?usp=sharing
Hall Ticket F.E.(Electrical Engg._R-2016_)Sem-II_Examination May-2020,2020-11-22T23:01:00.006000-08:00,https://vishwaniketanexam.blogspot.com/2020/11/hall-ticket-feelectrical-enggr-2016sem_22.html,https://drive.google.com/file/d/1NJ9sfDeOuaxqV2GnwtCAY1v9-bGFZJIS/view?usp=sharing
Hall Ticket F.E.(Computer Engg._R-2016_)Sem-II_Examination May-2020,2020-11-22T23:00:00.004000-08:00,https://vishwaniketanexam.blogspot.com/2020/11/hall-ticket-fecomputer-enggr-2016sem_22.html,https://drive.google.com/file/d/1fgw1PMtMsth0yJYlK715WoZ_7AVl3SrI/view?usp=sharing
Hall Ticket F.E.(Civil Engg._R-2016_)Sem-II_Examination May-2020,2020-11-22T22:59:00.004000-08:00,https://vishwaniketanexam.blogspot.com/2020/11/hall-ticket-fecivil-enggr-2016sem_22.html,https://drive.google.com/file/d/1LAnDakCz_L_aXTJi9pPPfv8P-fbaZbE6/view?usp=sharing
Hall Ticket F.E.(Mechanical Engg._R-2016_)Sem-I_Examination May-2020,2020-11-22T22:58:00.001000-08:00,https://vishwaniketanexam.blogspot.com/2020/11/hall-ticket-femechanical-enggr-2016sem.html,https://drive.google.com/file/d/1PpHFq-4mz9aXN4PPkljDrluFxy6FlshB/view?usp=sharing
Hall Ticket F.E.(ExTC Engg._R-2016_)Sem-I_Examination May-2020,2020-11-22T22:56:00.005000-08:00,https://vishwaniketanexam.blogspot.com/2020/11/hall-ticket-feextc-enggr-2016sem.html,https://drive.google.com/file/d/1gIJVVCvbHDrv_f5vd50FvIwSY8AmON8_/view?usp=sharing
Hall Ticket F.E.(Electrical Engg._R-2016_)Sem-I_Examination May-2020,2020-11-22T22:55:00.005000-08:00,https://vishwaniketanexam.blogspot.com/2020/11/hall-ticket-feelectrical-enggr-2016sem.html,https://drive.google.com/file/d/1YScb95P0N1Z44NmZjdyUyasqZ2U-7l4P/view?usp=sharing
Hall Ticket F.E.(Computer Engg._R-2016_)Sem-I_Examination May-2020,2020-11-22T22:54:00.001000-08:00,https://vishwaniketanexam.blogspot.com/2020/11/hall-ticket-fecomputer-enggr-2016sem.html,https://drive.google.com/file/d/1LNxNFBF95a-IQnioXuRKU7OquUWFvCEf/view?usp=sharing
Hall Ticket F.E.(Civil Engg._R-2016_)Sem-I_Examination May-2020,2020-11-22T22:16:00.005000-08:00,https://vishwaniketanexam.blogspot.com/2020/11/hall-ticket-fecivil-enggr-2016sem.html,https://drive.google.com/file/d/1HhVLcj_A5lt9StwaVyZ7GE0MALEcab_8/view?usp=sharing
Result BE (Civil Engg. R-2016)_Sem-VIII_Choice Base_Oct-2020,2020-11-20T21:32:00.007000-08:00,https://vishwaniketanexam.blogspot.com/2020/11/result-be-civil-engg-r-2016sem_20.html,https://drive.google.com/file/d/1blSJKCEwrmeVm-OlPsR6-BvhsWLq4t0e/view?usp=sharing
Result BE (Computer Engg. R-2012)_Sem-VIII_CBGS_Oct-2020,2020-11-20T21:31:00.005000-08:00,https://vishwaniketanexam.blogspot.com/2020/11/result-be-computer-engg-r-2012sem_20.html,https://drive.google.com/file/d/1ADSJ3kWouqywIunnuWYoge4aDu2SvhyL/view?usp=sharing
Time Table (T.E_Sem-VI R-2016_Choice Base_KT) Examination Dec-2020,2020-11-19T01:48:00.007000-08:00,https://vishwaniketanexam.blogspot.com/2020/11/time-table-tesem-vi-r-2016choice-basekt.html,https://drive.google.com/file/d/1IFKG7bdiO8V7oWFxh_dLD8DE0cXjjjuS/view?usp=sharing
Time Table (T.E_Sem-VI R-2012_CBGS_KT) Examination Dec-2020,2020-11-19T01:47:00.007000-08:00,https://vishwaniketanexam.blogspot.com/2020/11/time-table-tesem-vi-r-2012cbgskt.html,https://drive.google.com/file/d/171PC6orQIMR9-bI3IsnhSEhei19O7jnL/view?usp=sharing
Time Table (T.E_Sem-V R-2016_Choice Base_KT) Examination Dec-2020,2020-11-19T01:46:00.008000-08:00,https://vishwaniketanexam.blogspot.com/2020/11/time-table-tesem-v-r-2016choice-basekt.html,https://drive.google.com/file/d/1CB0_NFbcO73-5ttlUKePS-QFQA4B6R-m/view?usp=sharing
Time Table (T.E_Sem-V R-2012_CBGS_KT) Examination Dec-2020,2020-11-19T01:46:00-08:00,https://vishwaniketanexam.blogspot.com/2020/11/time-table-tesem-v-r-2012cbgskt.html,https://drive.google.com/file/d/1WqqVYuzA25XZznIQldbrdfAAK1Ljgfac/view?usp=sharing
Time Table (S.E_Sem-IV R-2016_Choice Base_KT) Examination Dec-2020,2020-11-19T01:43:00.006000-08:00,https://vishwaniketanexam.blogspot.com/2020/11/time-table-sesem-iv-r-2016choice-basekt.html,https://drive.google.com/file/d/1u-ar3FgzjymmNkzGLFdyhcyIa1R4ZUUF/view?usp=sharing
Time Table (S.E_Sem-IV R-2012_CBGS_KT) Examination Dec-2020,2020-11-19T01:41:00.007000-08:00,https://vishwaniketanexam.blogspot.com/2020/11/time-table-sesem-iv-r-2012cbgskt.html,https://drive.google.com/file/d/17w4sdY70boJnzcXl9h7h6l28Gpml3p_2/view?usp=sharing
Time Table (S.E_Sem-III R-2016_Choice Base_KT) Examination Dec-2020,2020-11-19T01:39:00.006000-08:00,https://vishwaniketanexam.blogspot.com/2020/11/time-table-sesem-iii-r-2012choice-base.html,https://drive.google.com/file/d/1AQ7lZQ6DwvApxkspC-5q0yf6U8Y838Fx/view?usp=sharing
Time Table (S.E_Sem-III R-2012_CBGS_KT) Examination Dec-2020,2020-11-19T01:38:00.004000-08:00,https://vishwaniketanexam.blogspot.com/2020/11/time-table-sesem-iii-r-2012cbgs.html,https://drive.google.com/file/d/18FBbG5z8DP7PK-FfQ1nQyyHM83mj3977/view?usp=sharing
Time Table (F.E_Sem-I & II R-2012_R-2016_R-2019 CBGS & CBCS) Examination Dec-2020 ,2020-11-19T01:35:00.004000-08:00,https://vishwaniketanexam.blogspot.com/2020/11/time-table-fer-2012r-2016r2019sem-i-ii.html,https://drive.google.com/file/d/11_5AQIUA_tV8avU8T9bznRvdoZq12ue_/view?usp=sharing
Result BE (Computer Engg. R-2016)_Sem-VIII_Choice Base_Oct-2020,2020-11-18T23:14:00.001000-08:00,https://vishwaniketanexam.blogspot.com/2020/11/result-be-computer-engg-r-2016sem_18.html,https://drive.google.com/file/d/1Mg1Xl6xrWGteC_6NThfDS2fzqPBRVyTe/view?usp=sharing
Result BE (Mechanical Engg. R-2012)_Sem-VIII_CBGS_Oct-2020,2020-11-18T23:09:00.007000-08:00,https://vishwaniketanexam.blogspot.com/2020/11/result-be-mechanical-engg-r-2012sem_18.html,https://drive.google.com/file/d/1EUVsSyFQy0CDddjP60WCEgA-C6MJH6VD/view?usp=sharing
Result BE (Computer Engg. R-2012)_Sem-VII_CBGS_Oct-2020,2020-11-18T23:07:00.005000-08:00,https://vishwaniketanexam.blogspot.com/2020/11/result-be-computer-engg-r-2012sem.html,https://drive.google.com/file/d/1PWe2KyYKTHNvuyN6f5r7S-aSW65iOij4/view?usp=sharing
Result BE (Mechanical Engg. R-2012)_Sem-VII_CBGS_Oct-2020,2020-11-18T23:04:00.006000-08:00,https://vishwaniketanexam.blogspot.com/2020/11/result-be-mechanical-engg-r-2012sem.html,https://drive.google.com/file/d/1NyKtQu3L7WnMopTPLrC9IGrMSi8R0iyw/view?usp=sharing
Result BE (Civil Engg. R-2012)_Sem-VII_CBGS_Oct-2020,2020-11-18T23:02:00.003000-08:00,https://vishwaniketanexam.blogspot.com/2020/11/result-be-civil-engg-r-2012sem.html,https://drive.google.com/file/d/14ec1I6nzKxJP4ZZ6WI4g_KMCCDuD04Zb/view?usp=sharing
Result BE (Computer Engg. R-2016)_Sem-VII_Choice Base_Oct-2020,2020-11-18T23:00:00-08:00,https://vishwaniketanexam.blogspot.com/2020/11/result-be-computer-engg-r-2016sem.html,https://drive.google.com/file/d/1yfHjG7Clq8BPsvlWdj6om5sAd9saEazd/view?usp=sharing
Result BE (Electrical Engg. R-2016)_Sem-VII_Choice Base_Oct-2020,2020-11-18T22:59:00-08:00,https://vishwaniketanexam.blogspot.com/2020/11/result-be-electrical-engg-r-2016sem.html,https://drive.google.com/file/d/1UT3PStfg4AkNO_eVR_9ZPFJRdAEISoj3/view?usp=sharing
Result BE (ExTC Engg. R-2016)_Sem-VII_Choice Base_Oct-2020,2020-11-18T22:57:00.005000-08:00,https://vishwaniketanexam.blogspot.com/2020/11/result-be-extc-engg-r-2016sem-viichoice.html,https://drive.google.com/file/d/1bl8uFXqY4DiISjsasnS7mFH3D0sMaF4O/view?usp=sharing
Result BE (Mechanical Engg. R-2016)_Sem-VII_Choice Base_Oct-2020,2020-11-18T22:56:00.004000-08:00,https://vishwaniketanexam.blogspot.com/2020/11/result-be-mechanical-engg-r-2016sem.html,https://drive.google.com/file/d/1MXs3qH5gq6q_8qgUGM9gyNUyAr3mEaM-/view?usp=sharing
Result BE (Civil Engg. R-2016)_Sem-VII_Choice Base_Oct-2020,2020-11-10T23:17:00-08:00,https://vishwaniketanexam.blogspot.com/2020/11/result-be-civil-engg-r-2016sem.html,https://drive.google.com/file/d/1BFd7IE2Llo6CSFEk6JRJLIR1Pni4lGPP/view?usp=sharing
Revaluation Result FE (R-2016)_Sem-I_Choice Base_Dec-2019,2020-11-02T01:44:00.006000-08:00,https://vishwaniketanexam.blogspot.com/2020/11/revaluation-result-fe-r-2016sem-ichoice.html,https://drive.google.com/file/d/1EQ_zOcBiezmjdxv54sYCQxTQ6IYdxM0a/view?usp=sharing
Revaluation Result BE (Civil Engg. R-2016)_Sem-VII_Choice Base_Dec-2019,2020-11-02T01:40:00.003000-08:00,https://vishwaniketanexam.blogspot.com/2020/11/revaluation-result-be-civil-engg-r.html,https://drive.google.com/file/d/1UEMGxdKvabO_kYouhcB47WO9n_6IOInz/view?usp=sharing
Time Table of Sem-VI Choice Base applied only for the student who are appearing for the BE Examination May-2020 (Student admitted in 2019 and earlier (R-2016) ,2020-09-21T22:41:00.005000-07:00,https://vishwaniketanexam.blogspot.com/2020/09/time-table-sem-vi-choice-base-r-2016.html,https://drive.google.com/file/d/1hizsd5-0K-O4_MAQ-JzednNCfZ871aqC/view?usp=sharing
Time Table of Sem-VI CBGS applied only for the student who are appearing for the BE Examination May-2020 (Student admitted in 2019 and earlier (R-2012),2020-09-21T22:38:00.002000-07:00,https://vishwaniketanexam.blogspot.com/2020/09/time-table-sem-vi-cbgs-r-2012-mayjune.html,https://drive.google.com/file/d/1Qj6ZBjeH9JG33XzHwyzG9qiUL2jVpGKG/view?usp=sharing
Time Table of Sem-V Choice Base applied only for the student who are appearing for the BE Examination May-2020 (Student admitted in 2019 and earlier (R-2016),2020-09-21T22:34:00.003000-07:00,https://vishwaniketanexam.blogspot.com/2020/09/time-table-sem-v-choice-base-r-2016.html,https://drive.google.com/file/d/1EMvIrm2CB9UXvGiN_Rpq2HLj7NHrxGwe/view?usp=sharing
Time Table of Sem-V CBGS applied only for the student who are appearing for the BE Examination May-2020 (Student admitted in 2019 and earlier (R-2012),2020-09-21T22:31:00.006000-07:00,https://vishwaniketanexam.blogspot.com/2020/09/time-table-sem-v-cbgs-r-2012-mayjune.html,https://drive.google.com/file/d/16OFYX8I_4GPU_RYcsYCgaYs82Ot8lMsL/view?usp=sharing
Result TE (Civil Engg. R-2016)_Sem-VI_Choice Base (Regular)_May-2020,2020-09-20T21:57:00.007000-07:00,https://vishwaniketanexam.blogspot.com/2020/09/result-te-civil-engg-r-2016sem-vichoice.html,https://drive.google.com/file/d/1-UkT2HMYpeSWf3K9tTiUSyw1yN5PTnlH/view?usp=sharing
Result SE (Civil Engg. R-2016)_Sem-IV_Choice Base (Regular)_May-2020,2020-09-20T21:56:00.003000-07:00,https://vishwaniketanexam.blogspot.com/2020/09/result-se-civil-engg-r-2016sem-ivchoice.html,https://drive.google.com/file/d/1uBVjfLJ3Q_bXj9bigrzQo2UB_BeL0wsI/view?usp=sharing
Revaluation Result BE (ExTC Engg. R-2016)_Sem-VII_Choice Base_Dec-2019,2020-09-20T21:52:00.007000-07:00,https://vishwaniketanexam.blogspot.com/2020/09/revaluation-result-be-extc-engg-r.html,https://drive.google.com/file/d/1wpKjNTi-D6Qh6-2NR_son3QTUFH0YNY8/view?usp=sharing
Revaluation Result BE (Mechanical  Engg. R-2016)_Sem-VII_Choice Base_Dec-2019,2020-09-17T03:46:00.003000-07:00,https://vishwaniketanexam.blogspot.com/2020/09/revaluation-result-be-mechanical-engg-r.html,https://drive.google.com/file/d/1AMMBOTBxyQJd15BGhsRqkql0JLN5GRSr/view?usp=sharing
Revaluation Result BE (Computer Engg. R-2016)_Sem-VII_Choice Base_Dec-2019,2020-09-17T03:07:00.005000-07:00,https://vishwaniketanexam.blogspot.com/2020/09/revaluation-result-be-computer-engg-r.html,https://drive.google.com/file/d/1MucYE7Ma6paWcBj26tD4qP5gUyiwaLs6/view?usp=sharing
Revaluation Result BE (Electrical Engg. R-2016)_Sem-VII_Choice Base_Dec-2019,2020-09-17T03:04:00.005000-07:00,https://vishwaniketanexam.blogspot.com/2020/09/revaluation-result-be-electrical-engg-r.html,https://drive.google.com/file/d/1CwvVLS7GKuFdgKZlVbTg2YClnn7j0p8P/view?usp=sharing
Survey form for the BE Student ,2020-09-14T23:52:00.001000-07:00,https://vishwaniketanexam.blogspot.com/2020/09/survey-form-for-be-student.html,https://drive.google.com/file/d/1Ricv074Q3S4iL2Q8p5KrNtXyACOC63p_/view?usp=sharing
Result TE (ExTC  Engg. R-2016)_Sem-VI_Choice Base (Regular)_May-2020,2020-09-12T02:14:00.001000-07:00,https://vishwaniketanexam.blogspot.com/2020/09/result-te-extc-engg-r-2016sem-vichoice.html,https://drive.google.com/file/d/1kL78faRbMBh5OoGiy67LFBJ0UBhdpTLB/view?usp=sharing
Result SE (ExTC  Engg. R-2016)_Sem-IV_Choice Base (Regular)_May-2020,2020-09-12T02:14:00-07:00,https://vishwaniketanexam.blogspot.com/2020/09/result-se-extc-engg-r-2016sem-ivchoice.html,https://drive.google.com/file/d/1o-wZoo12o3LRqJsglr-aggMg4aA2styJ/view?usp=sharing
Result TE (Electrical Engg. R-2016)_Sem-VI_Choice Base (Regular)_May-2020,2020-09-12T01:30:00.003000-07:00,https://vishwaniketanexam.blogspot.com/2020/09/result-te-electrical-engg-r-2016sem.html,https://drive.google.com/file/d/1Q6LpZ0Tjt_zDkGammXdozn6RoB32BTxK/view?usp=sharing
Result SE (Electrical Engg. R-2016)_Sem-IV_Choice Base (Regular)_May-2020,2020-09-12T01:28:00-07:00,https://vishwaniketanexam.blogspot.com/2020/09/result-se-electrical-engg-r-2016sem.html,https://drive.google.com/file/d/1TMuJ5cy3M1V7mBlJR-4uAZwG8r4R5BUY/view?usp=sharing
Updated Result SE (Mechanical Engg. R-2016)_Sem-IV_Choice Base (KT)_May-2019,2020-09-11T04:17:00.003000-07:00,https://vishwaniketanexam.blogspot.com/2020/09/updated-result-se-mechanical-engg-r_93.html,https://drive.google.com/file/d/1VnFEIjYTeppPd8-GzMog0VBPcGm-3vl0/view?usp=sharing
Updated Result SE (Mechanical Engg. R-2016)_Sem-IV_Choice Base (KT)_Dec-2018,2020-09-11T04:15:00.004000-07:00,https://vishwaniketanexam.blogspot.com/2020/09/updated-result-se-mechanical-engg-r_11.html,https://drive.google.com/file/d/1U-_RsPBTdUleEhLwxCUmKcARah_mHRkt/view?usp=sharing
Updated Result SE (Mechanical Engg. R-2016)_Sem-IV_Choice Base (Regular)_May-2018,2020-09-11T04:14:00.005000-07:00,https://vishwaniketanexam.blogspot.com/2020/09/updated-result-se-mechanical-engg-r.html,https://drive.google.com/file/d/1pgpf-6j-SB9MWxu6VpEDx6O93siKLWgp/view?usp=sharing
Updated Result TE (CIVIL Engg. R-2016)_Sem-V_Choice Base (KT)_Dec-2019,2020-09-11T03:59:00.006000-07:00,https://vishwaniketanexam.blogspot.com/2020/09/updated-result-te-civil-engg-r-2016sem.html,https://drive.google.com/file/d/1XOK2sfR3Dk3NskA9hqtv9hOoLoTQXc7j/view?usp=sharing
Result SE (Mechanical Engg. R-2016)_Sem-IV_Choice Base (Regular)_May-2020,2020-09-08T11:42:00.002000-07:00,https://vishwaniketanexam.blogspot.com/2020/09/result-se-mechanical-engg-r-2016sem.html,https://drive.google.com/file/d/19yTjPF6spT2MvpJmyeq8AeG3mb8lZdlv/view?usp=sharing
Result TE (Mechanical Engg. R-2016)_Sem-VI_Choice Base (Regular)_May-2020,2020-09-08T11:02:00.003000-07:00,https://vishwaniketanexam.blogspot.com/2020/09/result-te-mechanical-engg-r-2016sem.html,https://drive.google.com/file/d/1BhyjZvVUIxY5FqpSFCd-Z24STjJQD36x/view?usp=sharing
Result TE (Computer Engg. R-2016)_Sem-VI_Choice Base (Regular)_May-2020,2020-09-08T10:58:00-07:00,https://vishwaniketanexam.blogspot.com/2020/09/result-te-computer-engg-r-2016sem.html,https://drive.google.com/file/d/1_x9fo7cOlllejLvfLywpCN5oru3Ss1g-/view?usp=sharing
Result SE (Computer Engg. R-2016)_Sem-IV_Choice Base (Regular)_May-2020,2020-09-03T02:51:00.003000-07:00,https://vishwaniketanexam.blogspot.com/2020/09/result-se-computer-engg-r-2016sem.html,https://drive.google.com/file/d/1cL47zJff2K4Pu1zdiD2raZT_9vM8nVGv/view?usp=sharing
Revaluation Result TE (Civil Engg. R-2016)_Sem-V_Choice Base(Regular & KT)_Dec-2019,2020-08-29T02:09:00.007000-07:00,https://vishwaniketanexam.blogspot.com/2020/08/revaluation-result-te-civil-engg-r_29.html,https://drive.google.com/file/d/1bv2GuvUTwBD3biEttJYByKPQZK4ey_iy/view?usp=sharing
Revaluation Result SE (Civil Engg. R-2016)_Sem-IV_Choice Base_Dec-2019,2020-08-29T02:08:00.008000-07:00,https://vishwaniketanexam.blogspot.com/2020/08/revaluation-result-se-civil-engg-r_13.html,https://drive.google.com/file/d/1sXMsXP6FdxPOBeOk8ykA76B1G1ssORaL/view?usp=sharing
Revaluation Result SE (Civil Engg. R-2016)_Sem-III_Choice Base(Regular & KT)_Dec-2019,2020-08-29T02:07:00.007000-07:00,https://vishwaniketanexam.blogspot.com/2020/08/revaluation-result-se-civil-engg-r_29.html,https://drive.google.com/file/d/1t_pS6u0OG873_B3He2EK2-qYjiECK7TJ/view?usp=sharing
Revaluation Result SE (Computer Engg. R-2016)_Sem-III_Choice Base(KT)_Dec-2019,2020-08-26T03:00:00.005000-07:00,https://vishwaniketanexam.blogspot.com/2020/08/revaluation-result-se-computer-engg-r_26.html,https://drive.google.com/file/d/1-MMH7v60iMRTBABWjz8Ght89fAibrHou/view?usp=sharing
Revaluation Result SE (Computer Engg. R-2016)_Sem-IV_Choice Base_Dec-2019,2020-08-22T22:22:00.001000-07:00,https://vishwaniketanexam.blogspot.com/2020/08/revaluation-result-se-computer-engg-r_24.html,https://drive.google.com/file/d/18BNfUULP2IOaCZ74wU4VgDIq4M5Aiaan/view?usp=sharing
Revaluation Result TE (Civil Engg. R-2016)_Sem-VI_Choice Base_Dec-2019,2020-08-22T04:00:00.001000-07:00,https://vishwaniketanexam.blogspot.com/2020/08/revaluation-result-te-civil-engg-r.html,https://drive.google.com/file/d/1KzOWZbT1bs140VLDN0zDoIL8TJiyzIAV/view?usp=sharing
Revaluation Result SE (Civil Engg. R-2012)_Sem-IV_CBGS_Dec-2019,2020-08-22T03:59:00.001000-07:00,https://vishwaniketanexam.blogspot.com/2020/08/revaluation-result-se-civil-engg-r_22.html,https://drive.google.com/file/d/1Zpdrq19pKpddma7Dh-kdeiVx3NcGGPd-/view?usp=sharing
Revaluation Result SE (Civil Engg. R-2012)_Sem-III_CBGS_Dec-2019,2020-08-22T03:58:00.004000-07:00,https://vishwaniketanexam.blogspot.com/2020/08/revaluation-result-se-civil-engg-r.html,https://drive.google.com/file/d/1RLGtwDxKMsqzECQmgqcfQVNKj80brbKW/view?usp=sharing
Revaluation Result TE (Mechanical Engg. R-2016)_Sem-VI_Choice Base (KT)_Dec-2019,2020-08-22T03:46:00.003000-07:00,https://vishwaniketanexam.blogspot.com/2020/08/revaluation-result-te-mechanical-engg-r_95.html,https://drive.google.com/file/d/110bbzoUyUVBQhOedjHyd77hYEhYHZ_0p/view?usp=sharing
Revaluation Result TE (Mechanical Engg. R-2012)_Sem-VI_CBGS (KT)_Dec-2019,2020-08-22T03:45:00.002000-07:00,https://vishwaniketanexam.blogspot.com/2020/08/revaluation-result-te-mechanical-engg-r_60.html,https://drive.google.com/file/d/1Zzoj6BlGo4GK42Bbjv6LKoVIYBu4orYt/view?usp=sharing
Revaluation Result TE (Mechanical Engg. R-2016)_Sem-V_Choice Base (Regular & KT)_Dec-2019,2020-08-22T03:43:00.005000-07:00,https://vishwaniketanexam.blogspot.com/2020/08/revaluation-result-te-mechanical-engg-r_22.html,https://drive.google.com/file/d/11bR3tLQ3tAw6B6NNKa6BAMJCSGhsuGAR/view?usp=sharing
Revaluation Result TE (Mechanical Engg. R-2012)_Sem-V_CBGS (KT)_Dec-2019,2020-08-22T03:41:00.001000-07:00,https://vishwaniketanexam.blogspot.com/2020/08/revaluation-result-te-mechanical-engg-r.html,https://drive.google.com/file/d/146DGrx9JuF8VF4FqMA6vUj3SQ3ibz8r1/view?usp=sharing
Revaluation Result SE (Mechanical Engg. R-2016)_Sem-IV_Choice Base (KT)_Dec-2019,2020-08-22T03:39:00.008000-07:00,https://vishwaniketanexam.blogspot.com/2020/08/revaluation-result-se-mechanical-engg-r_22.html,https://drive.google.com/file/d/1_Dg-_z9IEphWAvxgok4rwAy1hy_JesYG/view?usp=sharing
Revaluation Result SE (Mechanical Engg. R-2016)_Sem-III_Choice Base (Regular & KT)_Dec-2019,2020-08-22T03:38:00.006000-07:00,https://vishwaniketanexam.blogspot.com/2020/08/revaluation-result-se-mechanical-engg-r.html,https://drive.google.com/file/d/16mxeHgb5ASoCCq9TMlPJTo5_axVI27aG/view?usp=sharing
Revaluation Result TE (Computer Engg. R-2016)_Sem-VI_Choice Base (KT)_Dec-2019,2020-08-22T02:48:00.003000-07:00,https://vishwaniketanexam.blogspot.com/2020/08/revaluation-result-te-computer-engg-r_22.html,https://drive.google.com/file/d/156HeV5HGEyLXUt21ZBgYmpxBCRMUdtqJ/view?usp=sharing
Revaluation Result TE (Computer Engg. R-2016)_Sem-V_Choice Base (Regular & KT)_Dec-2019,2020-08-22T02:47:00.006000-07:00,https://vishwaniketanexam.blogspot.com/2020/08/revaluation-result-te-computer-engg-r.html,https://drive.google.com/file/d/1sUfkKhNb4bYVOCLoSWWhBDr6NlPKheCm/view?usp=sharing
Revaluation Result SE (Computer Engg. R-2012)_Sem-IV_CBGS_Dec-2019,2020-08-22T02:44:00.010000-07:00,https://vishwaniketanexam.blogspot.com/2020/08/revaluation-result-se-computer-engg-r_64.html,https://drive.google.com/file/d/1nfyJ0ofJkScd0yukuwTUiGcJQXd6n7FL/view?usp=sharing
Revaluation Result SE (Computer Engg. R-2016)_Sem-III_Choice Base (Regular)_Dec-2019,2020-08-22T02:43:00.006000-07:00,https://vishwaniketanexam.blogspot.com/2020/08/revaluation-result-se-computer-engg-r_22.html,https://drive.google.com/file/d/1KoSG1vj4XF_qvBftk-r1ussvxAOLHFxI/view?usp=sharing
Revaluation Result SE (Computer Engg. R-2012)_Sem-III_CBGS_Dec-2019,2020-08-22T02:42:00.006000-07:00,https://vishwaniketanexam.blogspot.com/2020/08/revaluation-result-se-computer-engg-r.html,https://drive.google.com/file/d/13rpsPqwwhyiDQqr5ywMzSN-1oO6yOVwz/view?usp=sharing
Revaluation Result TE (Electrical Engg. R-2016)_Sem-VI_Choice Base (KT)_Dec-2019,2020-08-22T02:40:00.007000-07:00,https://vishwaniketanexam.blogspot.com/2020/08/revaluation-result-te-electrical-engg-r_22.html,https://drive.google.com/file/d/1JZmAaxkzU1-0SGHuf8h3mLcqZDejervw/view?usp=sharing
Revaluation Result TE (Electrical Engg. R-2016)_Sem-V_Choice Base (Regular &KT)_Dec-2019,2020-08-22T02:39:00.004000-07:00,https://vishwaniketanexam.blogspot.com/2020/08/revaluation-result-te-electrical-engg-r.html,https://drive.google.com/file/d/1YCMqTDGh42Dtebb1UhYeimU9m9HhuTFl/view?usp=sharing
Revaluation Result SE (Electrical Engg. R-2016)_Sem-IV_Choice Base (KT)_Dec-2019,2020-08-22T02:38:00.007000-07:00,https://vishwaniketanexam.blogspot.com/2020/08/revaluation-result-se-electrical-engg-r_22.html,https://drive.google.com/file/d/1WX-9t0TGP1Cm7m0Mc_9nndhy6dI_RLLc/view?usp=sharing
Revaluation Result SE (Electrical Engg. R-2016)_Sem-III_Choice Base (Regular &KT)_Dec-2019,2020-08-22T02:37:00.002000-07:00,https://vishwaniketanexam.blogspot.com/2020/08/revaluation-result-se-electrical-engg-r.html,https://drive.google.com/file/d/1fbrmXuvTbKfK80HBtVSIJKj0zgysIZmj/view?usp=sharing
Revaluation Result TE (ExTC Engg. R-2016)_Sem-V_Choice Base (Regular)_Dec-2019,2020-08-22T00:55:00.004000-07:00,https://vishwaniketanexam.blogspot.com/2020/08/revaluation-result-te-extc-engg-r.html,https://drive.google.com/file/d/1PocIKKyWT0MIC0zY9QNyRM7JYrGl1myq/view?usp=sharing
Revaluation Result SE (ExTC Engg. R-2016)_Sem-IV_Choice Base (KT)_Dec-2019,2020-08-22T00:54:00.004000-07:00,https://vishwaniketanexam.blogspot.com/2020/08/revaluation-result-se-extc-engg-r_0.html,https://drive.google.com/file/d/1ZWP2HBhiTlgDYxV9TnnR46xpcGtgkojq/view?usp=sharing
Revaluation Result SE (ExTC Engg. R-2016)_Sem-III_Choice Base (Regular &KT)_Dec-2019,2020-08-22T00:52:00.006000-07:00,https://vishwaniketanexam.blogspot.com/2020/08/revaluation-result-se-extc-engg-r_22.html,https://drive.google.com/file/d/16wLurjWQXJp4v116x7iIorMBqQLF-Z-t/view?usp=sharing
Revaluation Result SE (ExTC Engg. R-2012)_Sem-III_KT CBGS_Dec-2019,2020-08-22T00:49:00-07:00,https://vishwaniketanexam.blogspot.com/2020/08/revaluation-result-se-extc-engg-r.html,https://drive.google.com/file/d/1fyQ33yPc_E8gGjjT_EnT_PttrIDnq6qe/view?usp=sharing
Revaluation Result TE (Mechanical Engg. R-2016)_Sem-V_Choice Base (Regular & KT)_Dec-2019,2020-08-04T01:55:00.001000-07:00,https://vishwaniketanexam.blogspot.com/2020/04/result-te-computer-engg-r-2016sem-vkt.html,https://drive.google.com/file/d/11bR3tLQ3tAw6B6NNKa6BAMJCSGhsuGAR/view?usp=sharing
Result TE (Computer Engg. R-2016)_Sem-VI_KT Choice Base_Dec-2019,2020-04-26T01:57:00.005000-07:00,https://vishwaniketanexam.blogspot.com/2020/04/result-te-computer-engg-r-2016sem-vikt.html,https://drive.google.com/file/d/1EWfWGN2wPPOpbHeV-7-HtE1oKWuThBps/view?usp=sharing
Result TE (Mechanical Engg. R-2016)_Sem-VI_Choice Base ( KT)_Dec-2019,2020-04-13T04:31:00.001000-07:00,https://vishwaniketanexam.blogspot.com/2020/04/result-te-mechanical-engg-r-2016sem_13.html,https://drive.google.com/file/d/1k_nGFq3DEhgePHZ7-2gLNpeVRKqk-SCu/view?usp=sharing
Updated Result TE (Mechanical Engg. R-2016)_Sem-V_Choice Base (Regular & KT)_Dec-2019,2020-04-13T04:29:00.004000-07:00,https://vishwaniketanexam.blogspot.com/2020/04/result-te-mechanical-engg-r-2016sem.html,https://drive.google.com/file/d/16w7FOGHQo7GZYytzTsyQMmdoEngeR5WJ/view?usp=sharing
Result SE (Mechanical Engg. R-2016)_Sem-IV_Choice Base ( KT)_Dec-2019,2020-04-13T04:27:00.002000-07:00,https://vishwaniketanexam.blogspot.com/2020/04/result-se-mechanical-engg-r-2016sem_13.html,https://drive.google.com/file/d/1EsqYL6QJAAmfdUiHAW6tA_4SoB1YFtH0/view?usp=sharing
Result SE (Mechanical Engg. R-2016)_Sem-III_Choice Base (Regular & KT)_Dec-2019,2020-04-13T04:24:00.007000-07:00,https://vishwaniketanexam.blogspot.com/2020/04/result-se-mechanical-engg-r-2016sem.html,https://drive.google.com/file/d/15U-mcb1F25ZpzST_XsudtJiTujObPQFj/view?usp=sharing
Result SE (Electrical Engg. R-2016)_Sem-IV_Choice Base ( KT)_Dec-2019,2020-04-13T04:17:00.002000-07:00,https://vishwaniketanexam.blogspot.com/2020/04/result-se-electrical-engg-r-2016sem_13.html,https://drive.google.com/file/d/1qsWLbtZceHNu2phbi0-IobopZ_6TpthV/view?usp=sharing
Result SE (Electrical Engg. R-2016)_Sem-III_Choice Base (Regular & KT)_Dec-2019,2020-04-13T04:15:00.003000-07:00,https://vishwaniketanexam.blogspot.com/2020/04/result-se-electrical-engg-r-2016sem.html,https://drive.google.com/file/d/1mLpjEHy8fsjSAYAQHTJrLpX9wvtqZWmF/view?usp=sharing
Result TE (Electrical Engg. R-2016)_Sem-VI_Choice Base ( KT)_Dec-2019,2020-04-13T04:13:00-07:00,https://vishwaniketanexam.blogspot.com/2020/04/result-te-electrical-engg-r-2016sem_13.html,https://drive.google.com/file/d/1YEqAB_oGAv5IZhS5znorwKrgpFtRePOG/view?usp=sharing
Result TE (Electrical Engg. R-2016)_Sem-V_Choice Base (Regular & KT)_Dec-2019,2020-04-13T04:09:00-07:00,https://vishwaniketanexam.blogspot.com/2020/04/result-te-electrical-engg-r-2016sem.html,https://drive.google.com/file/d/1JzYSEsYIHPQn1OHbFyVpRf0PnzgW-L1f/view?usp=sharing
Result SE (CIVIL Engg. R-2016)_Sem-IV_Choice Base ( KT)_Dec-2019,2020-03-17T08:01:00.003000-07:00,https://vishwaniketanexam.blogspot.com/2020/03/result-se-civil-engg-r-2016sem-ivchoice.html,https://drive.google.com/file/d/1koe_j3eQ2XyMm7RQjcjeA2v0qOMBAvfq/view?usp=sharing
Result SE (CIVIL Engg. R-2016)_Sem-III_Choice Base (Regular & KT)_Dec-2019,2020-03-17T07:59:00.003000-07:00,https://vishwaniketanexam.blogspot.com/2020/03/result-se-civil-engg-r-2016sem.html,https://drive.google.com/file/d/1AipQZHBUxm5OjgM00KBKPCqqTxuOLhOR/view?usp=sharing
Result TE (CIVIL Engg. R-2016)_Sem-V_Choice Base (Regular & KT)_Dec-2019,2020-03-17T07:57:00.006000-07:00,https://vishwaniketanexam.blogspot.com/2020/03/result-te-civil-engg-r-2016sem-vchoice.html,https://drive.google.com/file/d/1fH8zAHnQzocVRaTSKy51IN73c2ASfDO-/view?usp=sharing
Result TE (CIVIL Engg. R-2016)_Sem-VI_Choice Base (KT)_Dec-2019,2020-03-17T07:55:00.001000-07:00,https://vishwaniketanexam.blogspot.com/2020/03/result-te-civil-engg-r-2016sem-vichoice.html,https://drive.google.com/file/d/1HAlTO6r3SGfivu2Fq9uOJi2_cYX6VxFj/view?usp=sharing
Result TE (ExTC Engg. R-2016)_Sem-VI_Choice Base (KT)_Dec-2019,2020-02-28T01:57:00.005000-08:00,https://vishwaniketanexam.blogspot.com/2020/02/result-te-extc-engg-r-2016sem-vichoice.html,https://drive.google.com/file/d/1R643aUSAZWmvoAaDIqgsMTYwIPI3vdse/view?usp=sharing
Result TE (ExTC Engg. R-2016)_Sem-V_Choice Base (Regular)_Dec-2019,2020-02-28T01:56:00.005000-08:00,https://vishwaniketanexam.blogspot.com/2020/02/result-te-extc-engg-r-2016sem-vchoice.html,https://drive.google.com/file/d/19DAHt-NvYesjaIM9_dK4rxkiKvQ0TsoI/view?usp=sharing
Result SE (ExTC Engg. R-2016)_Sem-IV_Choice Base (KT)_Dec-2019,2020-02-28T01:55:00.003000-08:00,https://vishwaniketanexam.blogspot.com/2020/02/result-se-extc-engg-r-2016sem-ivchoice.html,https://drive.google.com/file/d/1qTUcExpL-qHJSRXKvUoNKr2UYiXlOEU4/view?usp=sharing
Result SE (ExTC Engg. R-2016)_Sem-III_Choice Base (KT)_Dec-2019,2020-02-28T01:54:00.004000-08:00,https://vishwaniketanexam.blogspot.com/2020/02/result-se-extc-engg-r-2016sem-iiichoice.html,https://drive.google.com/file/d/1xJ2Cl4arQt8goSQVg1msZ0LmCPV-sYGH/view?usp=sharing
Result SE (ExTC Engg. R-2016)_Sem-III_Choice Base (Regular)_Dec-2019,2020-02-28T01:53:00-08:00,https://vishwaniketanexam.blogspot.com/2020/02/result-se-extceengg-r-2016sem-vchoice.html,https://drive.google.com/file/d/1VJ_ZQszA1XnoS-N-QtwQqT-NPXvy4896/view?usp=sharing
Result TE (Computer Engg. R-2016)_Sem-V_Choice Base (Regular)_Dec-2019,2020-02-25T04:22:00.003000-08:00,https://vishwaniketanexam.blogspot.com/2020/02/result-te-computer-engg-r-2016sem.html,https://drive.google.com/file/d/1FonzXOI85U5FQ9EvszDbuE5mYVhKN3Fj/view?usp=sharing
Result SE (Computer Engg. R-2016)_Sem-IV_Choice Base (KT)_Dec-2019,2020-02-25T02:56:00.006000-08:00,https://vishwaniketanexam.blogspot.com/2020/02/result-se-computer-engg-r-2016sem_18.html,https://drive.google.com/file/d/1yOoXPB9Q9m7wqEVXg7G-LM2OGvbBodBe/view?usp=sharing
Result SE (Computer Engg. R-2016)_Sem-III_Choice Base (KT)_Dec-2019,2020-02-25T02:55:00.004000-08:00,https://vishwaniketanexam.blogspot.com/2020/02/result-se-computer-engg-r-2016sem_25.html,https://drive.google.com/file/d/1Uj-3LsAFWroKS5dbGnjLrMrzw6CCMg8u/view?usp=sharing
Result SE (Computer Engg. R-2016)_Sem-III_Choice Base (Regular)_Dec-2019,2020-02-25T02:55:00-08:00,https://vishwaniketanexam.blogspot.com/2020/02/result-se-computer-engg-r-2016sem.html,https://drive.google.com/file/d/1s7TNlJkpew-fe4EYR19KvGSXzXDvdslT/view?usp=sharing
Result TE (Mechanical Engg. R-2012)_Sem-VI_CBGS_Dec-2019,2020-02-21T00:34:00.003000-08:00,https://vishwaniketanexam.blogspot.com/2020/02/result-te-mechanical-engg-r-2012sem_21.html,https://drive.google.com/file/d/10G_slz3PMJQfpWGiQV6HE4RONSHBzz0B/view?usp=sharing
Result TE (Mechanical Engg. R-2012)_Sem-V_CBGS_Dec-2019,2020-02-21T00:33:00.004000-08:00,https://vishwaniketanexam.blogspot.com/2020/02/result-te-mechanical-engg-r-2012sem.html,https://drive.google.com/file/d/14_xLIu2OoizZ6bCJhhS2L2Jyl-KNb_s0/view?usp=sharing
Result SE (Mechanical Engg. R-2012)_Sem-IV_CBGS_Dec-2019,2020-02-21T00:32:00.002000-08:00,https://vishwaniketanexam.blogspot.com/2020/02/result-se-mechanical-engg-r-2012sem_21.html,https://drive.google.com/file/d/1G5Q41VES-787pCFBmHEv3SpOf-nS12Gr/view?usp=sharing
Result SE (Mechanical Engg. R-2012)_Sem-III_CBGS_Dec-2019,2020-02-21T00:31:00.002000-08:00,https://vishwaniketanexam.blogspot.com/2020/02/result-se-mechanical-engg-r-2012sem.html,https://drive.google.com/file/d/1iONKIAxqzPt1EtbAPmiGmjfLNj_Ey3xy/view?usp=sharing
Result TE (Civil Engg. R-2012)_Sem-VI_CBGS_Dec-2019,2020-02-16T19:45:00.001000-08:00,https://vishwaniketanexam.blogspot.com/2020/02/result-te-civil-engg-r-2012sem.html,https://drive.google.com/file/d/1Qhp489ztkDjWa9LrW3I6VEFQVtL4pbcQ/view?usp=sharing
Result TE (Civil Engg. R-2012)_Sem-V_CBGS_Dec-2019,2020-02-16T19:44:00.002000-08:00,https://vishwaniketanexam.blogspot.com/2020/02/result-te-civil-engg-r-2012sem-vcbgsdec.html,https://drive.google.com/file/d/1NId16TkObS7Kc9UofBm6E6wYmpnBowAC/view?usp=sharing
Result SE (Civil Engg. R-2012)_Sem-IV_CBGS_Dec-2019,2020-02-16T19:43:00.003000-08:00,https://vishwaniketanexam.blogspot.com/2020/02/result-se-civil-engg-r-2012sem_16.html,https://drive.google.com/file/d/1Vjl6Yh0BjSRbmiO79S6wVml2f8eL-pvL/view?usp=sharing
Result SE (Civil Engg. R-2012)_Sem-III_CBGS_Dec-2019,2020-02-16T19:42:00.005000-08:00,https://vishwaniketanexam.blogspot.com/2020/02/result-se-civil-engg-r-2012sem.html,https://drive.google.com/file/d/1YyGV_Fqxhf4FkrbHZUDwmdlQE2MmCpZq/view?usp=sharing
Result TE (Electrical Engg. R-2012)_Sem-VI_CBGS_Dec-2019,2020-02-16T19:40:00.004000-08:00,https://vishwaniketanexam.blogspot.com/2020/02/result-te-electrical-engg-r-2012sem.html,https://drive.google.com/file/d/1CAtgvJhNBMzBK7HHOFmuukBLXg-gQq60/view?usp=sharing
Result SE (Electrical Engg. R-2012)_Sem-IV_CBGS_Dec-2019,2020-02-16T19:39:00.002000-08:00,https://vishwaniketanexam.blogspot.com/2020/02/result-se-electrical-engg-r-2012sem.html,https://drive.google.com/file/d/1IlCc_UNogmFjIYqaTSu8TKaD9J7-0u1s/view?usp=sharing
Result FE (R-2012)_Sem-II_CBGS_Dec-2019,2020-02-03T19:37:00.003000-08:00,https://vishwaniketanexam.blogspot.com/2020/02/result-fe-r-2012sem-iicbgsdec-2019.html,https://drive.google.com/file/d/1DYFYVTY8jhMem04qXVKpUgiG0W9mnoVC/view?usp=sharing
Result FE (R-2012)_Sem-I_CBGS_Dec-2019,2020-02-01T01:39:00.002000-08:00,https://vishwaniketanexam.blogspot.com/2020/02/result-fe-r-2012sem-icbgsdec-2019.html,https://drive.google.com/file/d/1dumFLXSjEknlna4SIBiqAo-TetGJ0Hqi/view?usp=sharing
Result SE (ExTC Engg. R-2012)_Sem-III_CBGS_Dec-2019,2020-01-28T19:50:00.002000-08:00,https://vishwaniketanexam.blogspot.com/2020/01/result-se-extc-engg-r-2012sem.html,https://drive.google.com/file/d/1E06kGTc649AX0pAlHmzGfyBgzhcpOTGg/view?usp=sharing
Result TE (ExTC Engg. R-2012)_Sem-VI_CBGS_Dec-2019,2020-01-26T21:05:00.001000-08:00,https://vishwaniketanexam.blogspot.com/2020/01/result-te-extc-engg-r-2012sem-vicbgsdec.html,https://drive.google.com/file/d/1bu_eqd-SSlu68okKyLZtBRyOP7cShzEs/view?usp=sharing
Result TE (ExTC Engg. R-2012)_Sem-V_CBGS_Dec-2019,2020-01-26T21:04:00.002000-08:00,https://vishwaniketanexam.blogspot.com/2020/01/result-te-extc-engg-r-2012sem-vcbgsdec.html,https://drive.google.com/file/d/1rmy0g7ui8Oq7PQk7-mrA9gjYyIm6fZ-2/view?usp=sharing
Result SE (ExTC Engg. R-2012)_Sem-IV_CBGS_Dec-2019,2020-01-26T21:03:00.002000-08:00,https://vishwaniketanexam.blogspot.com/2020/01/result-se-extc-engg-r-2012sem-ivcbgsdec.html,https://drive.google.com/file/d/1RK7aRPI2nizJ1FQh7VdoD6N0VMCKwwHt/view?usp=sharing
Result TE (Computer Engg. R-2012)_Sem-VI_CBGS_Dec-2019,2020-01-26T21:01:00.004000-08:00,https://vishwaniketanexam.blogspot.com/2020/01/result-te-computer-engg-r-2012sem_26.html,https://drive.google.com/file/d/1OsFK1OQbB76p7D1eAfsHoK0v3LeLgRh6/view?usp=sharing
Result TE (Computer Engg. R-2012)_Sem-V_CBGS_Dec-2019,2020-01-26T20:58:00-08:00,https://vishwaniketanexam.blogspot.com/2020/01/result-te-computer-engg-r-2012sem.html,https://drive.google.com/file/d/1w2YdO_CXna373d2CkTaE1GjSHgKsy_qV/view?usp=sharing
Result SE (Computer Engg. R-2012)_Sem-IV_CBGS_Dec-2019,2020-01-26T20:48:00.004000-08:00,https://vishwaniketanexam.blogspot.com/2020/01/result-se-computer-engg-r-2012sem_26.html,https://drive.google.com/file/d/1kMG5Ia2-_IY_2nLopXuxwjYChJdLcd1w/view?usp=sharing
Result SE (Computer Engg. R-2012)_Sem-III_CBGS_Dec-2019,2020-01-26T20:47:00.001000-08:00,https://vishwaniketanexam.blogspot.com/2020/01/result-se-computer-engg-r-2012sem.html,https://drive.google.com/file/d/1iQqiuHj2Eo4Ng5MJvdmNI--8VIGCT5eF/view?usp=sharing
Result FE (R-2016)_Sem-II_Choice Base_Dec-2019 (LOT-2),2020-01-24T19:52:00.004000-08:00,https://vishwaniketanexam.blogspot.com/2020/01/result-fe-r-2016sem-iichoice-basedec_24.html,https://drive.google.com/file/d/1vH53za1OgMlvADdBN0kYxLjy7J9ZFyOg/view?usp=sharing
Result FE (R-2016)_Sem-II_Choice Base_Dec-2019 (LOT-1),2020-01-24T19:52:00-08:00,https://vishwaniketanexam.blogspot.com/2020/01/result-fe-r-2016sem-iichoice-basedec.html,https://drive.google.com/file/d/15sL9oxgqSGDBom2DSMK7BcICzzmwr-_0/view?usp=sharing
Result BE (ExTC Engg. R-2012)_Sem-VIII_CBGS_Dec-2019,2020-01-17T01:35:00.003000-08:00,https://vishwaniketanexam.blogspot.com/2020/01/result-be-extc-engg-r-2012sem_17.html,https://drive.google.com/file/d/1VScByQzB8SiLM-RxX0WUC050bhuQ9kkd/view?usp=sharing
Result BE (ExTC Engg. R-2012)_Sem-VII_CBGS_Dec-2019,2020-01-15T21:30:00.005000-08:00,https://vishwaniketanexam.blogspot.com/2020/01/result-be-extc-engg-r-2012sem.html,https://drive.google.com/file/d/1dcqsqXPX1j6zV_9y0Cu99pFVLGn0aYoM/view?usp=sharing
Result BE (Civil Engg. R-2012)_Sem-VIII_CBGS_Dec-2019 ,2020-01-13T19:50:00.004000-08:00,https://vishwaniketanexam.blogspot.com/2020/01/result-be-civil-engg-r-2012sem_13.html,https://drive.google.com/file/d/17TCpeq8Pc58qgo_oetEuZ-_7fRrK5yxV/view?usp=sharing
Result BE (Mechanical Engg. R-2012)_Sem-VIII_CBGS_Dec-2019,2020-01-13T19:49:00.002000-08:00,https://vishwaniketanexam.blogspot.com/2020/01/result-be-mechanical-engg-r-2012sem_13.html,https://drive.google.com/file/d/15qYKRFNAKYWIsn4aBrbYzSNVAjTludwG/view?usp=sharing
Revaluation Result FE (R-2012)_Sem-I_CBGS_May-2019,2020-01-10T23:42:00.003000-08:00,https://vishwaniketanexam.blogspot.com/2020/01/revaluation-result-fe-r-2012sem_10.html,https://drive.google.com/file/d/1sIkc73EN1FPF_JsaGD6W_xUoB8UoFAMM/view?usp=sharing
Revaluation Result FE (R-2016)_Sem-I_Choice Base_May-2019,2020-01-10T23:41:00.003000-08:00,https://vishwaniketanexam.blogspot.com/2020/01/revaluation-result-fe-r-2016sem-ichoice.html,https://drive.google.com/file/d/1Y4zcbPOSGPe-Zy_l5bveJsKCYpNvOadJ/view?usp=sharing
Revaluation Result FE (R-2012)_Sem-II_CBGS_May-2019,2020-01-10T23:40:00.006000-08:00,https://vishwaniketanexam.blogspot.com/2020/01/revaluation-result-fe-r-2012sem.html,https://drive.google.com/file/d/1UBSUXLJwhHtOv71fkIZU6KItlHPL4WEv/view?usp=sharing
Result BE (EXTC Engg. R-2019)_Sem-VII_Choice Base_Dec-2019,2020-01-09T21:18:00.002000-08:00,https://vishwaniketanexam.blogspot.com/2020/01/result-be-extc-engg-r-2019sem-viichoice.html,https://drive.google.com/file/d/1J9ShssS2Hf3UU87GRs27uYUSPIkMYp-n/view?usp=sharing
Result BE (Mechanical Engg. R-2012)_Sem-VII_CBGS_Dec-2019,2020-01-09T21:16:00.002000-08:00,https://vishwaniketanexam.blogspot.com/2020/01/result-be-mechanical-engg-r-2012sem.html,https://drive.google.com/file/d/1GHV7LIuRVRHQbwDK7qddytRTCf5naZiL/view?usp=sharing
Result BE (Civil Engg. R-2012) Sem-VII_CBGS_Dec-2019,2020-01-09T21:13:00-08:00,https://vishwaniketanexam.blogspot.com/2020/01/result-be-civil-engg-r-2012sem.html,https://drive.google.com/file/d/10Yg8aTTBLoPxIs_phXMJNMNaRSaRdEx-/view?usp=sharing
Result BE (Electrical Engg. R-2012) Sem-VII_CBGS_Dec-2019,2020-01-08T20:39:00.001000-08:00,https://vishwaniketanexam.blogspot.com/2020/01/result-be-electrical-engg-r-2012sem.html,https://drive.google.com/file/d/1LKxn5nJW1lEsKUA3BvE-CTHl-VSmuOib/view?usp=sharing
Result BE (Electrical Engg. R-2019)_Sem-VII_Choice Base_Dec-2019,2020-01-07T22:03:00.003000-08:00,https://vishwaniketanexam.blogspot.com/2020/01/result-be-electrical-engg-r-2019sem.html,https://drive.google.com/file/d/1SrT_4NlHTt9aRDiUcYOddKG_vMoMJYFz/view?usp=sharing
Result BE (Mechanical Engg. R-2019)_Sem-VII_Choice Base_Dec-2019,2020-01-06T19:29:00.002000-08:00,https://vishwaniketanexam.blogspot.com/2020/01/result-be-mechanical-engg-r-2019sem.html,https://drive.google.com/file/d/1f3S6Je0cRjtJWLTJj_2BoLmywTo2Piyn/view?usp=sharing
Result FE (R-2016)_Sem-I_Choice Base_Dec-2019 (LOT-2),2020-01-05T22:57:00-08:00,https://vishwaniketanexam.blogspot.com/2020/01/result-fe-r-2016sem-ichoice-basedec_5.html,https://drive.google.com/file/d/1c_ounGDT7etFWzfEaWZsV_awEkfb9HpB/view?usp=sharing
Result FE (R-2016)_Sem-I_Choice Base_Dec-2019 (LOT-1),2020-01-05T22:55:00-08:00,https://vishwaniketanexam.blogspot.com/2020/01/result-fe-r-2016sem-ichoice-basedec.html,https://drive.google.com/file/d/1eTF12aXqvye8qt8PHizg6y2Wa9-DX6oW/view?usp=sharing
Result BE (Civil Engg. R-2019)_Sem-VII_Choice Base_Dec-2019,2020-01-05T22:49:00.002000-08:00,https://vishwaniketanexam.blogspot.com/2020/01/result-be-civil-engg-r-2019sem.html,https://drive.google.com/file/d/14BmStGw2l6w_7-XzFhn_ubeK4aTRrL_Y/view?usp=sharing
Result BE (Computer Engg. R-2019)_Sem-VII_Choice Base_Dec-2019,2020-01-05T22:48:00.001000-08:00,https://vishwaniketanexam.blogspot.com/2020/01/result-be-computer-engg-r-2019sem.html,https://drive.google.com/file/d/1cefJtfn2p96Qj1Gky2TPmVdKcQ6545OG/view?usp=sharing
Result BE (Computer Engg. R-2016)_Sem-VII_CBGS_Dec-2019,2020-01-05T22:46:00.003000-08:00,https://vishwaniketanexam.blogspot.com/2020/01/result-be-computer-engg-r-2016sem_5.html,https://drive.google.com/file/d/1RH9BFEj1V0EmpTPJHlV5HKlai_mzuRk_/view?usp=sharing
 Result BE (Computer Engg. R-2016)_Sem-VIII_CBGS_Dec-2019,2020-01-05T22:45:00.002000-08:00,https://vishwaniketanexam.blogspot.com/2020/01/result-be-computer-engg-r-2016sem.html,https://drive.google.com/file/d/1EjEKZFuZZ5YVdF26fETEZ6ytwCxellNU/view?usp=sharing
Revaluation Result FE (R-2016)_Sem-II_Choice Base_May-2019,2019-12-10T02:06:00.001000-08:00,https://vishwaniketanexam.blogspot.com/2019/12/revaluation-result-fe-r-2016sem.html,https://drive.google.com/file/d/1BdoLHC6_abIXj499ruTtIWTf9y56cy1r/view?usp=sharing
Hall Ticket F.E Sem-I CBCS (Computer)_Nov-Dec-2019,2019-11-28T01:22:00.001000-08:00,https://vishwaniketanexam.blogspot.com/2019/11/hall-ticket-fe-sem-i-cbcs-computernov.html,https://drive.google.com/file/d/1uIFE6VOeUhk5noN21GExh4n5KoR8f_P2/view?usp=sharing
Hall Ticket F.E Sem-I CBCS (Electrical)_Nov-Dec-2019,2019-11-28T01:18:00.003000-08:00,https://vishwaniketanexam.blogspot.com/2019/11/hall-ticket-fe-sem-i-cbcs-electricalnov.html,https://drive.google.com/file/d/1lzMWVk6KqqRqNK0FxT2z0VsSG0DW3lF3/view?usp=sharing
Hall Ticket F.E Sem-I CBCS (EXTC)_Nov-Dec-2019,2019-11-28T01:15:00.001000-08:00,https://vishwaniketanexam.blogspot.com/2019/11/hall-ticket-fe-sem-i-cbcs-civilnov-dec_28.html,https://drive.google.com/file/d/1p81Ibuc8KjKyF-a5rxMXbClE2PwwH2kW/view?usp=sharing
Hall Ticket F.E Sem-I CBCS (Mechanical)_Nov-Dec-2019,2019-11-28T01:10:00.004000-08:00,https://vishwaniketanexam.blogspot.com/2019/11/hall-ticket-fe-sem-i-cbcs-mechanicalnov.html,https://drive.google.com/file/d/16pZed6XgHZPZiOWcUXEtCLGGfPS8xfbS/view?usp=sharing
Hall Ticket F.E Sem-I CBCS (Civil)_Nov-Dec-2019,2019-11-28T01:06:00.001000-08:00,https://vishwaniketanexam.blogspot.com/2019/11/hall-ticket-fe-sem-i-cbcs-civilnov-dec.html,https://drive.google.com/file/d/1vQhZj9bCqlZXx7fi4kSa9IChgx-eWJTo/view?usp=sharing
Hall Ticket F.E Sem-II Choice Base_PRN-2018 (Civil)_Nov-Dec-2019,2019-11-24T21:24:00.001000-08:00,https://vishwaniketanexam.blogspot.com/2019/11/hall-ticket-fe-sem-ii-choice-baseprn_98.html,https://drive.google.com/file/d/15z2n3jlhPmmCWue3ua7bFBzOmm5i4EuC/view?usp=sharing
Hall Ticket F.E Sem-II Choice Base_PRN-2018 (Computer)_Nov-Dec-2019,2019-11-24T21:23:00.001000-08:00,https://vishwaniketanexam.blogspot.com/2019/11/hall-ticket-fe-sem-ii-choice-baseprn_44.html,https://drive.google.com/file/d/1hikHVvFugjJP7nh1zKTGJvYsyMjx_4bT/view?usp=sharing
Hall Ticket F.E Sem-II Choice Base_PRN-2018 (Electrical)_Nov-Dec-2019,2019-11-24T21:22:00.003000-08:00,https://vishwaniketanexam.blogspot.com/2019/11/hall-ticket-fe-sem-ii-choice-baseprn_97.html,https://drive.google.com/file/d/1HW7exGNMP7exKQ9gBNzGeEcETRavvVbF/view?usp=sharing
Hall Ticket F.E Sem-II Choice Base_PRN-2018 (ExTC)_Nov-Dec-2019,2019-11-24T21:21:00.003000-08:00,https://vishwaniketanexam.blogspot.com/2019/11/hall-ticket-fe-sem-ii-choice-baseprn_24.html,https://drive.google.com/file/d/1jirAzDbKix6L6dZje_TNrKq47_PTSn6C/view?usp=sharing
Hall Ticket F.E Sem-II Choice Base_PRN-2018 (Mechanical)_Nov-Dec-2019,2019-11-24T21:20:00.003000-08:00,https://vishwaniketanexam.blogspot.com/2019/11/hall-ticket-fe-sem-ii-choice-baseprn.html,https://drive.google.com/file/d/1WyNRBfIO0M9F7GGj7LJK2dR5fMfN_Met/view?usp=sharing
Hall Ticket F.E Sem-I Choice Base_PRN-2018 (Civil)_Nov-Dec-2019,2019-11-09T02:04:00.003000-08:00,https://vishwaniketanexam.blogspot.com/2019/11/hall-ticket-fe-sem-i-choice-baseprn_27.html,https://drive.google.com/file/d/1woENWBOAsFVO5Joo8Uh8_5_Ru4L290O-/view?usp=sharing
Hall Ticket F.E Sem-I Choice Base_PRN-2018 (Computer)_Nov-Dec-2019,2019-11-09T02:03:00.003000-08:00,https://vishwaniketanexam.blogspot.com/2019/11/hall-ticket-fe-sem-i-choice-baseprn_92.html,https://drive.google.com/file/d/1TL4Oxjix0fuwxU_-iGb7bQiuvWoUAI9w/view?usp=sharing
Hall Ticket F.E Sem-I Choice Base_PRN-2018 (Electrical)_Nov-Dec-2019,2019-11-09T02:02:00.002000-08:00,https://vishwaniketanexam.blogspot.com/2019/11/hall-ticket-fe-sem-i-choice-baseprn_9.html,https://drive.google.com/file/d/1HzPOQLNtYTDSI37KuDAQfL_VpHHvGIgj/view?usp=sharing
Hall Ticket F.E Sem-I Choice Base_PRN-2018 (ExTC)_Nov-Dec-2019,2019-11-09T02:01:00-08:00,https://vishwaniketanexam.blogspot.com/2019/11/hall-ticket-fe-sem-i-choice-baseprn.html,https://drive.google.com/file/d/1GHAdYvl8Z0MgHPLJKeup_Q0cdVKabkBb/view?usp=sharing
Hall Ticket F.E Sem-I Choice Base_PRN-2018 (Mechanical)_Nov-Dec-2019,2019-11-09T01:58:00.002000-08:00,https://vishwaniketanexam.blogspot.com/2019/11/hall-ticket-fe-sem-i-choice-base.html,https://drive.google.com/file/d/1kZ3gKJ7E8vqMAzvqOPuTIaIjQR-vbE-Z/view?usp=sharing
Revaluation Result BE (Mechanical Engg. R-2012)_Sem-VIII_CBGS_May-2019,2019-10-23T01:04:00.004000-07:00,https://vishwaniketanexam.blogspot.com/2019/10/revaluation-result-be-mechanical-engg-r.html,https://drive.google.com/file/d/1Z2uSkdP8a1BCtOSbZLmUWwzdkm-KdwxO/view?usp=sharing
Revaluation Result BE (Civil Engg. R-2012)_Sem-VII_CBGS_May-2019,2019-10-23T01:03:00.002000-07:00,https://vishwaniketanexam.blogspot.com/2019/10/revaluation-result-be-civil-engg-r_23.html,https://drive.google.com/file/d/1rhne3UyD4LOwOJ0QyzCKYVfBzHydrAP7/view?usp=sharing
Revaluation Result BE (Electrical Engg. R-2012)_Sem-VIII_CBGS_May-2019,2019-10-23T01:02:00.001000-07:00,https://vishwaniketanexam.blogspot.com/2019/10/revaluation-result-be-electrical-engg-r_23.html,https://drive.google.com/file/d/1m3DM2_2j_ZgdHeS6qLj6nhfAzdRK12cw/view?usp=sharing
FE Sem-I Choice Base R-2019 'C' Examination Form ,2019-10-11T02:25:00.002000-07:00,https://vishwaniketanexam.blogspot.com/2019/10/fe-sem-i-choice-base-r-2019-c.html,https://drive.google.com/file/d/1Dk5euSRe6XR2DHiYp9bNA2-gcclPm8Fz/view?usp=sharing
FE Sem-II Choice Base R-2016 Examination Form,2019-10-11T02:24:00.001000-07:00,https://vishwaniketanexam.blogspot.com/2019/10/fe-sem-ii-choice-base-r-2016.html,https://drive.google.com/file/d/1Ha_h1Qzim5hgZ3ORY3wZi-yl7RPKsOfZ/view?usp=sharing
FE Sem-I Choice Base R-2016 Examination Form ,2019-10-11T02:23:00.001000-07:00,https://vishwaniketanexam.blogspot.com/2019/10/fe-sem-i-choice-base-r-2016-examination.html,https://drive.google.com/file/d/12jK0LRXu__mg9OFZrCPuv3gMIhORD2EO/view?usp=sharing
Revaluation Result BE (ExTC Engg. R-2012)_Sem-VII_CBGS_May-2019,2019-10-10T20:46:00.001000-07:00,https://vishwaniketanexam.blogspot.com/2019/10/revaluation-result-be-extc-engg-r_10.html,https://drive.google.com/file/d/1IYiHZjOYfiUtQLhE22duNBn_14KDAbeb/view?usp=sharing
Revaluation Result BE (Electrical Engg. R-2012)_Sem-VII_CBGS_May-2019,2019-10-04T21:07:00.004000-07:00,https://vishwaniketanexam.blogspot.com/2019/10/revaluation-result-be-electrical-engg-r.html,https://drive.google.com/file/d/12cvmLBN7bIB3sQY9X54gnSy5OBjBLbS8/view?usp=sharing
Revaluation Result BE (Civil Engg. R-2012)_Sem-VIII_CBGS_May-2019,2019-10-04T21:06:00.004000-07:00,https://vishwaniketanexam.blogspot.com/2019/10/revaluation-result-be-civil-engg-r.html,https://drive.google.com/file/d/1g6GFt6nwQtpyiR0O4fkWmx-WRd6cS-h7/view?usp=sharing
Revaluation Result BE (ExTC Engg. R-2012)_Sem-VIII_CBGS_May-2019,2019-10-04T21:05:00.002000-07:00,https://vishwaniketanexam.blogspot.com/2019/10/revaluation-result-be-extc-engg-r.html,https://drive.google.com/file/d/18tF_AaUIX-RdKSUe-zxIqRPSIXXUs8Dm/view?usp=sharing
Revaluation Result BE (Computer Engg. R-2012)_Sem-VIII_CBGS_May-2019,2019-10-04T03:42:00.005000-07:00,https://vishwaniketanexam.blogspot.com/2019/10/revaluation-result-be-computer-engg-r.html,https://drive.google.com/file/d/1elzYXVYHQod7ECQ0BVuX4Y3B2SiDvInC/view?usp=sharing
RR Result (FE.R-2016)_Sem-II_Choice Base_May-2019,2019-10-02T23:26:00-07:00,https://vishwaniketanexam.blogspot.com/2019/10/rr-result-fer-2016sem-iichoice-basemay.html,https://drive.google.com/file/d/1oVD8VBsEK3hGAJxe-pTQPt6O5-rTauu7/view?usp=sharing
Revaluation Result TE (Civil Engg. R-2016)_Sem-VI_Choice Base_May-2019,2019-09-27T22:25:00.001000-07:00,https://vishwaniketanexam.blogspot.com/2019/09/revaluation-result-te-civil-engg-r_27.html,https://drive.google.com/file/d/1_SQjvQKQWncS5kXVVbjW7gsWj4w9ycpo/view?usp=sharing
Revaluation Result SE (Civil Engg. R-2016)_Sem-IV_Choice Base_May-2019,2019-09-24T03:31:00.001000-07:00,https://vishwaniketanexam.blogspot.com/2019/09/revaluation-result-se-civil-engg-r_24.html,https://drive.google.com/file/d/1gNscu9CD93K5TQmmw5pWiC8kTAud6DHG/view?usp=sharing
Revaluation Result TE (Civil Engg. R-2016)_Sem-V_Choice Base_May-2019,2019-09-23T03:15:00.001000-07:00,https://vishwaniketanexam.blogspot.com/2019/09/revaluation-result-te-civil-engg-r.html,https://drive.google.com/file/d/1KIaRlwerhUIH4Qyswyg7uLUVbpxgx0FO/view?usp=sharing
Revaluation Result SE (Civil Engg. R-2016)_Sem-III_Choice Base_May-2019,2019-09-23T03:14:00-07:00,https://vishwaniketanexam.blogspot.com/2019/09/revaluation-result-se-civil-engg-r.html,https://drive.google.com/file/d/12zropb6M78tth_zvP5bsoRVYJ8f5otpE/view?usp=sharing
Revaluation Result SE (ExTC Engg. R-2016)_Sem-IV_Choice Base_May-2019,2019-09-18T01:45:00.001000-07:00,https://vishwaniketanexam.blogspot.com/2019/09/revaluation-result-se-extc-engg-r_20.html,https://drive.google.com/file/d/1oH2zM1mCBkcw3ScqqP6VUfNoMMXa2Y4D/view?usp=sharing
Revaluation Result SE (ExTC Engg. R-2016)_Sem-III_Choice Base_May-2019,2019-09-18T01:44:00-07:00,https://vishwaniketanexam.blogspot.com/2019/09/revaluation-result-se-extc-engg-r_18.html,https://drive.google.com/file/d/1lljbyk4UZhS4friV0XG0qCVNeUW5yWqn/view?usp=sharing
Revaluation Result SE (ExTC Engg. R-2012)_Sem-IV_CBGS_May-2019,2019-09-18T01:42:00-07:00,https://vishwaniketanexam.blogspot.com/2019/09/revaluation-result-se-extc-engg-r.html,https://drive.google.com/file/d/162kJWx_Z-YDdVwhGXn1d2QMZn3kHajtL/view?usp=sharing
Revaluation Result SE (Electrical Engg. R-2016)_Sem-IV_Choice Base_May-2019,2019-09-17T02:45:00-07:00,https://vishwaniketanexam.blogspot.com/2019/09/revaluation-result-se-electrical-engg-r_77.html,https://drive.google.com/file/d/1AmGjjFTWr4wGZJVsDL3-8LOmu9t-DjNp/view?usp=sharing
Revaluation Result SE (Electrical Engg. R-2016)_Sem-III_Choice Base_May-2019,2019-09-17T02:44:00.001000-07:00,https://vishwaniketanexam.blogspot.com/2019/09/revaluation-result-se-electrical-engg-r_17.html,https://drive.google.com/file/d/1f5KR6rStuP2V-pig4P8JZtIAG45Sb5jZ/view?usp=sharing
Revaluation Result SE (Electrical Engg. R-2012)_Sem-IV_CBGS_May-2019,2019-09-17T02:43:00-07:00,https://vishwaniketanexam.blogspot.com/2019/09/revaluation-result-se-electrical-engg-r.html,https://drive.google.com/file/d/1GsY_bSfOkRz3ZZjaMNrWJjh1TlnZU3Vf/view?usp=sharing
Revaluation Result SE (Computer Engg. R-2016)_Sem-IV_Choice Base_May-2019,2019-09-17T02:40:00.004000-07:00,https://vishwaniketanexam.blogspot.com/2019/09/revaluation-result-se-computer-engg-r_67.html,https://drive.google.com/file/d/1unli0WbPCviY6-pJH7-Pda4YaPlliaWN/view?usp=sharing
Revaluation Result SE (Computer Engg. R-2012)_Sem-IV_CBGS_May-2019,2019-09-17T02:39:00.002000-07:00,https://vishwaniketanexam.blogspot.com/2019/09/revaluation-result-se-computer-engg-r_11.html,https://drive.google.com/file/d/165_GqLaew2B3O5nD4qWhfJsdiWrmICyN/view?usp=sharing
Revaluation Result SE (Computer Engg. R-2016)_Sem-III_Choice Base_May-2019,2019-09-17T02:38:00.001000-07:00,https://vishwaniketanexam.blogspot.com/2019/09/revaluation-result-se-computer-engg-r_17.html,https://drive.google.com/file/d/1AjQBseeljcWPj6WbDzcymPFU92g1xBzx/view?usp=sharing
Revaluation Result SE (Computer Engg. R-2012)_Sem-III_CBGS_May-2019,2019-09-17T02:37:00-07:00,https://vishwaniketanexam.blogspot.com/2019/09/revaluation-result-se-computer-engg-r.html,https://drive.google.com/file/d/1rgsF95TwfJfyOga8rKbPoo3W_dy3r4Vq/view?usp=sharing
RR Result (FE.R-2016)_Sem-II_Choice Base_May-2019,2019-09-15T21:42:00.002000-07:00,https://vishwaniketanexam.blogspot.com/2019/09/rr-result-fer-2016sem-iichoice-basemay.html,https://drive.google.com/file/d/1Wys2Gg3ETU19bpzz-JBsvnzmnyhM2NKi/view?usp=sharing
Revaluation Result SE (Mechanical Engg. R-2016)_Sem-III_Choice Base_May-2019,2019-09-14T02:02:00.002000-07:00,https://vishwaniketanexam.blogspot.com/2019/09/revaluation-result-se-mechanical-engg-r_14.html,https://drive.google.com/file/d/1fd4JALKTcnhHYnOsJHe01FEvrGEOqR3I/view?usp=sharing
Revaluation Result TE (Computer Engg. R-2016)_Sem-VI_Choice Base_May-2019,2019-09-13T22:17:00.004000-07:00,https://vishwaniketanexam.blogspot.com/2019/09/revaluation-result-te-computer-engg-r.html,https://drive.google.com/file/d/1w_VnF_42gcGPsFkiDdm5j3XA0ta2v1ad/view?usp=sharing
Revaluation Result TE (Mechanical Engg. R-2016)_Sem-VI_Choice Base_May-2019,2019-09-11T03:42:00.003000-07:00,https://vishwaniketanexam.blogspot.com/2019/09/revaluation-result-te-mechanical-engg-r.html,https://drive.google.com/file/d/1ELt0loz7yE27-YChSUZsfANKMTv2F5QG/view?usp=sharing
Revaluation Result SE (Mechanical Engg. R-2016)_Sem-IV_Choice Base_May-2019,2019-09-11T03:41:00.002000-07:00,https://vishwaniketanexam.blogspot.com/2019/09/revaluation-result-se-mechanical-engg-r.html,https://drive.google.com/file/d/1tPTw0jGttXYXBDyS5Q-acvzthBY96bQi/view?usp=sharing
Revaluation Result TE (Civil Engg. R-2012)_Sem-V_CBGS_May-2019,2019-09-11T01:45:00.003000-07:00,https://vishwaniketanexam.blogspot.com/2019/09/revaluation-result-te-civil-engg-r_11.html,https://drive.google.com/file/d/1JQD2_6Gg7B4hKciAUwPTNQYTtl5CFWvg/view?usp=sharing
Revaluation Result TE (Mechanical Engg. R-2016)_Sem-V_Choice Base_May-2019,2019-08-31T02:58:00.002000-07:00,https://vishwaniketanexam.blogspot.com/2019/08/revaluation-result-te-mechanical-engg-r_31.html,https://drive.google.com/file/d/1BiZkmU6xsTYR5lO5jC4H0sE2E7D8EbGA/view?usp=sharing
Revaluation Result TE (Civil Engg. R-2012)_Sem-VI_CBGS_May-2019,2019-08-31T01:11:00.002000-07:00,https://vishwaniketanexam.blogspot.com/2019/08/revaluation-result-te-civil-engg-r.html,https://drive.google.com/file/d/1sQhTKtYa7mMceTRcgR0ywlKpMHp1YEAC/view?usp=sharing
Revaluation Result SE (Civil Engg. R-2012)_Sem-IV_CBGS_May-2019,2019-08-31T01:10:00.001000-07:00,https://vishwaniketanexam.blogspot.com/2019/08/revaluation-result-se-civil-engg-r_31.html,https://drive.google.com/file/d/1mjCXbilYdJpadTgTbjFCk8npgdxy8uSs/view?usp=sharing
Revaluation Result SE (Civil Engg. R-2012)_Sem-III_CBGS_May-2019,2019-08-31T01:09:00.001000-07:00,https://vishwaniketanexam.blogspot.com/2019/08/revaluation-result-se-civil-engg-r.html,https://drive.google.com/file/d/1zdVgVn9IiGKJ2hRMkQw5oHCclH4DFi8k/view?usp=sharing
Revaluation Result TE (Mechanical Engg. R-2012)_Sem-VI_CBGS_May-2019,2019-08-31T01:05:00.002000-07:00,https://vishwaniketanexam.blogspot.com/2019/08/revaluation-result-te-mechanical-engg-r.html,https://drive.google.com/file/d/1fIrbT7X5DaIUadY6XaJT5_zpdIONLkc9/view?usp=sharing
Revaluation Result SE (Mechanical Engg. R-2012)_Sem-IV_CBGS_May-2019,2019-08-31T01:04:00-07:00,https://vishwaniketanexam.blogspot.com/2019/08/revaluation-result-se-mechanical-engg-r_31.html,https://drive.google.com/file/d/1VQwE0qLhGCmmffWM97LkwGdV82K6t78f/view?usp=sharing
Revaluation Result SE (Mechanical Engg. R-2012)_Sem-III_CBGS_May-2019,2019-08-31T01:02:00.005000-07:00,https://vishwaniketanexam.blogspot.com/2019/08/revaluation-result-se-mechanical-engg-r.html,https://drive.google.com/file/d/1E_7bE7qX7pq3xh4Dfys3sP7auejyk638/view?usp=sharing
Revaluation Result TE (Electrical Engg. R-2016)_Sem-VI_Choice Base_May-2019,2019-08-30T23:25:00-07:00,https://vishwaniketanexam.blogspot.com/2019/08/revaluation-result-te-electrical-engg-r_30.html,https://drive.google.com/file/d/1MWm_WN62fARwpevXrEqMM5CBN2W_pAyT/view?usp=sharing
Revaluation Result TE (Electrical Engg. R-2016)_Sem-V_Choice Base_May-2019,2019-08-28T21:57:00.001000-07:00,https://vishwaniketanexam.blogspot.com/2019/08/revaluation-result-te-electrical-engg-r.html,https://drive.google.com/file/d/14vaiyhi6LYAvoUWrKjOvge6ofpwyHTYR/view?usp=sharing
Revaluation Result TE (Computer Engg. R-2016)_Sem-V_Choice Base_May-2019,2019-08-23T23:29:00.002000-07:00,https://vishwaniketanexam.blogspot.com/2019/08/revaluation-result-te-computer-engg-r.html,https://drive.google.com/file/d/1BN9nHYc4kYeXDsrN_xo8FlZ-b_fZ4iD8/view?usp=sharing
RR Result  (FE.R-2016)_Sem-I_Choice Base_May-2019,2019-08-22T23:30:00.001000-07:00,https://vishwaniketanexam.blogspot.com/2019/08/rr-result-fer-2016sem-ichoice-basemay.html,https://drive.google.com/file/d/1BVGVLt3H-BB_znwliNd4UggyPif8NMI9/view?usp=sharing
Revaluation Result TE (ExTC Engg. R-2016)_Sem-VI_Choice Base_May-2019,2019-08-22T23:16:00.001000-07:00,https://vishwaniketanexam.blogspot.com/2019/08/revaluation-result-te-extc-engg-r_99.html,https://drive.google.com/file/d/17dbHMZqyJQD8_SYv6pYwx4JhvxOuN22i/view?usp=sharing
Revaluation Result TE (ExTC Engg. R-2012)_Sem-VI_CBGS_May-2019,2019-08-22T23:14:00.001000-07:00,https://vishwaniketanexam.blogspot.com/2019/08/revaluation-result-te-extc-engg-r_22.html,https://drive.google.com/file/d/14B2fs4hCbNYd5odMfE5jQkafUg6-b0O4/view?usp=sharing
Revaluation Result TE (ExTC Engg. R-2012)_Sem-V_CBGS_May-2019,2019-08-22T01:44:00.003000-07:00,https://vishwaniketanexam.blogspot.com/2019/08/revaluation-result-te-extc-engg-r.html,https://drive.google.com/file/d/1evvhzGOfNmxFTKDuPpeAFT1-JC5RG3i6/view?usp=sharing
Result TE (Electrical Engg. R-2012)_Sem-VI_CBGS_May-2019,2019-08-07T02:11:00.001000-07:00,https://vishwaniketanexam.blogspot.com/2019/08/result-te-electrical-engg-r-2012sem_7.html,https://drive.google.com/file/d/1BJ0EPwNl4K1SFMSiniN5_mE5Bfy8tUD3/view?usp=sharing
Result TE (Electrical Engg. R-2016)_Sem-VI_Choice Base_May-2019,2019-08-07T02:10:00-07:00,https://vishwaniketanexam.blogspot.com/2019/08/result-te-electrical-engg-r-2016sem.html,https://drive.google.com/file/d/14pwe_-8rcAvWiM6hhlrNMep7Dn4yKSlb/view?usp=sharing
Result TE (Electrical Engg. R-2012)_Sem-V_CBGS_May-2019,2019-08-07T02:08:00.004000-07:00,https://vishwaniketanexam.blogspot.com/2019/08/result-te-electrical-engg-r-2012sem.html,https://drive.google.com/file/d/1jhmNoRKOc3EY5ls0NRvMlkppQcyx1FR6/view?usp=sharing
Result TE (Electrical Engg. R-2016)_Sem-V_Choice Base_May-2019,2019-08-07T02:07:00.003000-07:00,https://vishwaniketanexam.blogspot.com/2019/08/result-se-electrical-engg-r-2016sem_87.html,https://drive.google.com/file/d/1P37lWL1AHPNu0_-tbyFYOncmmabS1bNr/view?usp=sharing
Result SE (Electrical Engg. R-2012)_Sem-IV_CBGS_May-2019,2019-08-07T02:06:00.004000-07:00,https://vishwaniketanexam.blogspot.com/2019/08/result-se-electrical-engg-r-2012sem.html,https://drive.google.com/file/d/1Scm_MIbjfmx6APYLHEwG3nzsr0mGG-m-/view?usp=sharing
Result SE (Electrical Engg. R-2016)_Sem-IV_Choice Base_May-2019,2019-08-07T02:05:00.003000-07:00,https://vishwaniketanexam.blogspot.com/2019/08/result-se-electrical-engg-r-2016sem_7.html,https://drive.google.com/file/d/1uRueGLtHg0jHg7hI4TcuwOinJ1Frje7k/view?usp=sharing
Result SE (Electrical Engg. R-2016)_Sem-III_Choice Base_May-2019,2019-08-07T02:04:00.002000-07:00,https://vishwaniketanexam.blogspot.com/2019/08/result-se-electrical-engg-r-2016sem.html,https://drive.google.com/file/d/10vKw9VjscbbD7i9sj0iV36Y-DJVMTNZQ/view?usp=sharing
Result TE (Civil Engg. R-2012)_Sem-VI_CBGS_May-2019,2019-07-31T21:26:00.005000-07:00,https://vishwaniketanexam.blogspot.com/2019/07/result-te-civil-engg-r-2012sem.html,https://drive.google.com/file/d/1UcaY1V6L3n7ByOLvx1aTOwQlRdaXRfgl/view?usp=sharing
Result TE (Civil Engg. R-2016)_Sem-VI_Choice Base_May-2019,2019-07-31T21:26:00-07:00,https://vishwaniketanexam.blogspot.com/2019/07/result-te-civil-engg-r-2016sem-vichoice.html,https://drive.google.com/file/d/1xWCM8b73VEdza3-PR9uz6Hd4kE2P0aBi/view?usp=sharing
Result TE (Civil Engg. R-2012)_Sem-V_CBGS_May-2019,2019-07-31T21:25:00.001000-07:00,https://vishwaniketanexam.blogspot.com/2019/07/result-te-civil-engg-r-2012sem-vcbgsmay.html,https://drive.google.com/file/d/11NmwsFd4n-__vk1Sj8C4zPew4VOkON8-/view?usp=sharing
Result TE (Civil Engg. R-2016)_Sem-V_Choice Base_May-2019,2019-07-31T21:24:00-07:00,https://vishwaniketanexam.blogspot.com/2019/07/result-te-civil-engg-r-2016sem-vchoice.html,https://drive.google.com/file/d/1lcYvEHjMhvKEuQMCiITErCX0MJuXmN4o/view?usp=sharing
Result SE (Civil Engg. R-2012)_Sem-IV_CBGS_May-2019,2019-07-31T21:23:00-07:00,https://vishwaniketanexam.blogspot.com/2019/07/result-se-civil-engg-r-2012sem_31.html,https://drive.google.com/file/d/1gYIFr-smh2XiQaHJi2VMAgB46WRB6Enk/view?usp=sharing
Result SE (Civil Engg. R-2016)_Sem-IV_Choice Base_May-2019,2019-07-31T21:21:00.004000-07:00,https://vishwaniketanexam.blogspot.com/2019/07/result-se-civil-engg-r-2016sem-ivchoice.html,https://drive.google.com/file/d/1MR2LFx-LGYYNQJKlnvqMDXXGIOjvm94T/view?usp=sharing
Result SE (Civil Engg. R-2012)_Sem-III_CBGS_May-2019,2019-07-31T21:20:00.005000-07:00,https://vishwaniketanexam.blogspot.com/2019/07/result-se-civil-engg-r-2012sem.html,https://drive.google.com/file/d/1rpA1w1fcUMuYHS8nqWZYkyF0oGvtPfGS/view?usp=sharing
Result SE (Civil Engg. R-2016)_Sem-III_Choice Base_May-2019,2019-07-31T21:19:00.002000-07:00,https://vishwaniketanexam.blogspot.com/2019/07/result-se-civil-engg-r-2016sem.html,https://drive.google.com/file/d/183fLrc-uhC452oa9jmxIxA1sIxcMgG-L/view?usp=sharing
Result TE (Mechanical Engg. R-2012)_Sem-VI_CBSGS_May-2019,2019-07-26T05:24:00.001000-07:00,https://vishwaniketanexam.blogspot.com/2019/07/result-te-mechanical-engg-r-2012sem_26.html,https://drive.google.com/file/d/1Oq9CmRkyMG91Z39Zz7yNKV3pzFs4UgaF/view?usp=sharing
Result TE (Mechanical Engg. R-2016)_Sem-VI_Choice Based_May-2019,2019-07-26T05:22:00.002000-07:00,https://vishwaniketanexam.blogspot.com/2019/07/result-te-mechanical-engg-r-2016sem_26.html,https://drive.google.com/file/d/19-bljUcB1iEJ-sTZvneLyeA7AiWn6WbW/view?usp=sharing
Result TE (Mechanical Engg. R-2012)_Sem-V_CBSGS_May-2019,2019-07-26T05:20:00.002000-07:00,https://vishwaniketanexam.blogspot.com/2019/07/result-te-mechanical-engg-r-2012sem.html,https://drive.google.com/file/d/1dmKnha-EZpnlM_fgYc6DkK6NDVS-nqie/view?usp=sharing
Result TE (Mechanical Engg. R-2016)_Sem-V_Choice Based_May-2019,2019-07-26T05:17:00.001000-07:00,https://vishwaniketanexam.blogspot.com/2019/07/result-te-mechanical-engg-r-2016sem.html,https://drive.google.com/file/d/1dsTR2Hw3Il96RehodXcZE5Ng7se9GU1b/view?usp=sharing
Result SE (Mechanical Engg. R-2012)_Sem-IV_CBSGS_May-2019,2019-07-26T05:14:00.002000-07:00,https://vishwaniketanexam.blogspot.com/2019/07/result-se-mechanical-engg-r-2016sem_7.html,https://drive.google.com/file/d/1fE-JOLXUGHF033fi84TU7CkrgBFr-Iiq/view?usp=sharing
Result SE (Mechanical Engg. R-2016)_Sem-IV_Choice Based_May-2019,2019-07-26T05:11:00.005000-07:00,https://vishwaniketanexam.blogspot.com/2019/07/result-se-mechanical-engg-r-2016sem_26.html,https://drive.google.com/file/d/1eOL1Yi3JQMZSYiutvw5exgsrccESHtst/view?usp=sharing
Result SE (Mechanical Engg. R-2012)_Sem-III_CBSGS_May-2019,2019-07-26T05:08:00.004000-07:00,https://vishwaniketanexam.blogspot.com/2019/07/result-se-mechanical-engg-r-2012sem.html,https://drive.google.com/file/d/1fNZ4W5pKGfbaX4_rLZXkki0nse2sudaq/view?usp=sharing
Result SE (Mechanical Engg. R-2016)_Sem-III_Choice Based_May-2019,2019-07-26T05:04:00.005000-07:00,https://vishwaniketanexam.blogspot.com/2019/07/result-se-mechanical-engg-r-2016sem.html,https://drive.google.com/file/d/1_AIge73IxxEUGBcYIv8Ief1KXI4TL0O0/view?usp=sharing
Result SE (EXTC Engg. R-2012)_Sem-III_CBSGS_May-2019,2019-07-22T20:41:00.002000-07:00,https://vishwaniketanexam.blogspot.com/2019/07/result-se-extc-engg-r-2012sem_36.html,https://drive.google.com/file/d/1q1VI3vtm0M1pCtZ9AMy8vNq49AuklYRc/view?usp=sharing
Result TE (EXTC Engg. R-2012)_Sem-VI_CBSGS_May-2019,2019-07-22T04:36:00.005000-07:00,https://vishwaniketanexam.blogspot.com/2019/07/result-te-extc-engg-r-2012sem_22.html,https://drive.google.com/file/d/1gFczt5UHcTVguuTmLIk3AnQ2WJgimUJe/view?usp=sharing
Result TE (EXTC Engg. R-2016)_Sem-VI_Choice Based_May-2019,2019-07-22T04:35:00.001000-07:00,https://vishwaniketanexam.blogspot.com/2019/07/result-te-extc-engg-r-2016sem-vichoice_22.html,https://drive.google.com/file/d/1G1V8xhVrtZ9y-fTtGk6DuWiYdXDkAJM6/view?usp=sharing
Result TE (EXTC Engg. R-2012)_Sem-V_CBSGS_May-2019,2019-07-22T04:33:00.004000-07:00,https://vishwaniketanexam.blogspot.com/2019/07/result-te-extc-engg-r-2012sem-vcbsgsmay_22.html,https://drive.google.com/file/d/1JPZUNYW85WRpEt03WRCisQCFI6yVlA5l/view?usp=sharing
Result TE (EXTC Engg. R-2016)_Sem-V_Choice Based_May-2019,2019-07-22T04:31:00.003000-07:00,https://vishwaniketanexam.blogspot.com/2019/07/result-te-extc-engg-r-2016sem-vchoice_22.html,https://drive.google.com/file/d/1Etoz9FjGMcFJlsrADs5OBQekfEczuYEu/view?usp=sharing
Result SE (EXTC Engg. R-2012)_Sem-IV_CBSGS_May-2019,2019-07-22T04:29:00.004000-07:00,https://vishwaniketanexam.blogspot.com/2019/07/result-se-extc-engg-r-2012sem_70.html,https://drive.google.com/file/d/1DtcJQH3dQZRVZnSpfTMwYiIE5SPnGdnG/view?usp=sharing
Result SE (EXTC Engg. R-2016)_Sem-IV_Choice Based_May-2019,2019-07-22T04:27:00-07:00,https://vishwaniketanexam.blogspot.com/2019/07/result-se-extc-engg-r-2016sem-ivchoice_22.html,https://drive.google.com/file/d/1Q-6tWgmAvn6dOJ6Q3GL0hmwH6N8LjD4X/view?usp=sharing
Result SE (EXTC Engg. R-2016)_Sem-III_Choice Based_May-2019,2019-07-22T04:22:00.003000-07:00,https://vishwaniketanexam.blogspot.com/2019/07/result-se-extc-engg-r-2016sem-iiichoice_22.html,https://drive.google.com/file/d/17qu_JnVXoama2C-L0ti9ETlLYueZHMWt/view?usp=sharing
Result FE (R-2012)_Sem-II_CBGS_May-2019,2019-07-21T00:15:00.002000-07:00,https://vishwaniketanexam.blogspot.com/2019/07/result-fe-r-2012sem-iicbgsmay-2019.html,https://drive.google.com/file/d/1GBOgSeE-xAiNgWvv7ZFbx12gd7HXubGG/view?usp=sharing
Revaluation Result FE (R-2016)_Sem-II_Choice Base_Dec-2018,2019-07-20T22:52:00.001000-07:00,https://vishwaniketanexam.blogspot.com/2019/07/revaluation-result-fe-r-2016sem.html,https://drive.google.com/file/d/1COLSxAcCVYYBvQny3wqQqX_QHFh0Ghzo/view?usp=sharing
Revaluation Result FE (R-2016)_Sem-I_Choice Base_Dec-2018,2019-07-20T22:51:00.001000-07:00,https://vishwaniketanexam.blogspot.com/2019/07/revaluation-result-fe-r-2016sem-ichoice.html,https://drive.google.com/file/d/12jOyLaLbMJj4XdY50_2UKHxQtS1KRZx5/view?usp=sharing
Revaluation Result FE (R-2012)_Sem-II_CBGS_Dec-2018,2019-07-18T00:55:00.004000-07:00,https://vishwaniketanexam.blogspot.com/2019/07/revaluation-result-fe-r-2012sem_18.html,https://drive.google.com/file/d/1uLnkd-_hMJRbB8r-5JxdLneLKOH_0Zgz/view?usp=sharing
Revaluation Result FE (R-2012)_Sem-I_CBGS_Dec-2018,2019-07-18T00:54:00.001000-07:00,https://vishwaniketanexam.blogspot.com/2019/07/revaluation-result-fe-r-2012sem.html,https://drive.google.com/file/d/1iPnK4PKmzW-jWtELVueYxjjsUz-Ma6u6/view?usp=sharing
Result FE (R-2016)_Sem-II_Choice Base_May-2019,2019-07-17T21:33:00-07:00,https://vishwaniketanexam.blogspot.com/2019/07/result-fe-r-2016sem-iichoice-basemay.html,https://drive.google.com/file/d/1mAV-5JnSxVcR6_D9zJLv1H2p3RXLZwXu/view?usp=sharing
Result TE (Computer Engg. R-2012)_Sem-VI_CBGS_May-2019,2019-07-15T03:35:00.004000-07:00,https://vishwaniketanexam.blogspot.com/2019/07/result-te-computer-engg-r-2012sem_15.html,https://drive.google.com/file/d/1iT7Xul94V5zSVBPPIfPNGp8vtKxbAMWR/view?usp=sharing
Result TE (Computer Engg. R-2016)_Sem-VI_Choice Base_May-2019,2019-07-15T03:34:00.004000-07:00,https://vishwaniketanexam.blogspot.com/2019/07/result-te-computer-engg-r-2016sem_15.html,https://drive.google.com/file/d/1Ttvob6oTJerkgG-iLDYMWz7Lg08HUkNc/view?usp=sharing
Result TE (Computer Engg. R-2012)_Sem-V_CBGS_May-2019,2019-07-15T03:33:00.004000-07:00,https://vishwaniketanexam.blogspot.com/2019/07/result-te-computer-engg-r-2012sem.html,https://drive.google.com/file/d/188ZcEiyPZlnf7T8WfPx9ifO2ZvrxljpY/view?usp=sharing
Result TE (Computer Engg. R-2016)_Sem-V_Choice Base_May-2019 ,2019-07-15T03:32:00.003000-07:00,https://vishwaniketanexam.blogspot.com/2019/07/result-te-computer-engg-r-2016sem.html,https://drive.google.com/file/d/1HAQg-Xph9OF4_iJAke7io1RB1Xn0jx9h/view?usp=sharing
Result SE (Computer Engg. R-2012)_Sem-IV_CBGS_May-2019,2019-07-15T03:31:00.002000-07:00,https://vishwaniketanexam.blogspot.com/2019/07/result-se-computer-engg-r-2012sem_15.html,https://drive.google.com/file/d/1tHblG1u6AIrz_tk8z3IubjKvyRUZW87L/view?usp=sharing
Result SE (Computer Engg. R-2016)_Sem-IV_Choice Base_May-2019,2019-07-15T03:30:00.003000-07:00,https://vishwaniketanexam.blogspot.com/2019/07/result-se-computer-engg-r-2016sem_15.html,https://drive.google.com/file/d/10CfOotTHnUCny6SlAsvjNIqsjIJv5g_B/view?usp=sharing
Result SE (Computer Engg. R-2012)_Sem-III_CBGS_May-2019,2019-07-15T03:29:00.004000-07:00,https://vishwaniketanexam.blogspot.com/2019/07/result-se-computer-engg-r-2012sem.html,https://drive.google.com/file/d/1vkzxjdjJlYEoK3hVsrwYYl_1AsqxW4eE/view?usp=sharing
Result SE (Computer Engg. R-2016)_Sem-III_Choice Base_May-2019,2019-07-15T03:28:00.003000-07:00,https://vishwaniketanexam.blogspot.com/2019/07/result-se-computer-engg-r-2016sem.html,https://drive.google.com/file/d/1o6-8Nqf22xgtzIFudzNZqvz7o9GWLC0Q/view?usp=sharing
Result FE (R-2016)_Sem-I_Choice Base May-2019,2019-07-14T20:56:00.003000-07:00,https://vishwaniketanexam.blogspot.com/2019/07/result-fe-r-2016sem-ichoice-base-may.html,https://drive.google.com/file/d/1ULGP0tgOqR_aMyTJYhHBmGenXQ5C76vS/view?usp=sharing
Result BE (Civil Engg. R-2012)_Sem-VIII_CBGS_May-2019,2019-07-11T21:20:00.001000-07:00,https://vishwaniketanexam.blogspot.com/2019/07/result-be-civil-engg-r-2012sem_11.html,https://drive.google.com/file/d/1XL7Dfdwjja8F9vO2Kt0tInuhZH39Ll0G/view?usp=sharing
Result FE ( R-2012)_Sem-I_CBGS_May-2019,2019-07-09T03:07:00-07:00,https://vishwaniketanexam.blogspot.com/2019/07/result-fe-r-2012sem-icbgsmay-2019.html,https://drive.google.com/file/d/1AhdXN0jIsuWfo4gExk15YpME5nUIXC4N/view?usp=sharing
Result BE (ExTC Engg. R-2012)_Sem-VIII_CBGS_May-2019,2019-07-09T01:02:00.003000-07:00,https://vishwaniketanexam.blogspot.com/2019/07/result-be-extc-engg-r-2012sem_9.html,https://drive.google.com/file/d/1KFRQMoz4EsAFz6CPZB2ELuoDVDKaCNmw/view?usp=sharing
Result BE (Electrical Engg. R-2012)_Sem-VIII_CBGS_May-2019,2019-07-09T01:01:00.003000-07:00,https://vishwaniketanexam.blogspot.com/2019/07/result-be-electrical-engg-r-2012sem_9.html,https://drive.google.com/file/d/1LwAPzIfAHwEMXFw3lHfYn9CcbpH8ClX5/view?usp=sharing
Result BE (Computer Engg. R-2012)_Sem-VIII_CBGS_May-2019,2019-07-09T01:00:00.003000-07:00,https://vishwaniketanexam.blogspot.com/2019/07/result-be-computer-engg-r-2012sem_9.html,https://drive.google.com/file/d/1N7chmRJXHj-Xc5qfC9KVBRzBfS_jUaCa/view?usp=sharing
Result BE (Mechanical Engg. R-2012)_Sem-VII_CBGS_May-2019,2019-07-09T00:59:00.005000-07:00,https://vishwaniketanexam.blogspot.com/2019/07/result-be-mechanical-engg-r-2012sem.html,https://drive.google.com/file/d/19MeNNmA3-ImChPBeV3tN9X5Eo-RYReTj/view?usp=sharing
Result BE (ExTC Engg. R-2012)_Sem-VII_CBGS_May-2019,2019-07-09T00:58:00.004000-07:00,https://vishwaniketanexam.blogspot.com/2019/07/result-be-extc-engg-r-2012sem.html,https://drive.google.com/file/d/1zzua8GoGzxOyzl7ItYkTGjiOQ7uF5k7o/view?usp=sharing
Result BE (Civil Engg. R-2012)_Sem-VII_CBGS_May-2019,2019-07-09T00:57:00.002000-07:00,https://vishwaniketanexam.blogspot.com/2019/07/result-be-civil-engg-r-2012sem.html,https://drive.google.com/file/d/1WKAa1j2sGvFzDuatJrGouy2bBpl7Sfvf/view?usp=sharing
Result BE (Electrical Engg. R-2012)_Sem-VII_CBGS_May-2019,2019-07-04T00:10:00-07:00,https://vishwaniketanexam.blogspot.com/2019/07/result-be-electrical-engg-r-2012sem.html,https://drive.google.com/file/d/1GYb9XKIz5IBhEUMgxtBEJRUTBkqX7zWv/view?usp=sharing
Result BE (Computer Engg. R-2012)_Sem-VII_CBGS_May-2019,2019-07-04T00:08:00-07:00,https://vishwaniketanexam.blogspot.com/2019/07/result-be-computer-engg-r-2012sem.html,https://drive.google.com/file/d/1_wVNouLGSyaaAAbNeG958OZ1HBisiNZc/view?usp=sharing
Revaluation Result BE (Computer Engg. R-2012)_Sem-VII_CBGS,2019-06-28T02:03:00.001000-07:00,https://vishwaniketanexam.blogspot.com/2019/06/revaluation-result-be-computer-engg-r.html,https://drive.google.com/file/d/1KMUIv1pHkuxXxPgTRK9uYhoV4w0Y2d_z/view?usp=sharing
Revaluation Result BE (Mechanical Engg. R-2012)_Sem-VII_CBGS,2019-06-28T01:58:00.004000-07:00,https://vishwaniketanexam.blogspot.com/2019/06/revaluation-result-be-mechanical-engg-r.html,https://drive.google.com/file/d/1HJj7P_t1Ca8sp6cbHAy0oIHckZQPe20I/view?usp=sharing
Revaluation Result BE (ExTC Engg. R-2012)_Sem-VII_CBGS,2019-06-28T01:57:00.005000-07:00,https://vishwaniketanexam.blogspot.com/2019/06/revaluation-result-be-extc-engg-r.html,https://drive.google.com/file/d/1kxPRivTgle3lKlFQw5LhoYiOeHhiMD4x/view?usp=sharing
Revaluation Result BE (Electrical Engg. R-2012)_Sem-VII_CBGS,2019-06-28T01:56:00.001000-07:00,https://vishwaniketanexam.blogspot.com/2019/06/revaluation-result-be-electrical-engg-r.html,https://drive.google.com/file/d/1pem1rIDeLxSR60xfCBbT8_YLrPzMFFjW/view?usp=sharing
Revaluation Result BE (Civil Engg. R-2012)_Sem-VII_CBGS,2019-06-28T01:54:00.004000-07:00,https://vishwaniketanexam.blogspot.com/2019/06/revaluation-result-be-civil-engg-r.html,https://drive.google.com/file/d/1qtCIa6CX-GmgCYNyY9JsOHcQwAsg1SnE/view?usp=sharing
Hall Ticket FE Sem-I Choice Base (Mechanical) Exam May-June-2019,2019-05-09T05:52:00.001000-07:00,https://vishwaniketanexam.blogspot.com/2019/05/hall-ticket-fe-sem-i-choice-base_27.html,https://drive.google.com/file/d/1_fF_6Aeq_F7KFiZWpaW1XvI1dRiEH5wN/view?usp=sharing
Hall Ticket FE Sem-I Choice Base (No Branch) Exam May-June-2019,2019-05-09T05:50:00-07:00,https://vishwaniketanexam.blogspot.com/2019/05/hall-ticket-fe-sem-i-choice-base-no.html,https://drive.google.com/file/d/1-ZJ-TjHrPWZD5wgLNu-chIWLHfYP3JxL/view?usp=sharing
Hall Ticket FE Sem-I Choice Base (ExTC) Exam May-June-2019,2019-05-09T05:48:00.003000-07:00,https://vishwaniketanexam.blogspot.com/2019/05/hall-ticket-fe-sem-i-choice-base-extc.html,https://drive.google.com/file/d/1KK3M84nIrkQRjHAGD_pme7sVlagAQtZY/view?usp=sharing
Hall Ticket FE Sem-I Choice Base (Electrical) Exam May-June-2019,2019-05-09T05:47:00.004000-07:00,https://vishwaniketanexam.blogspot.com/2019/05/hall-ticket-fe-sem-i-choice-base_9.html,https://drive.google.com/file/d/1K4c4iTW5tmS_2_G-c-j6NZBPUeBSAELz/view?usp=sharing
Hall Ticket FE Sem-I Choice Base  (Computer) Exam May-June-2019,2019-05-09T05:44:00.002000-07:00,https://vishwaniketanexam.blogspot.com/2019/05/hall-ticket-fe-sem-i-choice-base.html,https://drive.google.com/file/d/1jUfmaztyib_CtLgWy5v9pjaaze-084A5/view?usp=sharing
Hall Ticket FE Sem-I Choice Base (CIVIL) Exam May-June-2019,2019-05-09T05:42:00.001000-07:00,https://vishwaniketanexam.blogspot.com/2019/05/hall-ticket-fe-sem-i-choice-base-civil.html,https://drive.google.com/file/d/1ka0XEGi81534wsaAPZjbo85tCNjomUP9/view?usp=sharing
Revaluation Result SE (Mechanical Engg. R-2016)_Sem-IV_Choice Base,2019-04-21T22:33:00.002000-07:00,https://vishwaniketanexam.blogspot.com/2019/04/revaluation-result-se-mechanical-engg-r_3.html,https://drive.google.com/file/d/13LnfmYx7gYUpKzw-zAnCGgRTdPIyNUxy/view?usp=sharing
Revaluation Result SE (Mechanical Engg. R-2016)_Sem-III_Choice Base,2019-04-21T22:32:00-07:00,https://vishwaniketanexam.blogspot.com/2019/04/revaluation-result-se-mechanical-engg-r_21.html,https://drive.google.com/file/d/1hAVzPfT6QegERcfONzZ6SK3l8bgX3wE5/view?usp=sharing
Revaluation Result TE (Mechanical Engg. R-2016)_Sem-V_Choice Base,2019-04-20T03:36:00.003000-07:00,https://vishwaniketanexam.blogspot.com/2019/04/revaluation-result-te-mechanical-engg-r_20.html,https://drive.google.com/file/d/1E9Lm851OftBA3ax6BtRTqpf6tBfvdiAU/view?usp=sharing
Revaluation Result TE (Computer Engg. R-2016)_Sem-V_Choice Base,2019-04-18T02:50:00.001000-07:00,https://vishwaniketanexam.blogspot.com/2019/04/revaluation-result-te-computer-engg-r.html,https://drive.google.com/file/d/1f8xF2n4cfrDf7aXALTIksFOw_4EErXpt/view?usp=sharing
Revaluation Result TE (Mechanical Engg. R-2012)_Sem-VI_CBGS,2019-04-16T04:26:00-07:00,https://vishwaniketanexam.blogspot.com/2019/04/revaluation-result-te-mechanical-engg-r_16.html,https://drive.google.com/file/d/1z3LWP4KIi_yFtMy_97zeL8B2DVQHfmou/view?usp=sharing
Revaluation Result TE (Civil Engg. R-2012)_Sem-VI_CBGS,2019-04-16T04:24:00-07:00,https://vishwaniketanexam.blogspot.com/2019/04/revaluation-result-te-civil-engg-r_16.html,https://drive.google.com/file/d/1mNHRNExP79F6lo3ebBQI4seBvgGUuhOc/view?usp=sharing
Result FE_RR (R-2016)_Sem-I_Choice Base,2019-04-11T23:27:00-07:00,https://vishwaniketanexam.blogspot.com/2019/04/result-ferr-r-2016sem-ichoice-base.html,https://drive.google.com/file/d/1eyfx9nquKGosRJ2p_lf1WErga7QeZCM9/view?usp=sharing
Revaluation Result TE (Mechanical Engg. R-2012)_Sem-VI_CBGS,2019-04-05T04:44:00.002000-07:00,https://vishwaniketanexam.blogspot.com/2019/04/revaluation-result-te-mechanical-engg-r_5.html,https://drive.google.com/file/d/1b0YzxcAGgQ0-Ep-M--eAmd9NQ-paomIq/view?usp=sharing
Revaluation Result TE (Civil Engg. R-2016)_Sem-V_Choice Base,2019-04-05T04:41:00.001000-07:00,https://vishwaniketanexam.blogspot.com/2019/04/revaluation-result-te-civil-engg-r.html,https://drive.google.com/file/d/1tRTVf5rJaYmkFt_NwTNR3HgEkSqRlm5u/view?usp=sharing
Result SE (Civil Engg._R-2016)_Sem-IV_Choice Base,2019-04-05T03:00:00.005000-07:00,https://vishwaniketanexam.blogspot.com/2019/04/result-se-civil-enggr-2016sem-ivichoice.html,https://drive.google.com/file/d/11VlEH1VLAnqMSzf8FVSDkgkkIA8vWd_J/view?usp=sharing
Revaluation Result TE (Civil Engg. R-2012)_Sem-VI_CBGS,2019-04-05T02:37:00.004000-07:00,https://vishwaniketanexam.blogspot.com/2019/04/revaluation-result-se-civil-engg-r_27.html,https://drive.google.com/file/d/1K-DpFFIAivuMw8prKqD7qeFYxDy9cigt/view?usp=sharing
Revaluation Result TE (Civil Engg. R-2012)_Sem-V_CBGS,2019-04-05T02:36:00.004000-07:00,https://vishwaniketanexam.blogspot.com/2019/04/revaluation-result-se-civil-engg-r_33.html,https://drive.google.com/file/d/1ZsayCcQeQ8ld_ykgarr3IEUFr0KkYVxn/view?usp=sharing
Revaluation Result SE (Civil Engg. R-2012)_Sem-IV_CBGS,2019-04-05T02:35:00.005000-07:00,https://vishwaniketanexam.blogspot.com/2019/04/revaluation-result-se-civil-engg-r_5.html,https://drive.google.com/file/d/1N_9s5QED14cKQR0r0rcw3W_9pW18evht/view?usp=sharing
Revaluation Result SE (Civil Engg. R-2012)_Sem-III_CBGS,2019-04-05T02:34:00.003000-07:00,https://vishwaniketanexam.blogspot.com/2019/04/revaluation-result-se-civil-engg-r.html,https://drive.google.com/file/d/1YKHM-rPRXjb5t8yslNoAl13vHARCeyGu/view?usp=sharing
Revaluation Result SE (Mechanical Engg. R-2016)_Sem-III_Choice Base,2019-04-05T02:30:00.004000-07:00,https://vishwaniketanexam.blogspot.com/2019/04/revaluation-result-se-mechanical-engg-r_5.html,https://drive.google.com/file/d/1a9N7E0BXiZ6_REmh2uD7ucn4u6xE4wGW/view?usp=sharing
Result BE_RR (Civil Engg. R-2012)_Sem-VII_CBGS,2019-04-03T02:15:00.002000-07:00,https://vishwaniketanexam.blogspot.com/2019/04/result-rrbe-civil-engg-r-2012sem-viicbgs.html,https://drive.google.com/file/d/1hrKEXPZFLRub9kEZndnJsodFKMSO0vfi/view?usp=sharing
Revaluation Result SE (Computer Engg. R-2016)_Sem-III_Choice Base,2019-04-03T00:39:00-07:00,https://vishwaniketanexam.blogspot.com/2019/04/revaluation-result-se-computer-engg-r.html,https://drive.google.com/file/d/1phByEUmT4SCaqBtiBwQD8JpVwqdPebFr/view?usp=sharing
Revaluation Result TE (Electrical Engg. R-2012)_Sem-VI_CBGS,2019-04-02T23:27:00.001000-07:00,https://vishwaniketanexam.blogspot.com/2019/04/revaluation-result-te-electrical-engg-r.html,https://drive.google.com/file/d/1xqNnAotp8JPCuEQOVfmbKh2E3EcVx2h_/view?usp=sharing
Result FE (R-2012)_Sem-I-CBGS_Dec-2018,2019-04-02T00:00:00-07:00,https://vishwaniketanexam.blogspot.com/2019/04/result-fe-r-2012sem-i-cbgsdec-2018_2.html,https://blogger.googleusercontent.com/img/b/R29vZ2xl/AVvXsEgsfgagNsvZSKXoWodIrS3-3O7wzDqyXO-u1UK-_UgyDaApGEicBuTfrVyx8yaQizYjJghF7VshUJYHMBgs4t6ERTjI5xlNgYmBMtNep04NcyfOLl2oTVMdXOeH6amBWMFrRadEKlEojyMq/s1600/Result.png | https://drive.google.com/file/d/1pasfKF87dwaJwsrKXccOtw89tdzF65zc/view?usp=sharing
Revaluation Result TE (Mechanical Engg. R-2012)_Sem-V_CBGS,2019-04-01T02:00:00.005000-07:00,https://vishwaniketanexam.blogspot.com/2019/04/revaluation-result-te-mechanical-engg-r.html,https://drive.google.com/file/d/17dNlq9tCJ3semAb8A4k7iAO2GDhY9daj/view?usp=sharing
Revaluation Result TE (ExTC Engg. R-2016)_Sem-V_Choice Base,2019-03-31T23:16:00.005000-07:00,https://vishwaniketanexam.blogspot.com/2019/03/revaluation-result-te-extc-engg-r_31.html,https://drive.google.com/file/d/1hx2MxbnTpceSrMqExY4WJwL05-WgHQip/view?usp=sharing
Revaluation Result SE (ExTC Engg. R-2016)_Sem-III_Choice Base,2019-03-31T23:15:00.002000-07:00,https://vishwaniketanexam.blogspot.com/2019/03/revaluation-result-se-extc-engg-r_31.html,https://drive.google.com/file/d/1KoxT5LYgVoZUxxF1OPhrlh6RToSi2spx/view?usp=sharing
Revaluation Result TE (ExTC Engg. R-2012)_Sem-VI_CBGS,2019-03-31T22:08:00.005000-07:00,https://vishwaniketanexam.blogspot.com/2019/03/revaluation-result-te-extc-engg-r.html,https://drive.google.com/file/d/1iYtAsc98Vo1wNIcTrYUYZeFQxYAbtm99/view?usp=sharing
Revaluation Result SE (Mechanical Engg. R-2012)_Sem-IV_CBGS,2019-03-27T23:47:00.001000-07:00,https://vishwaniketanexam.blogspot.com/2019/03/revaluation-result-se-mechanical-engg-r_27.html,https://drive.google.com/file/d/1eoVltHJoI8rHbUPPTMaCiTlwJINrd5xV/view?usp=sharing
Revaluation Result SE (Electrical Engg. R-2016)_Sem-V_Choice Base,2019-03-27T22:22:00.004000-07:00,https://vishwaniketanexam.blogspot.com/2019/03/revaluation-result-se-electrical-engg-r_5.html,https://drive.google.com/file/d/1GiR9uZ-tyGUqkTTZfUx0gJSmjdwr4Rbl/view?usp=sharing
Revaluation Result SE (Electrical Engg. R-2016)_Sem-IV_Choice Base,2019-03-27T22:21:00.001000-07:00,https://vishwaniketanexam.blogspot.com/2019/03/revaluation-result-se-electrical-engg-r_10.html,https://drive.google.com/file/d/1R3MqhH-xNELmUZxduAqqFxnanrE2krCy/view?usp=sharing
Revaluation Result SE (Electrical Engg. R-2016)_Sem-III_Choice Base,2019-03-27T22:19:00.004000-07:00,https://vishwaniketanexam.blogspot.com/2019/03/revaluation-result-se-electrical-engg-r_27.html,https://drive.google.com/file/d/19_6a2WysYae0etpXeZ0zxSYvJKLae41O/view?usp=sharing
Revaluation Result SE (ExTC Engg. R-2016)_Sem-IV_Choice Base,2019-03-27T03:42:00.002000-07:00,https://vishwaniketanexam.blogspot.com/2019/03/revaluation-result-se-extc-engg-r_51.html,https://drive.google.com/file/d/1MPuOlkG1SU9BlIK0KT9FNY_BhONm0j0_/view?usp=sharing
Revaluation Result SE (ExTC Engg. R-2012)_Sem-IV_CBGS,2019-03-27T02:44:00.005000-07:00,https://vishwaniketanexam.blogspot.com/2019/03/revaluation-result-se-extc-engg-r_27.html,https://drive.google.com/file/d/1xntrDXZ_UBPOIZr1hPZ1j2TF77R49Ugs/view?usp=sharing
Revaluation Result SE (ExTC Engg. R-2012)_Sem-III_CBGS,2019-03-27T02:40:00.002000-07:00,https://vishwaniketanexam.blogspot.com/2019/03/revaluation-result-se-extc-engg-r.html,https://drive.google.com/file/d/1DTSkCfIwhhgsiREApeSCfu7c5NE97EBX/view?usp=sharing
Revaluation Result SE (Computer Engg. R-2016)_Sem-IV_Choice Base,2019-03-27T02:34:00.001000-07:00,https://vishwaniketanexam.blogspot.com/2019/03/revaluation-result-se-computer-engg-r_27.html,https://drive.google.com/file/d/19QfRqkXXNU0cO9aiiQzWYCwPsUFQrGVp/view?usp=sharing
Result TE (Computer Engg. R-2016)_Sem-V_Choice Base,2019-03-25T03:13:00.001000-07:00,https://vishwaniketanexam.blogspot.com/2019/03/result-te-computer-engg-r-2016sem.html,https://drive.google.com/file/d/1RjV3pPCO0cr8wossWzjXjssWkbhZ9koG/view?usp=sharing
Result TE (Mechanical Engg. R-2016)_Sem-V_Choice Base,2019-03-25T03:11:00-07:00,https://vishwaniketanexam.blogspot.com/2019/03/result-te-mechanical-engg-r-2016sem.html,https://drive.google.com/file/d/1cO8UBVgrKIY8-PGpbnzi7t6pV1raVfWv/view?usp=sharing
Revaluation Result SE (Computer Engg. R-2012)_Sem-III_CBGS,2019-03-23T02:46:00.001000-07:00,https://vishwaniketanexam.blogspot.com/2019/03/revaluation-result-se-computer-engg-r_23.html,https://drive.google.com/file/d/1NXKvyL1rdgv1ycLUuBEODFtzRb8M5Yt6/view?usp=sharing
Dates of Commencement of Exam First Half 2019 ,2019-03-20T03:48:00.002000-07:00,https://vishwaniketanexam.blogspot.com/2019/03/commencement-of-exam-first-half-2019.html,https://drive.google.com/file/d/19m1BUAQuWjh7L4-2wdRdkEdNykWdPzqN/view?usp=sharing
Revaluation Result TE (Computer Engg. R-2012)_Sem-VI_CBGS,2019-03-18T02:32:00-07:00,https://vishwaniketanexam.blogspot.com/2019/03/revaluation-result-te-computer-engg-r.html,https://drive.google.com/file/d/1gsug4GOzVIbQn5T7xXBwW5dbxf2lD2I-/view?usp=sharing
Revaluation Result SE (Computer Engg. R-2016)_Sem-IV_Choice Base,2019-03-18T02:30:00.003000-07:00,https://vishwaniketanexam.blogspot.com/2019/03/revaluation-result-se-computer-engg-r_79.html,https://drive.google.com/file/d/1gRmHTVjUeYdjtaaoycYwobYYAK3aIUK-/view?usp=sharing
Revaluation Result SE (Computer Engg. R-2012)_Sem-IV_CBGS,2019-03-18T02:29:00.001000-07:00,https://vishwaniketanexam.blogspot.com/2019/03/revaluation-result-se-computer-engg-r_18.html,https://drive.google.com/file/d/1LT7Q6nYdx6UknHxzDPLmUgEzugeqPK9c/view?usp=sharing
Revaluation Result SE (Mechanical Engg. R-2012)_Sem-III_CBGS,2019-03-16T02:50:00.001000-07:00,https://vishwaniketanexam.blogspot.com/2019/03/revaluation-result-se-mechanical-engg-r.html,https://drive.google.com/file/d/1Ft3DO7xt2cod85S2BG8eCYQpl7ZzG-tP/view?usp=sharing
Revaluation Result SE (Electrical Engg. R-2012)_Sem-IV_CBGS,2019-03-16T02:47:00.003000-07:00,https://vishwaniketanexam.blogspot.com/2019/03/revaluation-result-se-electrical-engg-r.html,https://drive.google.com/file/d/119R7LJEFMvwfFypCcCi5Nsoc6G-_y4ef/view?usp=sharing
Result FE (R-2016)_Sem-I_Choice Base,2019-03-11T20:46:00.005000-07:00,https://vishwaniketanexam.blogspot.com/2019/03/result-fe-r-2016sem-ichoice-base.html,https://drive.google.com/file/d/1WW6rGiHCTOBx6wT-Ozv9Ofm5V6OmatJT/view?usp=sharing
Result BE (ExTC Engg.-R-2012)_Sem-VII_CBGS,2019-03-06T20:50:00.001000-08:00,https://vishwaniketanexam.blogspot.com/2019/03/result-be-extc-engg-r-2012sem-viicbgs.html,https://drive.google.com/file/d/1mSWWT5jP-wvxoHuQ5UOpGcu7rbK9ZRMI/view?usp=sharing
Result BE (Electrical Engg.-R-2012)_Sem-VII_CBGS,2019-03-06T20:48:00.002000-08:00,https://vishwaniketanexam.blogspot.com/2019/03/blog-post.html,https://drive.google.com/file/d/1azSJyHgb2a_SeNAxJPAKFRbr8wxRFMvm/view?usp=sharing
Result BE (Mechanical Engg.-R-2012)_Sem-VII_CBGS,2019-03-05T20:06:00.001000-08:00,https://vishwaniketanexam.blogspot.com/2019/03/result-be-mechanical-engg-r-2012sem.html,https://drive.google.com/file/d/1RUYjG3elCIwn2PJS6nPp4blXc0OG59i0/view?usp=sharing
Result TE (Civil Engg._R-2012)_Sem-VI_CBSGS,2019-02-26T03:38:00-08:00,https://vishwaniketanexam.blogspot.com/2019/02/result-te-civil-enggr-2012sem-vicbsgs.html,https://drive.google.com/file/d/1IVOdJtSXz_GCBH_jpUceyFUrV2Xy2JMp/view?usp=sharing
Result TE (Civil Engg._R-2016)_Sem-V_Choice based,2019-02-26T03:35:00.002000-08:00,https://vishwaniketanexam.blogspot.com/2019/02/result-te-civil-enggr-2016sem-vchoice.html,https://drive.google.com/file/d/1ON08_2QYLDwcj_kAuSc9fSUGf9dhbjxZ/view?usp=sharing
Result TE (Civil Engg._R-2012)_Sem-V_CBSGS,2019-02-26T03:32:00.004000-08:00,https://vishwaniketanexam.blogspot.com/2019/02/result-se-civil-enggr-2012sem-vcbsgs.html,https://drive.google.com/file/d/17SCGma8fmKyxkz0bgv0-4ZR1kLBnIjhv/view?usp=sharing
Result SE (Civil Engg._R-2016)_Sem-IV_Choice based,2019-02-26T03:30:00.004000-08:00,https://vishwaniketanexam.blogspot.com/2019/02/result-se-civil-enggr-2016sem-ivchoice.html,https://drive.google.com/file/d/13K7kx-QbYvtx1OplWru7gIYaMnTkBTT5/view?usp=sharing
Result SE (Civil Engg._R-2012)_Sem-IV_CBSGS,2019-02-26T03:28:00.005000-08:00,https://vishwaniketanexam.blogspot.com/2019/02/result-se-civil-enggr-2012sem-ivcbsgs.html,https://drive.google.com/file/d/1zcp5esLHyjNCgyJKJHGSRO08GNnDSagV/view?usp=sharing
Result SE (Civil Engg._R-2016)_Sem-III_Choice Based,2019-02-26T03:26:00.002000-08:00,https://vishwaniketanexam.blogspot.com/2019/02/result-se-civil-enggr-2016sem-iiichoice.html,https://blogger.googleusercontent.com/img/b/R29vZ2xl/AVvXsEgsfgagNsvZSKXoWodIrS3-3O7wzDqyXO-u1UK-_UgyDaApGEicBuTfrVyx8yaQizYjJghF7VshUJYHMBgs4t6ERTjI5xlNgYmBMtNep04NcyfOLl2oTVMdXOeH6amBWMFrRadEKlEojyMq/s1600/Result.png | https://drive.google.com/file/d/1ArAq8ysxtiBYRTjAbT-i_PAst2_rw6Yq/view?usp=sharing
Result SE (Civil Engg._R-2012)_Sem-III_CBSGS,2019-02-26T03:21:00.002000-08:00,https://vishwaniketanexam.blogspot.com/2019/02/result-se-civil-enggr-2012sem-iiicbsgs.html,https://drive.google.com/file/d/1vx_XiiUgMqGuMxDoZk-aNjQ4Reoa1sWo/view?usp=sharing
Result FE (R-2016)_Sem-II_Choice Base,2019-02-22T22:03:00.003000-08:00,https://vishwaniketanexam.blogspot.com/2019/02/result-fe-r-2016sem-iichoice-base.html,https://drive.google.com/file/d/1mVj1t6mZFl4axk9nUufLj59rOA92IlaI/view?usp=sharing
Result TE (Electrical Engg._R-2012)_Sem-VI_CBGS,2019-02-19T22:33:00.004000-08:00,https://vishwaniketanexam.blogspot.com/2019/02/result-te-electrical-enggr-2012sem.html,https://drive.google.com/file/d/1_xZktCBw_gtcQWbTx3qzYgRO8l8Qdk-W/view?usp=sharing
Result TE (Electrical Engg._R-2016)_Sem-V_Choice Base,2019-02-19T20:51:00.002000-08:00,https://vishwaniketanexam.blogspot.com/2019/02/result-te-electrical-enggr-2016sem.html,https://drive.google.com/file/d/1xGNWpRlZsgF1Yv_bs7UAF7fjr_N5Iqm0/view?usp=sharing
Result TE (Electrical Engg._R-2012)_Sem-V_CBGS,2019-02-19T20:50:00.001000-08:00,https://vishwaniketanexam.blogspot.com/2019/02/result-te-electrical-enggr-2012sem-vcbgs.html,https://drive.google.com/file/d/1MPH12T-30Ky6l6IbClyh4XvjUuVNv30P/view?usp=sharing
Result SE (Electrical Engg._R-2012)_Sem-IV_CBGS,2019-02-19T20:47:00.003000-08:00,https://vishwaniketanexam.blogspot.com/2019/02/blog-post_56.html,https://drive.google.com/file/d/19WVeGnYqYPAWejYSx3jw22Q4gHuyxJXj/view?usp=sharing
Result SE (Electrical Engg._R-2016)_Sem-IV_Choice Base,2019-02-19T20:45:00.003000-08:00,https://vishwaniketanexam.blogspot.com/2019/02/blog-post_47.html,https://drive.google.com/file/d/1s8a-MLhZXa_nWl70WXNZYkDfAzHmCw49/view?usp=sharing
Result SE (Electrical Engg._R-2016)_Sem-III_Choice Base,2019-02-19T20:39:00.004000-08:00,https://vishwaniketanexam.blogspot.com/2019/02/result-se-electrical-enggr-2016sem.html,https://drive.google.com/file/d/1bw_gOXjaAWSsMnvi4e2w2TeMEOKhcKYZ/view?usp=sharing
Result BE (Computer Engg. R-2012)_Sem-VII_CBGS,2019-02-19T20:25:00-08:00,https://vishwaniketanexam.blogspot.com/2019/02/result-be-computer-engg-r-2012sem.html,https://drive.google.com/file/d/1e3rjYkb6yMo6la0H__sH3s2m9ZMzEV4m/view?usp=sharing
Result BE (Civil Engg._R-2012)_Sem-VII_CBGS,2019-02-19T20:22:00.001000-08:00,https://vishwaniketanexam.blogspot.com/2019/02/result-be-civil-enggr-2012sem-viicbgs.html,https://drive.google.com/file/d/1q4hTbCB1MB3kGfpN13j4UjYmFOU6GILr/view?usp=sharing
Result BE (Civil Engg._R-2012)_Sem-VIII_CBGS Dec-2018,2019-02-11T22:20:00-08:00,https://vishwaniketanexam.blogspot.com/2019/02/blog-post.html,https://drive.google.com/file/d/1Ap6SlUFYVPdjo98bmbk9k2WsquYYCURZ/view?usp=sharing
Result TE (Mechanical Engg._R-2012)_Sem-VI_CBGS,2019-02-11T02:00:00.001000-08:00,https://vishwaniketanexam.blogspot.com/2019/02/result-te-mechanical-enggr-2012sem.html,https://drive.google.com/file/d/1W7SsjMJsfZJf-9vrlT5aDEj1NkRg2TEV/view?usp=sharing
Result TE (Mechanical Engg._R-2012)_Sem-V_CBGS,2019-02-11T01:58:00.001000-08:00,https://vishwaniketanexam.blogspot.com/2019/02/result-te-mechanical-enggr-2012sem-vcbgs.html,https://drive.google.com/file/d/1SG_KwLGMuc7Abhr3S9h5oDH1ile3GZY_/view?usp=sharing
Result SE (Mechanical Engg._R-2012)_Sem-IV_CBGS,2019-02-11T01:56:00.001000-08:00,https://vishwaniketanexam.blogspot.com/2019/02/result-se-mechanical-enggr-2012sem_11.html,https://drive.google.com/file/d/1C2ESZ-9XFzV8XEFebi0yUSE5vR4qCdgp/view?usp=sharing
Result SE (Mechanical Engg._R-2012)_Sem-III_CBGS,2019-02-11T01:54:00.003000-08:00,https://vishwaniketanexam.blogspot.com/2019/02/result-se-mechanical-enggr-2012sem.html,https://drive.google.com/file/d/1C0p7zrIxLQGKfvAB30b-j5apy7BY8jcF/view?usp=sharing
Result SE (Mechanical Engg._R-2016)_Sem-IV-Choice Base,2019-02-11T01:52:00.001000-08:00,https://vishwaniketanexam.blogspot.com/2019/02/result-se-mechanical-enggr-2016sem-iv_11.html,https://drive.google.com/file/d/1yKgYEbdxYn2h9LvdjWuYXdJ9l3TAPt2-/view?usp=sharing
Result SE (Mechanical Engg._R-2016)_Sem-III-Choice Base,2019-02-11T01:50:00-08:00,https://vishwaniketanexam.blogspot.com/2019/02/result-se-mechanical-enggr-2016sem-iv.html,https://blogger.googleusercontent.com/img/b/R29vZ2xl/AVvXsEgsfgagNsvZSKXoWodIrS3-3O7wzDqyXO-u1UK-_UgyDaApGEicBuTfrVyx8yaQizYjJghF7VshUJYHMBgs4t6ERTjI5xlNgYmBMtNep04NcyfOLl2oTVMdXOeH6amBWMFrRadEKlEojyMq/s1600/Result.png | https://drive.google.com/file/d/154Vui1UhISUy7X5-LA6egxgNOnIi2d_L/view?usp=sharing
Result FE (R-2012)_Sem-II-CBGS_Dec-2018,2019-02-06T20:34:00-08:00,https://vishwaniketanexam.blogspot.com/2019/02/result-fe-r-2012sem-ii-cbgsdec-2018.html,https://drive.google.com/file/d/1Ixw78Lw7e7cG2O_Fy0YttLoJUusyydwK/view?usp=sharing
Result BE (Mechanical Engg._R-2012)_Sem-VIII-CBGS_Dec-2018,2019-02-03T21:25:00.002000-08:00,https://vishwaniketanexam.blogspot.com/2019/02/result-be-mechanical-enggr-2012sem-viii.html,https://drive.google.com/file/d/1GVWr3FV3oOsuIU2RcfIcDSmIDPo81c4E/view?usp=sharing
Result BE (ExTC Engg._R-2012)_Sem-VIII-CBGS_Dec-2018,2019-02-03T21:24:00.002000-08:00,https://vishwaniketanexam.blogspot.com/2019/02/result-be-extc-enggr-2012sem-viii.html,https://drive.google.com/file/d/1iqHMn3hyUZdkZwl7xtkSbBOGkESmwxhk/view?usp=sharing
Result BE (Electrical Engg._R-2012)_Sem-VIII-CBGS_Dec-2018,2019-02-03T21:23:00.001000-08:00,https://vishwaniketanexam.blogspot.com/2019/02/result-be-electrical-enggr-2012sem-viii.html,https://drive.google.com/file/d/1WP-7muD9R-mlZW-ba0nZAx1S_Tnm63Qy/view?usp=sharing
Result TE (Computer Engg._R-2012)_Sem-VI-CBGS_Dec-2018,2019-02-01T02:37:00.002000-08:00,https://vishwaniketanexam.blogspot.com/2019/02/result-te-computer-enggr-2012sem-vi.html,https://drive.google.com/file/d/1tgaGB6Cn9OhrDDnxcDNoANE4PecVBHDY/view?usp=sharing
Result TE (Computer Engg._R-2012)_Sem-V-CBGS_Dec-2018,2019-02-01T02:36:00.001000-08:00,https://vishwaniketanexam.blogspot.com/2019/02/result-te-computer-enggr-2012sem-v.html,https://drive.google.com/file/d/1E5U0gBaaZKCMt1E85OpKD-gWDB45eUGe/view?usp=sharing
Result SE (Computer Engg._R-2016)_Sem-IV-Choice Base_Dec-2018,2019-02-01T02:34:00.003000-08:00,https://vishwaniketanexam.blogspot.com/2019/02/result-se-computer-enggr-2016sem-iv.html,https://drive.google.com/file/d/1IHHxIzHJdK8BBuOurYxGIHS-pso1z1nX/view?usp=sharing
Result SE (Computer Engg._R-2012)_Sem-IV-CBGS_Dec-2018,2019-02-01T02:33:00.004000-08:00,https://vishwaniketanexam.blogspot.com/2019/02/result-se-computer-enggr-2012sem-iv.html,https://drive.google.com/file/d/1wueetLXlo-PYVPakS7AqdFn8T2G_lCb5/view?usp=sharing
Result SE (Computer Engg._R-2016)_Sem-III-Choice Base_Dec-2018,2019-02-01T02:32:00.003000-08:00,https://vishwaniketanexam.blogspot.com/2019/02/result-se-computer-enggr-2016sem-iii.html,https://drive.google.com/file/d/1YVFiLDQYpvvtT8DwCp6ylEm4ZzhoCjRO/view?usp=sharing
Result SE (Computer Engg._R-2012)_Sem-III-CBGS_Dec-2018,2019-02-01T02:31:00-08:00,https://vishwaniketanexam.blogspot.com/2019/02/result-se-computer-enggr-2012sem-iii.html,https://drive.google.com/file/d/1NwNikMxzuq0h-JWViZNVRmsz70Xg5rIm/view?usp=sharing
Result TE (ExTC Engg._R-2012)_Sem-VI-CBGS_Dec-2018,2019-02-01T02:29:00.003000-08:00,https://vishwaniketanexam.blogspot.com/2019/02/result-te-extc-enggr-2012sem-vi-cbgsdec.html,https://drive.google.com/file/d/1wmjgC3OLRf14UB9BoaBaKaWhZw08TODd/view?usp=sharing
Result TE (ExTC Engg._R-2016)_Sem-V-Choice Base_Dec-2018,2019-02-01T02:28:00.005000-08:00,https://vishwaniketanexam.blogspot.com/2019/02/result-te-extc-enggr-2012sem-v-choice.html,https://drive.google.com/file/d/1A4Vn9kVq6WTOuGFv6rNU21RLtYbivhQW/view?usp=sharing
Result TE (ExTC Engg._R-2012)_Sem-V-CBGS_Dec-2018,2019-02-01T02:27:00.003000-08:00,https://vishwaniketanexam.blogspot.com/2019/02/result-te-extc-enggr-2012sem-v-cbgsdec.html,https://drive.google.com/file/d/10pkY94kf9t2qPhN2RYiLNh6B7csbDGV9/view?usp=sharing
Result SE (ExTC Engg._R-2012)_Sem-IV-Choice Base_Dec-2018,2019-02-01T02:26:00.004000-08:00,https://vishwaniketanexam.blogspot.com/2019/02/result-se-extc-enggr-2012sem-iv-choice.html,https://drive.google.com/file/d/1AhxGLL8zQwMyDtdoxNeh6kgH-0tZPTr4/view?usp=sharing
Result SE (ExTC Engg._R-2012)_Sem-IV-CBGS_Dec-2018,2019-02-01T02:25:00.002000-08:00,https://vishwaniketanexam.blogspot.com/2019/02/result-se-extc-enggr-2012sem-iv-cbgsdec.html,https://drive.google.com/file/d/1lO34--aQHNQ0QL5bd4grJSc2uox0AOmP/view?usp=sharing
Result SE (ExTC Engg._R-2016)_Sem-III-Choice Base_Dec-2018,2019-02-01T02:24:00.001000-08:00,https://vishwaniketanexam.blogspot.com/2019/02/result-se-extc-enggr-2016sem-iii-choice.html,https://drive.google.com/file/d/1Yq_87_128aDWiinxMVDV8zMxVfjd9d34/view?usp=sharing
Result SE (ExTC Engg._R-2012)_Sem-III-CBGS_Dec-2018,2019-02-01T02:23:00-08:00,https://vishwaniketanexam.blogspot.com/2019/02/result-se-extc-enggr-2012sem-iii.html,https://drive.google.com/file/d/1NUF1o4IhRcj-Bv3f73LoPRhOaAsFvaW4/view?usp=sharing
Revaluation Result FE (R-2016)_Sem-II-Choice Base May-2018,2018-12-17T21:56:00.001000-08:00,https://vishwaniketanexam.blogspot.com/2018/12/revaluation-result-fe-r-2016sem-ii.html,https://drive.google.com/file/d/1ut8xW4qTxhwTfPSiydexxOXHc2pnxItB/view?usp=sharing
Revaluation Result FE (R-2012)_Sem-II-CBGS May-2018,2018-12-17T21:55:00-08:00,https://vishwaniketanexam.blogspot.com/2018/12/revaluation-result-fe-r-2012sem-ii-cbgs.html,https://drive.google.com/file/d/1OPRBuwqmCfb1yAQ5EmRigQYx-CU6jDbi/view?usp=sharing
Revaluation Result BE (Civil Engg. R-2012)_Sem-VIII-CBGS May-2018,2018-12-07T20:50:00.005000-08:00,https://vishwaniketanexam.blogspot.com/2018/12/revaluation-result-be-civil-engg-r.html,https://drive.google.com/file/d/1z8lhiodRuxDB3pUlF6xrHLF-_vUL1jZY/view?usp=sharing
Revaluation Result FE (R-2016)_Sem-I-Choice Base May-2018,2018-12-07T20:48:00.005000-08:00,https://vishwaniketanexam.blogspot.com/2018/12/revaluation-result-fe-r-2016sem-i.html,https://drive.google.com/file/d/1FnLuMLbHTV037dRvdNL22yBxef_es2gH/view?usp=sharing
Revaluation Result FE (R-2012)_Sem-I-CBGS_May-2018,2018-12-07T20:47:00.002000-08:00,https://vishwaniketanexam.blogspot.com/2018/12/revaluation-result-fe-r-2012sem-i.html,https://drive.google.com/file/d/1Pthb-8MdozJ0CwwivKASRoYRsEFzh0zT/view?usp=sharing
Revaluation Result SE (Civil Engg._R-2016)_Sem-IV-Choice Base_May-2018,2018-10-17T00:41:00.004000-07:00,https://vishwaniketanexam.blogspot.com/2018/10/revaluation-result-se-civil-enggr_17.html,https://drive.google.com/file/d/1zMP3FSjcL_BqNdmQgavYtOZo9k8-r04v/view?usp=sharing
Revaluation Result SE (Mechanical Engg._R-2016)_Sem-IV-Choice Base_May-2018,2018-10-17T00:14:00.002000-07:00,https://vishwaniketanexam.blogspot.com/2018/10/revaluation-result-se-mechanical-enggr_17.html,https://drive.google.com/file/d/1hQR99BinCarFr4hPuimSAcXuUaMy441e/view?usp=sharing
Revaluation Result SE (Civil Engg._R-2012)_Sem-IV-CBGS_May-2018,2018-10-15T02:55:00.005000-07:00,https://vishwaniketanexam.blogspot.com/2018/10/revaluation-result-se-civil-enggr_15.html,https://drive.google.com/file/d/1_uZff4AXn-BszQiG-n3oyQuD5xlaa42O/view?usp=sharing
Revaluation Result SE (Civil Engg._R-2016)_Sem-IV-Choice Base_May-2018,2018-10-13T03:05:00-07:00,https://vishwaniketanexam.blogspot.com/2018/10/revaluation-result-se-civil-enggr_49.html,https://drive.google.com/file/d/1ldPL3uPQDZGK267kBVoOgb4whYWReOSZ/view?usp=sharing
Revaluation Result SE (Civil Engg._R-2016)_Sem-III-Choice Base_May-2018,2018-10-13T02:59:00.001000-07:00,https://vishwaniketanexam.blogspot.com/2018/10/revaluation-result-se-civil-enggr_13.html,https://drive.google.com/file/d/1jBsZhpbLW-ImxVKztJP4GTAOn5MqDOFw/view?usp=sharing
Revaluation Result TE (Civil Engg._R-2012)_Sem-VI-CBGS_May-2018,2018-10-06T02:57:00-07:00,https://vishwaniketanexam.blogspot.com/2018/10/revaluation-result-te-civil-enggr.html,https://drive.google.com/file/d/1SKchoY1Z58InWiIJjU3nGVwNXxBxNlQX/view?usp=sharing
Revaluation Result TE (Mechanical Engg._R-2012)_Sem-VI-CBGS_May-2018,2018-10-06T01:15:00.001000-07:00,https://vishwaniketanexam.blogspot.com/2018/10/revaluation-result-te-mechanical-enggr.html,https://drive.google.com/file/d/1w_7pHGkIg1NGDONzQRyEoI11MgsyqrsF/view?usp=sharing
Revaluation Result BE (Mechanical Engg._R-2012)_Sem-VIII-CBGS_May-2018,2018-10-06T00:45:00.001000-07:00,https://vishwaniketanexam.blogspot.com/2018/10/revaluation-result-be-mechanical-enggr.html,https://drive.google.com/file/d/1Da0yMZaew8N4C9s2WgXOaGx26kMNtSYa/view?usp=sharing
Revaluation Result BE (ExTC Engg._R-2012)_Sem-VIII-CBGS_May-2018,2018-10-06T00:44:00.001000-07:00,https://vishwaniketanexam.blogspot.com/2018/10/revaluation-result-be-extc-enggr.html,https://drive.google.com/file/d/1seCmRw0-kWZ3gjBuybnCU9OcvUavuRL9/view?usp=sharing
Revaluation Result BE (Computer Engg._R-2012)_Sem-VIII-CBGS_May-2018,2018-10-06T00:43:00.003000-07:00,https://vishwaniketanexam.blogspot.com/2018/10/revaluation-result-be-computer-enggr.html,https://drive.google.com/file/d/14xz2n_u-J8DGOeXgH9GYp3nq2Z1pg-MY/view?usp=sharing
Revaluation Result TE (Electrical Engg._R-2012)_Sem-VI-CBGS_May-2018,2018-10-06T00:34:00.001000-07:00,https://vishwaniketanexam.blogspot.com/2018/10/revaluation-result-te-electrical-enggr.html,https://drive.google.com/file/d/1dkrhiwdmvqOXSnx61OPN2AaisZYldKsA/view?usp=sharing
Revaluation Result SE (Mechanical Engg._R-2012)_Sem-IV-CBGS_May-2018,2018-10-04T02:29:00.002000-07:00,https://vishwaniketanexam.blogspot.com/2018/10/revaluation-result-se-mechanical-enggr.html,https://drive.google.com/file/d/1d9CpkHXt3pjqifb4IRPVbrjxXElC_wqD/view?usp=sharing
Revaluation Result SE (Electrical Engg._R-2016)_Sem-IV-Choice Base_May-2018,2018-10-04T02:24:00.004000-07:00,https://vishwaniketanexam.blogspot.com/2018/10/revaluation-result-se-electrical-enggr.html,https://drive.google.com/file/d/1MUyA4kcgAeOE99brrlIRyJ8o0M7CUItV/view?usp=sharing
Revaluation Result TE (Computer Engg._R-2012)_Sem-VI- May-2018,2018-10-04T02:23:00-07:00,https://vishwaniketanexam.blogspot.com/2018/10/revaluation-result-te-computer-enggr.html,https://drive.google.com/file/d/1vEP_8m98p1BtENhvTkFq_I3o3Zjsc6SO/view?usp=sharing
Revaluation Result SE (Computer Engg._R-2016)_Sem-IV-Choice Base_May-2018,2018-10-04T02:21:00.004000-07:00,https://vishwaniketanexam.blogspot.com/2018/10/revaluation-result-se-computer-enggr.html,https://drive.google.com/file/d/1q3LrsjUeS1Wydi2cNRW-fSw-h3qeFAX4/view?usp=sharing
Revaluation Result SE (ExTC Engg._R-2016)_Sem-III-Choice Base_May-2018,2018-10-03T03:31:00.003000-07:00,https://vishwaniketanexam.blogspot.com/2018/10/revaluation-result-se-extc-enggr.html,https://drive.google.com/file/d/1vJQ-POAkp24jC8EKU8XSHbJOvOUbhFgZ/view?usp=sharing
Revaluation Result SE (Civil Engg._R-2012)_Sem-V-CBGS_May-2018,2018-10-03T03:23:00-07:00,https://vishwaniketanexam.blogspot.com/2018/10/revaluation-result-se-civil-enggr_3.html,https://drive.google.com/file/d/1rwwI7O2lnlcb2As2VMxYt7xAhvmYhKtb/view?usp=sharing
Revaluation Result SE (Civil Engg._R-2012)_Sem-III-CBGS_May-2018,2018-10-03T03:22:00-07:00,https://vishwaniketanexam.blogspot.com/2018/10/revaluation-result-se-civil-enggr.html,https://drive.google.com/file/d/1hlYXWmVUep73Vnl1eE1b0-y0aw39F9vx/view?usp=sharing
Revaluation Result SE (Electrical Engg._R-2016)_Sem-III-Choice Base_May-2018,2018-09-30T02:01:00-07:00,https://vishwaniketanexam.blogspot.com/2018/09/revaluation-result-se-electrical-enggr_30.html,https://drive.google.com/file/d/1A_bqP6OIR1QcgR0oY1m_twI4ucc4pWzn/view?usp=sharing
Revaluation Result SE (Computer Engg._R-2016)_Sem-III-Choice Base_May-2018,2018-09-30T01:59:00.002000-07:00,https://vishwaniketanexam.blogspot.com/2018/09/revaluation-result-se-computer-enggr_30.html,https://drive.google.com/file/d/1XvRkhurZ5rGAw2n2jq4-MChcXOR5S_7C/view?usp=sharing
Revaluation Result SE (Computer Engg._R-2012)_Sem-III-CBGS_May-2018,2018-09-29T03:18:00.002000-07:00,https://vishwaniketanexam.blogspot.com/2018/09/revaluation-result-se-computer-enggr_29.html,https://drive.google.com/file/d/1zM9___Vt6hUcNiNooey3w9RV_VxGXibj/view?usp=sharing
Revaluation Result SE (Computer Engg._R-2012)_Sem-IV-CBGS_May-2018,2018-09-29T03:13:00.004000-07:00,https://vishwaniketanexam.blogspot.com/2018/09/revaluation-result-se-computer-enggr.html,https://drive.google.com/file/d/1jGIomM0nJxa-bGxBnjCColSQ0pcZJIkB/view?usp=sharing
Revaluation Result SE (Electrical Engg._R-2012)_Sem-IV-CBGS_May-2018,2018-09-29T02:46:00.001000-07:00,https://vishwaniketanexam.blogspot.com/2018/09/revaluation-result-se-electrical-enggr.html,https://drive.google.com/file/d/1exGfI91CLezstWTB9pXC_i3aTQz5U46t/view?usp=sharing
Revaluation Result TE (ExTC Engg._R-2012)_Sem-VI-CBGS_May-2018,2018-09-29T02:44:00-07:00,https://vishwaniketanexam.blogspot.com/2018/09/revaluation-result-te-extc-enggr.html,https://drive.google.com/file/d/1d98W64bqExIJRNCQmw2jx0DZ8MyCcp0K/view?usp=sharing
Revaluation Result SE (ExTC Engg._R-2016)_Sem-IV-Choice Base_May-2018,2018-09-29T02:42:00.004000-07:00,https://vishwaniketanexam.blogspot.com/2018/09/revaluation-result-se-extc-enggr_63.html,https://drive.google.com/file/d/1TDt5KWGLFjZQ2JDQzl4sM-A9RRbmhSpa/view?usp=sharing
Revaluation Result SE (ExTC Engg._R-2012)_Sem-IV-CBGS_May-2018,2018-09-29T02:41:00.001000-07:00,https://vishwaniketanexam.blogspot.com/2018/09/revaluation-result-se-extc-enggr_29.html,https://drive.google.com/file/d/1cavLncPB_QNGH_AdukzC7Xb2bJUqda32/view?usp=sharing
Revaluation Result SE (ExTC Engg._R-2012)_Sem-III-CBGS_May-2018,2018-09-29T02:40:00.003000-07:00,https://vishwaniketanexam.blogspot.com/2018/09/revaluation-result-se-extc-enggr.html,https://drive.google.com/file/d/1RTEfvYp9THOY0CieY3ty38wrdLR7mlmb/view?usp=sharing
Result TE (Civil Engg._R-2012)_Sem-VI_May-2018,2018-09-29T00:31:00.001000-07:00,https://vishwaniketanexam.blogspot.com/2018/09/result-te-civil-enggr-2012sem-vimay-2018.html,https://drive.google.com/file/d/1TwjFkRiV5UhP4l9T8TsKol2_y1A2KGuJ/view?usp=sharing
Revaluation Result TE (Mechancal Engg._R-2012)_Sem-V_May-2018,2018-09-26T03:15:00.002000-07:00,https://vishwaniketanexam.blogspot.com/2018/09/revaluation-result-te-mechancal-enggr.html,https://drive.google.com/file/d/1Ag7qcz8KItdcCKGO6zRw_tXBWsmxKLhw/view?usp=sharing
Revaluation Result SE (Mechancal Engg._R-2016)_Sem-III (Choice Base)_May-2018,2018-09-26T03:14:00.001000-07:00,https://vishwaniketanexam.blogspot.com/2018/09/revaluation-result-se-mechancal-enggr_26.html,https://drive.google.com/file/d/1u97O8QWt-pObih5j4BLZJdjfGnSGtKF0/view?usp=sharing
Revaluation Result SE (Mechancal Engg._R-2012)_Sem-III(CBGS)_May-2018,2018-09-26T03:12:00.003000-07:00,https://vishwaniketanexam.blogspot.com/2018/09/revaluation-result-se-mechancal-enggr.html,https://drive.google.com/file/d/1JJ1J0s-2KeEiapNPUmryPARCNCwBRcGF/view?usp=sharing
Revaluation Result TE (Compputer Engg._R-2012)_Sem-V_May-2018,2018-08-23T02:14:00-07:00,https://vishwaniketanexam.blogspot.com/2018/08/revaluation-result-te-compputer-enggr.html,https://drive.google.com/file/d/1Xx7Be64DODVK26TqJk9Izw1ajTx7SwsM/view?usp=sharing
Revaluation Result TE (ExTC Engg._R-2012)_Sem-V_May-2018,2018-08-23T02:12:00.001000-07:00,https://vishwaniketanexam.blogspot.com/2018/08/revaluation-result-te-extc-enggr.html,https://drive.google.com/file/d/1sjRzqgo24aqQMQst96J3l0IyW7N58ZmD/view?usp=sharing
Revaluation Result FE (Sem-I Choce Base)_Dec-2017,2018-08-09T22:48:00.001000-07:00,https://vishwaniketanexam.blogspot.com/2018/08/revaluation-result-fe-sem-i-choce.html,https://drive.google.com/file/d/1XDFocXu5gmROY2QHexWPyDDm8d5E8vur/view?usp=sharing
Revaluation Result FE (Sem-II Choice Base)_Dec-2017,2018-08-07T23:07:00-07:00,https://vishwaniketanexam.blogspot.com/2018/08/revaluation-result-fe-sem-ii-choice.html,https://drive.google.com/file/d/1CQ_muoMSGNwbr3I87oiZczKxhnPPcjVc/view?usp=sharing
Revaluation Result FE (Sem-II CBGS) Dec-2017,2018-08-07T03:34:00.001000-07:00,https://vishwaniketanexam.blogspot.com/2018/08/revaluation-result-fe-sem-ii-cbgs-dec.html,https://drive.google.com/file/d/16PZXQ7kiW3yRLVrXiEXC3QqQtOsBaiBY/view?usp=sharing
Revaluation Result FE (Sem-I CBGS) Dec-2017,2018-08-07T03:33:00.001000-07:00,https://vishwaniketanexam.blogspot.com/2018/08/revaluation-result-fe-sem-i-cbgs-dec.html,https://drive.google.com/file/d/1XBO895367h8WqPPVSuDtbHAVmwD2N-OT/view?usp=sharing
Result TE (Electrical Engg._Rev-2012)_Sem-VI_CBGS_May-2018,2018-08-03T23:51:00.004000-07:00,https://vishwaniketanexam.blogspot.com/2018/08/result-te-electrical-enggrev-2012sem_3.html,https://drive.google.com/file/d/1CrJxZeGiWjYw2BDkYfG_kJzX5fbdH200/view?usp=sharing
Result TE (Electrical Engg._Rev-2012)_Sem-V_CBGS_May-2018,2018-08-03T23:50:00.004000-07:00,https://vishwaniketanexam.blogspot.com/2018/08/result-te-electrical-enggrev-2012sem.html,https://drive.google.com/file/d/17jGZnt1Ap9MEqFzHQM-HBqHEWYOzUlF5/view?usp=sharing
Result SE (Electrical Engg._Rev-2016)_Sem-IV_Choice Base_May-2018,2018-08-03T23:49:00.001000-07:00,https://vishwaniketanexam.blogspot.com/2018/08/result-se-electrical-enggrev-2016sem_3.html,https://drive.google.com/file/d/1LrwqmZNQ0xcRnXgxtkfJndvgmkaGJIrb/view?usp=sharing
Result SE (Electrical Engg._Rev-2012)_Sem-IV_CBGS_May-2018,2018-08-03T23:48:00.003000-07:00,https://vishwaniketanexam.blogspot.com/2018/08/result-se-electrical-enggrev-2012sem_3.html,https://drive.google.com/file/d/1j3UsB2lfVKhUe9u56fueOmVz0gIncliV/view?usp=sharing
Result SE (Electrical Engg._Rev-2016)_Sem-III_Choice Base_May-2018,2018-08-03T23:47:00.004000-07:00,https://vishwaniketanexam.blogspot.com/2018/08/result-se-electrical-enggrev-2016sem.html,https://drive.google.com/file/d/1sL2i5wb0uO1G3KAWY9yk1yMCt2fAOps0/view?usp=sharing
Result SE (Electrical Engg._Rev-2012)_Sem-III_CBGS_May-2018,2018-08-03T23:46:00.002000-07:00,https://vishwaniketanexam.blogspot.com/2018/08/result-se-electrical-enggrev-2012sem.html,https://drive.google.com/file/d/1JvvUNSCIRK40rcpygf52q9midjSM1IB5/view?usp=sharing
Result TE (Civil Engg._Rev-2012)_Sem-VI_CBGS_May-2018,2018-07-31T03:16:00-07:00,https://vishwaniketanexam.blogspot.com/2018/07/result-te-civil-enggrev-2012sem_31.html,https://drive.google.com/file/d/1EjvwSHINvS_71It-GrPYkGo6q8Uyw9En/view?usp=sharing
Result TE (Civil Engg._Rev-2012)_Sem-V_CBGS_May-2018,2018-07-31T03:15:00.001000-07:00,https://vishwaniketanexam.blogspot.com/2018/07/result-te-civil-enggrev-2012sem.html,https://drive.google.com/file/d/1Pz7kJNhr1fbRtWQYAaEm8M1-craL7b9e/view?usp=sharing
Result SE (Civil Engg._Rev-2016)_Sem-IV_Choice Base_May-2018,2018-07-31T03:13:00-07:00,https://vishwaniketanexam.blogspot.com/2018/07/result-se-civil-enggrev-2016sem_31.html,https://drive.google.com/file/d/1shjKKSR-09clCqsABozOYVNqYlCGhnLc/view?usp=sharing
Result SE (Civil Engg._Rev-2012)_Sem-IV_CBGS_May-2018,2018-07-31T03:07:00.002000-07:00,https://vishwaniketanexam.blogspot.com/2018/07/result-se-civil-enggrev-2012sem_31.html,https://drive.google.com/file/d/1CBuwwjMPuYSGEUiL6SqSNrUujnKNNhEa/view?usp=sharing
Result SE (Civil Engg._Rev-2016)_Sem-III_Choice Base_May-2018,2018-07-31T03:06:00.002000-07:00,https://vishwaniketanexam.blogspot.com/2018/07/result-se-civil-enggrev-2016sem.html,https://drive.google.com/file/d/1xQBneT9jCdhJhLu7MAdUPQoczvfyiL1w/view?usp=sharing
Result SE (Civil Engg._Rev-2012)_Sem-III_CBGS_May-2018,2018-07-31T03:05:00-07:00,https://vishwaniketanexam.blogspot.com/2018/07/result-se-civil-enggrev-2012sem.html,https://drive.google.com/file/d/1gwTdBYQ3GjwW64nsaI93aoNAlZeD85hJ/view?usp=sharing
Result BE (Mechanical Engg._Rev-2012)_Sem-VIII_CBGS-May-2018,2018-07-26T20:40:00.003000-07:00,https://vishwaniketanexam.blogspot.com/2018/07/result-be-mechanical-enggrev-2012sem_26.html,https://drive.google.com/file/d/1Xapr7bqy02nD-QsgQ1dKz0Se99Xp7Zmd/view?usp=sharing
Result BE (Civil Engg._Rev-2012)_Sem-VIII_CBGS-May-2018,2018-07-25T20:45:00.001000-07:00,https://vishwaniketanexam.blogspot.com/2018/07/result-be-civil-enggrev-2012sem_25.html,https://drive.google.com/file/d/1oXN5xkcQ_ejoKtfth9R3zMUIJNnS-TG_/view?usp=sharing
Result SE (Mechanical Engg._Rev-2016)_Sem-IV_CBCS_May-2018,2018-07-24T04:49:00.002000-07:00,https://vishwaniketanexam.blogspot.com/2018/07/result-se-mechanical-enggrev-2016sem_24.html,https://drive.google.com/file/d/1PVK6LGBavQXagpEfKWeXpQxMjDw16Yk1/view?usp=sharing
Result SE (Mechanical Engg._Rev-2016)_Sem-III_CBCS_May-2018,2018-07-24T04:48:00.001000-07:00,https://vishwaniketanexam.blogspot.com/2018/07/result-se-mechanical-enggrev-2016sem.html,https://drive.google.com/file/d/1pan2l4b5XaTrqd4mhQTjQqlVjcx9o9iQ/view?usp=sharing
Result SE (Computer Engg._Rev-2012)_Sem-IV_CBGS_May-2018,2018-07-24T04:34:00.002000-07:00,https://vishwaniketanexam.blogspot.com/2018/07/result-se-computer-enggrev-2012sem_24.html,https://drive.google.com/file/d/17pSbpxYc-QyaudMCJ5qaHeIRjWYmcCBZ/view?usp=sharing
Result SE (Computer Engg._Rev-2012)_Sem-III_CBGS_May-2018,2018-07-24T04:33:00.005000-07:00,https://vishwaniketanexam.blogspot.com/2018/07/result-se-computer-enggrev-2012sem.html,https://drive.google.com/file/d/19o6yfNjq3aoAGnCrQA7HQPT82guFo_Qw/view?usp=sharing
Result TE (Computer Engg._Rev-2012)_Sem-VI_CBGS_May-2018,2018-07-24T04:32:00.001000-07:00,https://vishwaniketanexam.blogspot.com/2018/07/result-te-computer-enggrev-2012sem_24.html,https://drive.google.com/file/d/1XIjyadb2ZxkiGnrSYW1L3OksPAsOox6o/view?usp=sharing
Result TE (Computer Engg._Rev-2012)_Sem-V_CBGS_May-2018,2018-07-24T04:30:00.003000-07:00,https://vishwaniketanexam.blogspot.com/2018/07/result-te-computer-enggrev-2012sem.html,https://drive.google.com/file/d/1vOCIW2rPvfGqorAucx0mtfpRfmQwMbWM/view?usp=sharing
Result TE (Mechanical Engg._Rev-2012)_Sem-VI_CBGS_May-2018,2018-07-24T04:26:00.003000-07:00,https://vishwaniketanexam.blogspot.com/2018/07/result-te-mechanical-enggrev-2012sem_24.html,https://drive.google.com/file/d/1M6C0mb7WohvQ8dG3FNWcwioWwCv-pMzd/view?usp=sharing
Result TE (Mechanical Engg._Rev-2012)_Sem-V_CBGS_May-2018,2018-07-24T04:25:00.004000-07:00,https://vishwaniketanexam.blogspot.com/2018/07/result-te-mechanical-enggrev-2012sem.html,https://drive.google.com/file/d/1x8lKfGfHgzzzvk0y8VmtDPXpN6hFdukQ/view?usp=sharing
Result SE (Mechanical Engg._Rev-2012)_Sem-IV_CBGS_May-2018,2018-07-24T04:24:00.004000-07:00,https://vishwaniketanexam.blogspot.com/2018/07/result-se-mechanical-enggrev-2012sem_24.html,https://drive.google.com/file/d/1irrwyP3LefOy7ZiETBGVaZSGp62eOl0K/view?usp=sharing
Result SE (ExTC Engg._Rev-2016)_Sem-IV_CBCS_May-2018,2018-07-24T04:23:00-07:00,https://vishwaniketanexam.blogspot.com/2018/07/result-se-extc-enggrev-2016sem_24.html,https://drive.google.com/file/d/10Htv1btvz8ZZS8GVk7RBh2q1olmiSsXc/view?usp=sharing
Result SE (ExTC Engg._Rev-2016)_Sem-III_CBCS_May-2018,2018-07-24T04:21:00.005000-07:00,https://vishwaniketanexam.blogspot.com/2018/07/result-se-extc-enggrev-2016sem.html,https://drive.google.com/file/d/1KvOm2YyqA-niGj75k3CHhgTcNmSgls49/view?usp=sharing
Result SE (ExTC Engg._Rev-2012)_Sem-III_CBGS_May-2018,2018-07-24T04:20:00.004000-07:00,https://vishwaniketanexam.blogspot.com/2018/07/result-se-extc-enggrev-2012sem_24.html,https://drive.google.com/file/d/1D7dG6OfE_xixhHYcoLdxivqBdwUgEFdw/view?usp=sharing
Result SE (ExTC Engg._Rev-2012)_Sem-IV_CBGS_May-2018,2018-07-24T04:19:00.001000-07:00,https://vishwaniketanexam.blogspot.com/2018/07/result-se-extc-enggrev-2012sem.html,https://drive.google.com/file/d/1Gc56VIegjE1mtlELU_g4sfyGi3bQwJkT/view?usp=sharing
Result TE (ExTC Engg._Rev-2012)_Sem-V_CBGS_May-2018,2018-07-24T04:18:00.001000-07:00,https://vishwaniketanexam.blogspot.com/2018/07/result-te-extc-enggrev-2012sem-vcbgsmay.html,https://drive.google.com/file/d/1qpRHwmbP_Jwy97I-DKTqbnaSJAWSJCss/view?usp=sharing
Result TE (ExTC Engg._Rev-2012)_Sem-VI_CBGS_May-2018,2018-07-24T04:17:00-07:00,https://vishwaniketanexam.blogspot.com/2018/07/result-te-extc-enggrev-2012sem.html,https://drive.google.com/file/d/1PPuaP5JUOPkx-gJvNhtzelEzF8vRKSv8/view?usp=sharing
Result SE (Computer Engg._Rev-2016)_Sem-IV_CBCS_May-2018,2018-07-24T04:15:00-07:00,https://vishwaniketanexam.blogspot.com/2018/07/result-se-computer-enggrev-2016sem_24.html,https://drive.google.com/file/d/1D79ECX_2SdZwQBx2AI2kLSGGgk7UaR0n/view?usp=sharing
Result SE (Computer Engg._Rev-2016)_Sem-III_CBCS_May-2018,2018-07-24T04:06:00.002000-07:00,https://vishwaniketanexam.blogspot.com/2018/07/result-se-computer-enggrev-2016sem.html,https://drive.google.com/file/d/1LTO5Xi17Vg0MhcyVCpAxvcvqAVNFmWdS/view?usp=sharing
Result SE (Mechanical Engg._Rev-2012)_Sem-III_CBGS_May-2018,2018-07-24T03:54:00.003000-07:00,https://vishwaniketanexam.blogspot.com/2018/07/result-se-mechanical-enggrev-2012sem.html,https://drive.google.com/file/d/1hp0fEE4rvRTVNRRKneK0jmgEXR8u5RVR/view?usp=sharing
Result FE (Sem-II_Rev-2012)_CBGS_May-2018,2018-07-23T21:59:00.001000-07:00,https://vishwaniketanexam.blogspot.com/2018/07/result-fe-sem-iirev-2012cbgsmay-2018.html,https://drive.google.com/file/d/1GIv96fbVNa83fQKfsKPCEogM_TJ5KkNU/view?usp=sharing
Result FE (Sem-II_Rev-2016)_Choice Base_May-2018,2018-07-19T20:56:00.001000-07:00,https://vishwaniketanexam.blogspot.com/2018/07/result-fe-sem-iirev-2012choice-basemay.html,https://drive.google.com/file/d/13_H6orVazUs8nJpL4FJrmomWObY15nJR/view?usp=sharing
Result FE (Sem-I._Rev-2016)_Choice Base_May-2018,2018-07-19T20:55:00.001000-07:00,https://vishwaniketanexam.blogspot.com/2018/07/result-fe-sem-irev-2012choice-basemay.html,https://drive.google.com/file/d/1y0D9cnVgC4jWKxs7C__0byLy-0HLLb0r/view?usp=sharing
Result BE (Civil Engg._Rev-2012)_Sem-VII_CBGS_May-2018,2018-07-17T21:00:00.001000-07:00,https://vishwaniketanexam.blogspot.com/2018/07/result-be-civil-enggrev-2012sem.html,https://drive.google.com/file/d/18b2_BdUYE4WBmlpD9E01g2Kb0dUJjPwf/view?usp=sharing
Result BE (Mechanical Engg._Rev-2012)_Sem-VII_CBGS_May-2018,2018-07-14T01:57:00.001000-07:00,https://vishwaniketanexam.blogspot.com/2018/07/result-be-mechanical-enggrev-2012sem.html,https://drive.google.com/file/d/1YY4ObtZIJTt1J2-Hv-b367HOT5-S9FZv/view?usp=sharing
Result BE (ExTC Engg._Rev-2012)_Sem-VIII_CBGS_May-2018,2018-07-14T01:56:00-07:00,https://vishwaniketanexam.blogspot.com/2018/07/result-be-extc-enggrev-2012sem_14.html,https://drive.google.com/file/d/1GLV9V7wgHZvTBB1JcoXU3odryZYvP-0u/view?usp=sharing
Result BE (Electrical Engg._Rev-2012)_Sem-VIII_CBGS_May-2018,2018-07-14T01:54:00.004000-07:00,https://vishwaniketanexam.blogspot.com/2018/07/result-be-electrical-enggrev-2012sem_14.html,https://drive.google.com/file/d/1cjb4L8pMuVyCX4OL7nuVpqeW2miE1EhW/view?usp=sharing
Result FE (Sem-I Rev-2012)_CBGS_May-2018,2018-07-13T02:28:00.001000-07:00,https://vishwaniketanexam.blogspot.com/2018/07/result-fe-sem-i-rev-2012cbgsmay-2018.html,https://drive.google.com/file/d/1-mujXx8JDlcihmVkrx_ROTcBWPWq_gdn/view?usp=sharing
Result BE (ExTC Engg._Rev-2012)_Sem-VII_CBGS_May-2018,2018-07-13T02:25:00.003000-07:00,https://vishwaniketanexam.blogspot.com/2018/07/result-be-extc-enggrev-2012sem.html,https://drive.google.com/file/d/1sIcGytH0XcW_wDD7xHYLq3dCoCoK9YNQ/view?usp=sharing
Result BE (Electrical Engg._Rev-2012)_Sem-VII_CBGS_May-2018 ,2018-07-11T21:25:00.001000-07:00,https://vishwaniketanexam.blogspot.com/2018/07/result-be-electrical-enggrev-2012sem.html,https://drive.google.com/file/d/1Gf6mAoNv3mBPJ7cvqyv6_-_SvXErkKZg/view?usp=sharing
Result BE (Computer Engg._Rev-2012)_Sem-VIII_CBGS_May-2018,2018-07-07T02:25:00.005000-07:00,https://vishwaniketanexam.blogspot.com/2018/07/result-be-computer-enggrev-2012sem_7.html,https://drive.google.com/file/d/1XAnqZCsbrQ-W6xpazPr0arBIAevr1oLD/view?usp=sharing
Result BE (Computer Engg._Rev-2012)_Sem-VII_CBGS_May-2018,2018-07-07T02:24:00.003000-07:00,https://vishwaniketanexam.blogspot.com/2018/07/result-be-computer-enggrev-2012sem.html,https://drive.google.com/file/d/1AuiPrXKHwuNnoRUhLbdnx5pOoSTozYeT/view?usp=sharing
Revaluation Result SE (Electrical. Engg._Rev-2016)_Sem-III_CBCS_Dec-2017,2018-07-05T23:59:00.001000-07:00,https://vishwaniketanexam.blogspot.com/2018/07/revaluation-result-se-electrical.html,https://drive.google.com/file/d/1a6xi1edlnAe6lOroB5H8s5nwhVJIJTGd/view?usp=sharing
Revaluation Result SE (Mechanical. Engg._Rev-2016)_Sem-III_CBCS_Dec-2017,2018-07-05T23:57:00.004000-07:00,https://vishwaniketanexam.blogspot.com/2018/07/revaluation-result-se-mechanical.html,https://drive.google.com/file/d/1GugLu3kZSMNxmrVA3YEnaIane_sx8eoA/view?usp=sharing
Revaluation Result SE (Computer. Engg._Rev-2016)_Sem-III_CBCS_Dec-2017,2018-07-05T23:56:00.004000-07:00,https://vishwaniketanexam.blogspot.com/2018/07/revaluation-result-se-computer-enggrev.html,https://drive.google.com/file/d/1hjUWkG5tkqt-ilptWEqoIbmEvZA4yinH/view?usp=sharing
Revaluation Result SE (ExTC. Engg._Rev-2016)_Sem-III_CBCS_Dec-2017,2018-07-05T23:55:00.001000-07:00,https://vishwaniketanexam.blogspot.com/2018/07/revaluation-result-se-extc-enggrev.html,https://drive.google.com/file/d/1QmU6o4U2qEr3QZtVPWO0TK4C-CEIgpks/view?usp=sharing
Revaluation Result SE (Civil. Engg._Rev-2016)_Sem-III_CBCS_Dec-2017,2018-07-05T23:53:00.001000-07:00,https://vishwaniketanexam.blogspot.com/2018/07/revaluation-result-se-civil-enggrev.html,https://drive.google.com/file/d/1KlqeCtD0_O1vz64KTNOv9Cwpb--S1dAP/view?usp=sharing
Revaluation Result SE (Civil. Engg._Rev-2012)_Sem-IV_CBGS_Dec-2017,2018-04-13T00:23:00.002000-07:00,https://vishwaniketanexam.blogspot.com/2018/04/revaluation-result-se-civil-enggrev_13.html,https://drive.google.com/file/d/1v-M1dVTTkTHm5K1qR3vqoxU3yIc6l1uK/view?usp=sharing
 Result BE_RR_ (Mech. Engg._Rev-2012)_Sem-VII_CBGS_Dec-2017,2018-04-10T03:54:00.001000-07:00,https://vishwaniketanexam.blogspot.com/2018/04/result-berr-mech-enggrev-2012sem.html,https://drive.google.com/file/d/1f3jLD64CnFPy_OMdFnmMjbgNWS4l3bPw/view?usp=sharing
Revaluation Result SE (Computer. Engg._Rev-2017)_Sem-III_CBCS_Dec-2017,2018-04-09T22:53:00.003000-07:00,https://vishwaniketanexam.blogspot.com/2018/04/revaluation-result-se-computer-enggrev_9.html,https://drive.google.com/file/d/1DHaXUvIfzpaF7gyGuAS2cafGIN0y5Ozt/view?usp=sharing
Revaluation Result SE (Mech. Engg._Rev-2017)_Sem-III_CBCS_Dec-2017,2018-04-09T04:03:00.001000-07:00,https://vishwaniketanexam.blogspot.com/2018/04/revaluation-result-se-mech-enggrev_9.html,https://drive.google.com/file/d/1MZBFZRCIdSRwSIw5zWlLKNNpNOCr4Ywj/view?usp=sharing
Revaluation Result SE (Mech. Engg._Rev-2012)_Sem-V_CBGS_Dec-2017,2018-04-09T04:01:00-07:00,https://vishwaniketanexam.blogspot.com/2018/04/revaluation-result-se-mech-enggrev.html,https://drive.google.com/file/d/1EVFOveZjTt_rEy2JV2rGiU_AhW6CfpZt/view?usp=sharing
Revaluation Result SE (Civil Engg._Rev-2012)_Sem-III_CBGS_Dec-2017,2018-04-08T23:14:00.001000-07:00,https://vishwaniketanexam.blogspot.com/2018/04/revaluation-result-se-civil-enggrev_68.html,https://drive.google.com/file/d/1GR_U70dujCXicXAzQhMIErbz5JVybZqm/view?usp=sharing
Revaluation Result SE (ExTC Engg._Rev-2017)_Sem-III_CBCS_Dec-2017,2018-04-08T22:38:00.001000-07:00,https://vishwaniketanexam.blogspot.com/2018/04/revaluation-result-se-extc-enggrev_8.html,https://drive.google.com/file/d/1msl4aN9t2W5xKieJQRXvvGku7Wr9vguj/view?usp=sharing
Revaluation Result SE (Electrical Engg._Rev-2017)_Sem-III_CBCS_Dec-2017,2018-04-08T22:36:00.001000-07:00,https://vishwaniketanexam.blogspot.com/2018/04/revaluation-result-se-electrical_8.html,https://drive.google.com/file/d/1votpHQ9BznOodB5tryHXExlJAcBqSs7M/view?usp=sharing
Revaluation Result SE (Computer Engg._Rev-2012)_Sem-III_CBGS_Dec-2017,2018-04-08T22:07:00-07:00,https://vishwaniketanexam.blogspot.com/2018/04/revaluation-result-se-computer-enggrev_8.html,https://drive.google.com/file/d/1O84QJuwyrROUWJ585pypiyTQtYHOvK2Z/view?usp=sharing
Revaluation Result TE (Civil Engg._Rev-2012)_Sem-V_CBGS_Dec-2017,2018-04-08T22:03:00.004000-07:00,https://vishwaniketanexam.blogspot.com/2018/04/revaluation-result-te-civil-enggrev_8.html,https://drive.google.com/file/d/1NZ_BMvQM2diBySR84cRnlYiNAqjNdB6R/view?usp=sharing
Revaluation Result SE (Civil Engg._Rev-2017)_Sem-III_CBCS_Dec-2017,2018-04-06T01:54:00.003000-07:00,https://vishwaniketanexam.blogspot.com/2018/04/revaluation-result-se-civil-enggrev_6.html,https://drive.google.com/file/d/1AuL53O_BgD6GmkGUREhqegp2G7f68KBJ/view?usp=sharing
Revaluation Result TE (Mechanical Engg._Rev-2012)_Sem-VI_CBGS_Dec-2017,2018-04-06T01:42:00.005000-07:00,https://vishwaniketanexam.blogspot.com/2018/04/revaluation-result-te-mechanical.html,https://drive.google.com/file/d/1jelm0bpHDB2VYWx7ocJU_dmhjic32YY0/view?usp=sharing
Revaluation Result SE (Mechanical Engg._Rev-2012)_Sem-IV_CBGS_Dec-2017,2018-04-06T01:41:00.001000-07:00,https://vishwaniketanexam.blogspot.com/2018/04/revaluation-result-se-mechanical_6.html,https://drive.google.com/file/d/1mm157Pcx78DU2fFivvpBfkrcyYocy-MD/view?usp=sharing
Revaluation Result SE (Mechanical Engg._Rev-2012)_Sem-III_CBGS_Dec-2017,2018-04-06T01:40:00-07:00,https://vishwaniketanexam.blogspot.com/2018/04/revaluation-result-se-mechanical.html,https://drive.google.com/file/d/15iqVrcKreB3Qk9oGESsUhz1kRDKgsb40/view?usp=sharing
Revaluation Result TE (Electrical Engg._Rev-2012)_Sem-V_CBGS_Dec-2017,2018-04-03T04:04:00.004000-07:00,https://vishwaniketanexam.blogspot.com/2018/04/revaluation-result-te-electrical.html,https://drive.google.com/file/d/1WatgtHFGlE-7GHCvLQLJb1ZZ5hqdyqMB/view?usp=sharing
Revaluation Result SE (Electrical Engg._Rev-2012)_Sem-IV_CBGS_Dec-2017,2018-04-03T03:45:00.001000-07:00,https://vishwaniketanexam.blogspot.com/2018/04/revaluation-result-se-electrical_3.html,https://drive.google.com/file/d/1B6HkuLROHM3ZCfTB5QrPoBXd2duNrPqW/view?usp=sharing
Revaluation Result SE (Electrical Engg._Rev-2012)_Sem-III_CBGS_Dec-2017,2018-04-03T03:43:00.001000-07:00,https://vishwaniketanexam.blogspot.com/2018/04/revaluation-result-se-electrical.html,https://drive.google.com/file/d/1txA4wOubbsNlC6zTKzVzSl__1waqBGsQ/view?usp=sharing
Revaluation Result TE (ExTC Engg._Rev-2012)_Sem-VI_Dec-2017,2018-04-03T03:40:00.005000-07:00,https://vishwaniketanexam.blogspot.com/2018/04/revaluation-result-te-extc-enggrev.html,https://drive.google.com/file/d/1PGneAUXMAwyYUaJ_WtT1anAksQIxRAmH/view?usp=sharing
Revaluation Result SE (ExTC Engg._Rev-2012)_Sem-III_CBGS_Dec-2017,2018-04-03T03:38:00.001000-07:00,https://vishwaniketanexam.blogspot.com/2018/04/revaluation-result-se-extc-enggrev_3.html,https://drive.google.com/file/d/16xMxgadtvxNvsbU0fFxyKlb3zsGPeqxu/view?usp=sharing
Revaluation Result SE (ExTC Engg._Rev-2012)_Sem-IV_Dec-2017,2018-04-03T03:36:00.002000-07:00,https://vishwaniketanexam.blogspot.com/2018/04/revaluation-result-se-extc-enggrev.html,https://drive.google.com/file/d/1P0HF7SDUB_0IJjbOdk4eIeWAYbJuG8aK/view?usp=sharing
Revaluation Result SE (Computer Engg._Rev-2012)_Sem-IV_Dec-2017,2018-04-03T03:34:00-07:00,https://vishwaniketanexam.blogspot.com/2018/04/revaluation-result-se-computer-enggrev.html,https://drive.google.com/file/d/1gEPr6vbMwwjYP195NoJvm_5YmLjTYEoy/view?usp=sharing
Revaluation Result TE (Civil Engg._Rev-2012)_Sem-VI_Dec-2017,2018-04-02T04:09:00.004000-07:00,https://vishwaniketanexam.blogspot.com/2018/04/revaluation-result-te-civil-enggrev.html,https://drive.google.com/file/d/1U5_RXw4VWzS_s9iDyED0GoT2T4CzJiEC/view?usp=sharing
Revaluation Result TE (Computer Engg._Rev-2012)_sem-V_Dec-2017,2018-04-02T04:08:00-07:00,https://vishwaniketanexam.blogspot.com/2018/04/revaluation-result-te-computer-enggrev.html,https://drive.google.com/file/d/1HemMDkfdioneGWMsLkHpfbudaSDLek0A/view?usp=sharing
Revaluation Result T.E (ExTC Engg. Rev-2012)_Sem-V_Dec-2017,2018-04-02T04:05:00.001000-07:00,https://vishwaniketanexam.blogspot.com/2018/04/revaluation-result-te-extc-engg-rev.html,https://drive.google.com/file/d/1c1GMAxRUypWakQW7OSEurgo3FFyBHVTU/view?usp=sharing
Result BE (Mechanical Engg. Rev-2012)_Sem-VII_Dec-2017,2018-03-11T20:55:00.001000-07:00,https://vishwaniketanexam.blogspot.com/2018/03/result-be-mechanical-engg-rev-2012sem.html,https://drive.google.com/file/d/1r9kWN7L7j1PE5AJbzeAAHQBooEAF6clk/view?usp=sharing
Result BE (Civil Engg_R-2012) Sem-VII_Dec-2017,2018-03-07T23:19:00.001000-08:00,https://vishwaniketanexam.blogspot.com/2018/03/result-be-civil-enggr-2012-sem-viidec.html,https://drive.google.com/file/d/1NhDzYsiykJ8G3N5hI-ulhjQ6kP8u19Ds/view?usp=sharing
Result BE (Electrical Engg. Rev-2012)_Sem-VII_Dec-2017,2018-03-05T19:56:00.001000-08:00,https://vishwaniketanexam.blogspot.com/2018/03/result-be-electrical-engg-rev-2012sem.html,https://drive.google.com/file/d/1jOzrz4sKXnC2tbXADuf0v0EltEfEamtZ/view?usp=sharing
Result BE (ExTC Engg. Rev-2012)_Sem-VII_Dec-2017,2018-03-05T19:54:00.003000-08:00,https://vishwaniketanexam.blogspot.com/2018/03/result-be-extc-engg-rev-2012sem-viidec.html,https://drive.google.com/file/d/1dQA5byK2ZhICZEgjD3gvv5hbDB2Np5Mh/view?usp=sharing
Result BE (Computer Engg. Rev-2012)_Sem-VII_Dec-2017,2018-03-05T19:52:00.002000-08:00,https://vishwaniketanexam.blogspot.com/2018/03/result-be-computer-engg-rev-2012sem.html,https://drive.google.com/file/d/1i7x9pHEIsoCgXwAsH-1QakwVchPwkSZr/view?usp=sharing
Result FE (Rev-2016)_Sem-II_CBCS_Dec-2017,2018-03-05T19:49:00.002000-08:00,https://vishwaniketanexam.blogspot.com/2018/03/result-fe-rev-2016sem-iicbcsdec-2017.html,https://drive.google.com/file/d/1rqrKj6Xx8MRzbt3MB3kqm6Wg_1qc1xkW/view?usp=sharing
Result FE (Rev-2012)_Sem-II_CBGS_Dec-2017,2018-03-05T19:47:00.003000-08:00,https://vishwaniketanexam.blogspot.com/2018/03/result-fe-rev-2012sem-iicbgsdec-2017.html,https://drive.google.com/file/d/1wbIASdRpMfNC_JstZ9kFFe9ec3w4hAyr/view?usp=sharing
Result FE (Rev-2016)_Sem-I_CBCS_Dec-2017,2018-02-20T20:14:00.004000-08:00,https://vishwaniketanexam.blogspot.com/2018/02/result-fe-rev-2016sem-icbcsdec-2017.html,https://drive.google.com/file/d/1HnfIpjmOT_KQk-WAhWHs3saQb9lMZL7A/view?usp=sharing
Result TE (ExTC Engineering_R 2012)_Sem-VI_(CBGS)_Dec-2017,2018-02-19T23:20:00.001000-08:00,https://vishwaniketanexam.blogspot.com/2018/02/result-te-extc-engineeringr-2012sem_19.html,https://drive.google.com/file/d/1BYlzDre2Ycv3N05mB2FgIinA8z4rc7Qb/view?usp=sharing
Result TE (ExTC Engineering_R 2012)_Sem-V_(CBGS)_Dec-2017,2018-02-19T23:18:00.003000-08:00,https://vishwaniketanexam.blogspot.com/2018/02/result-te-extc-engineeringr-2012sem.html,https://drive.google.com/file/d/16_3Ayf4mBxhXZYmShEodKPwXQjYIG7I2/view?usp=sharing
Result SE (ExTC Engineering_R 2012)_Sem-IV_(CBGS)_Dec-2017,2018-02-19T23:17:00.001000-08:00,https://vishwaniketanexam.blogspot.com/2018/02/result-se-extc-engineeringr-2012sem_19.html,https://drive.google.com/file/d/1xyPUfJNNk75HM6wnxMbnIZQYl1n0Cpwm/view?usp=sharing
Result SE (ExTC Engineering_R 2012)_Sem-III_(CBGS)_Dec-2017,2018-02-19T23:15:00-08:00,https://vishwaniketanexam.blogspot.com/2018/02/result-se-extc-engineeringr-2012sem.html,https://drive.google.com/file/d/1iOx7F2V6HP-3-amUwCfBoHXumzJPsxYm/view?usp=sharing
Result SE (ExTC Engineering_R 2017)_Sem-III_(CBCS)_Dec-2017,2018-02-19T23:13:00.002000-08:00,https://vishwaniketanexam.blogspot.com/2018/02/result-se-extc-engineeringr-2017sem.html,https://drive.google.com/file/d/1ZjLV7Dj8dXmxHrb-kpjZhjyKAat4XJa7/view?usp=sharing
Revaluation Result F.E(Rev-2016_CBCS)_Sem-I_May-2017,2018-02-15T22:23:00.005000-08:00,https://vishwaniketanexam.blogspot.com/2018/02/revaluation-result-ferev-2016cbcssem.html,https://drive.google.com/file/d/1k9uFFBQGemhweVkgqEm3vkpOBcpEe1K4/view?usp=sharing
Revaluation Result F.E (Rev-2012_CBGS)_Sem-I_May-2017,2018-02-15T22:20:00-08:00,https://vishwaniketanexam.blogspot.com/2018/02/revaluation-result-fe-rev-2012cbgssem.html,https://drive.google.com/file/d/1aACxYdVE1edNcjb54toGdUzIk64XhJpg/view?usp=sharing
Result TE (Computer Engineering_R 2012)_Sem-VI_(CBGS)_Dec-2017,2018-02-15T02:12:00-08:00,https://vishwaniketanexam.blogspot.com/2018/02/result-te-computerengineeringr-2012sem.html,https://drive.google.com/file/d/149KhpGb-apkj6BQG3HteoQ8Np35HLlDP/view?usp=sharing
Result TE (Computer Engineering_R 2012)_Sem-V_(CBGS)_Dec-2017,2018-02-15T02:10:00.003000-08:00,https://vishwaniketanexam.blogspot.com/2018/02/result-te-computer-engineeringr-2012sem.html,https://drive.google.com/file/d/1_7LjktlBiamftD8IAXDmqLl8FeW2GRru/view?usp=sharing
Result SE (Computer Engineering_R 2012)_Sem-III_(CBGS)_Dec-2017,2018-02-15T02:09:00-08:00,https://vishwaniketanexam.blogspot.com/2018/02/result-se-computer-engineeringr-2012sem_15.html,https://drive.google.com/file/d/1Fj-dflHHyAiJZkcZb6rIIdyfWtqr_3um/view?usp=sharing
Result SE (Computer Engineering_R 2012)_Sem-IV_(CBGS)_Dec-2017,2018-02-15T02:07:00.001000-08:00,https://vishwaniketanexam.blogspot.com/2018/02/result-se-computer-engineeringr-2012sem.html,https://drive.google.com/file/d/1TvMMJ8LiKPSB4rDhbHqiWzJsLo-x9ChH/view?usp=sharing
Result SE (Computer Engineering_R 2017)_Sem-III_(CBCS)_Dec-2017,2018-02-15T02:05:00.002000-08:00,https://vishwaniketanexam.blogspot.com/2018/02/result-se-computer-engineeringr-2017sem.html,https://drive.google.com/file/d/1GNIwPv0rPLhVaN7StRhBiLgMXYJ90zOm/view?usp=sharing
Result F.E(Rev-2012)_Sem-I_CBGS_Dec-2017,2018-02-14T03:09:00-08:00,https://vishwaniketanexam.blogspot.com/2018/02/result-ferev-2012sem-icbgsdec-2017.html,https://drive.google.com/file/d/1AGYnFrOmUct9DAhP6SX1Mzq4rdHk8xJj/view?usp=sharing
Result B.E.(Computer Eng.Rev-2012)_Sem-VIII_Dec-2017,2018-02-13T21:23:00.004000-08:00,https://vishwaniketanexam.blogspot.com/2018/02/result-becomputer-engrev-2012sem.html,https://drive.google.com/file/d/1BGVo_AaGxmAmCliPvnCjnFWVzo3stG7q/view?usp=sharing
Result B.E.(Mechanical Eng.Rev-2012)_Sem-VIII_Dec-2017,2018-02-13T21:21:00.002000-08:00,https://vishwaniketanexam.blogspot.com/2018/02/result-bemechanical-engrev-2012sem.html,https://drive.google.com/file/d/1lMkXr2lw_HsIfUZGPu-NMdi6jRQA_E5P/view?usp=sharing
Result B.E.(Civil Engg.Rev-2012)_Sem-VIII_Dec-2017,2018-02-13T21:00:00.002000-08:00,https://vishwaniketanexam.blogspot.com/2018/02/click-here-and-see-result.html,https://drive.google.com/file/d/1ay-OA4X74__48JwvI24jhMUfeIrGSSC_/view?usp=sharing
Result TE (Civil Engineering_R 2012)_Sem-VI_(CBGS)_Dec-2017,2018-02-05T03:10:00-08:00,https://vishwaniketanexam.blogspot.com/2018/02/result-te-civil-engineeringr-2012sem_5.html,https://drive.google.com/file/d/14a9vwJ9AzEmQq2dFFQE2k_a49T7eRa_q/view?usp=sharing
Result TE (Civil Engineering_R 2012)_Sem-V_(CBGS)_Dec-2017,2018-02-05T03:09:00.001000-08:00,https://vishwaniketanexam.blogspot.com/2018/02/result-te-civil-engineeringr-2012sem.html,https://drive.google.com/file/d/1J5Ilon-Qv8Fgboaywoo8DlcDImtlsI5h/view?usp=sharing
Result SE (Civil Engineering_R 2012)_Sem-IV_(CBGS)_Dec-2017,2018-02-05T03:07:00.003000-08:00,https://vishwaniketanexam.blogspot.com/2018/02/result-se-civil-engineeringr-2012sem_5.html,https://drive.google.com/file/d/1AjdR-b1ElpaJNs0Bb7NvHSk2Fg6zmO0r/view?usp=sharing
Result SE (Civil Engineering_R 2012)_Sem-III_(CBGS)_Dec-2017,2018-02-05T03:06:00.003000-08:00,https://vishwaniketanexam.blogspot.com/2018/02/result-se-civil-engineeringr-2012sem.html,https://drive.google.com/file/d/1WUN6TOLvF5LVgatco64KeN0bumbjVFd_/view?usp=sharing
Result SE (Civil Engineering_R 2017)_Sem-III_(CBCS)_Dec-2017,2018-02-05T03:05:00.001000-08:00,https://vishwaniketanexam.blogspot.com/2018/02/result-se-civil-engineeringr-2017sem.html,https://drive.google.com/file/d/1HvGTalgiAbyJCzlwMkux3oW-3inEoG-B/view?usp=sharing
Result TE (Electrical Engineering_R 2012)_Sem-VI_(CBGS)_Dec-2017,2018-01-30T02:15:00.002000-08:00,https://vishwaniketanexam.blogspot.com/2018/01/result-te-electrical-engineeringr_30.html,https://drive.google.com/file/d/1jL2cPY6fRcWH5JooDbAqEw6fzkJEKse3/view?usp=sharing
Result TE (Electrical Engineering_R 2012)_Sem-V_(CBGS)_Dec-2017,2018-01-30T02:14:00-08:00,https://vishwaniketanexam.blogspot.com/2018/01/result-te-electrical-engineeringr.html,https://drive.google.com/file/d/1YYNhyCtH0yYLucTNSuZjfhsjkbL2uDv6/view?usp=sharing
Result SE (Electrical Engineering_R 2012)_Sem-IV_(CBGS)_Dec-2017,2018-01-30T02:13:00-08:00,https://vishwaniketanexam.blogspot.com/2018/01/result-se-electrical-engineeringr_55.html,https://drive.google.com/file/d/1Ep41Y6o60t_MslR5p7eX8J1EvEENDA-P/view?usp=sharing
Result SE (Electrical Engineering_R 2012)_Sem-III_(CBGS)_Dec-2017,2018-01-30T02:11:00.002000-08:00,https://vishwaniketanexam.blogspot.com/2018/01/result-se-electrical-engineeringr_30.html,https://drive.google.com/file/d/1ERWXHJCMw0S3_Q6BYvR7XBr-ptFtdgHY/view?usp=sharing
Result SE (Electrical Engineering_R 2017)_Sem-III_(CBCS)_Dec-2017,2018-01-30T02:09:00-08:00,https://vishwaniketanexam.blogspot.com/2018/01/result-se-electrical-engineeringr.html,https://drive.google.com/file/d/1EFjJ9MOlhK-P-GMWly5_iOywfhKLPJ2a/view?usp=sharing
Result TE (Mechanical Engineering_R 2012)_Sem-VI_(CBGS)_Dec-2017.pdf,2018-01-25T02:45:00.003000-08:00,https://vishwaniketanexam.blogspot.com/2018/01/result-te-mechanical-engineeringr_25.html,https://drive.google.com/file/d/1fdDBzEB7nm1sqHOHJjGdZ21JVTptMxgE/view?usp=sharing
Result TE (Mechanical Engineering_R 2012)_Sem-V_(CBGS)_Dec-2017.pdf,2018-01-25T02:44:00.003000-08:00,https://vishwaniketanexam.blogspot.com/2018/01/result-te-mechanical-engineeringr.html,https://drive.google.com/file/d/1b7zY3h4nDLr67LufexfQsmYGqeCDkWh9/view?usp=sharing
Result SE (Mechanical Engineering_R 2012)_Sem-IV_(CBGS)_Dec-2017.pdf,2018-01-25T02:43:00.003000-08:00,https://vishwaniketanexam.blogspot.com/2018/01/result-se-mechanical-engineeringr_47.html,https://drive.google.com/file/d/1Z1v1HEv0t7YxwPVSzFryLBhuT70MdKYy/view?usp=sharing
Result SE (Mechanical Engineering_R 2012)_Sem-III_(CBGS)_Dec-2017.pdf,2018-01-25T02:41:00.003000-08:00,https://vishwaniketanexam.blogspot.com/2018/01/result-se-mechanical-engineeringr_25.html,https://drive.google.com/file/d/1UIZXty2rfg73FcWSaGmSrrrrtR9NseTR/view?usp=sharing
Result SE (Mechanical Engineering_R 2017)_Sem-III_(Choice Based)_Dec-2017.pdf,2018-01-25T02:39:00.001000-08:00,https://vishwaniketanexam.blogspot.com/2018/01/result-se-mechanical-engineeringr.html,https://drive.google.com/file/d/1ry-_BY2a3v_Xu7el-acursh7iLSVlAGn/view?usp=sharing
Revaluation Result:(Computer Engineering-R-2012)_Sem-IV_May-2017,2017-10-04T04:18:00.003000-07:00,https://vishwaniketanexam.blogspot.com/2017/10/revaluation-resultcomputer-engineering_4.html,https://drive.google.com/file/d/0ByMIH_haspi7ZF9vcGRJMzJ1Mjg/view?usp=sharing
Revaluation Result:(Civil Engineering-R-2012)_Sem-IV_May-2017,2017-10-04T04:17:00-07:00,https://vishwaniketanexam.blogspot.com/2017/10/revaluation-resultcivil-engineering-r_84.html,https://drive.google.com/file/d/0ByMIH_haspi7UmJWSjk4RXJua3c/view?usp=sharing
Revaluation Result:(Civil Engineering-R-2012)_Sem-III_May-2017,2017-10-04T04:16:00.001000-07:00,https://vishwaniketanexam.blogspot.com/2017/10/revaluation-resultcivil-engineering-r_4.html,https://drive.google.com/file/d/0ByMIH_haspi7SG1UNEVWNWV5MUU/view?usp=sharing
Revaluation Result:(Mechanical Engineering-R-2012)_Sem-IV_May-2017,2017-10-04T04:14:00.002000-07:00,https://vishwaniketanexam.blogspot.com/2017/10/revaluation-resultmechanical_4.html,https://drive.google.com/file/d/0ByMIH_haspi7aXZwUjhNSDl3YjQ/view?usp=sharing
Revaluation Result:(Mechanical Engineering-R-2012)_Sem-VI_May-2017,2017-10-03T03:47:00.002000-07:00,https://vishwaniketanexam.blogspot.com/2017/10/revaluation-resultmechanical_3.html,https://drive.google.com/file/d/0ByMIH_haspi7ZnlRSEF2NTltMFU/view?usp=sharing
Result (RR Cases) (First Year Engineering_R 2012_CBCS)_Sem-II May-2017,2017-10-02T22:54:00.003000-07:00,https://vishwaniketanexam.blogspot.com/2017/10/result-rr-cases-first-year-engineeringr_17.html,https://drive.google.com/file/d/0ByMIH_haspi7bS1kV2ZtVm9TWDA/view?usp=sharing
Result (RR Cases) (First Year Engineering_R 2012_CBGS)_Sem-II May-2017,2017-10-02T22:53:00.003000-07:00,https://vishwaniketanexam.blogspot.com/2017/10/result-rr-cases-first-year-engineeringr_33.html,https://drive.google.com/file/d/0ByMIH_haspi7SEJEZC1IT011aTg/view?usp=sharing
Result (RR Cases) (First Year Engineering_R 2012_CBCS)_Sem-I May-2017,2017-10-02T22:52:00-07:00,https://vishwaniketanexam.blogspot.com/2017/10/result-rr-cases-first-year-engineeringr_2.html,https://drive.google.com/file/d/0ByMIH_haspi7cDBUdkdzN0lXUWc/view?usp=sharing
Result (RR Cases) (First Year Engineering_R 2012_ CBGS)_Sem-I May-2017,2017-10-02T22:50:00.004000-07:00,https://vishwaniketanexam.blogspot.com/2017/10/result-rr-cases-first-year-engineeringr.html,https://drive.google.com/file/d/0ByMIH_haspi7RUdIRi05UGtZeXM/view?usp=sharing
Revaluation Result:(Civil Engineering-R-2012)_Sem-VI_May-2017,2017-10-02T22:46:00.001000-07:00,https://vishwaniketanexam.blogspot.com/2017/10/revaluation-resultcivil-engineering-r_1.html,https://drive.google.com/file/d/0ByMIH_haspi7MmI3ZmdRaHhIMm8/view?usp=sharing
Revaluation Result:(Mechanical Engineering-R-2012)_Sem-V_May-2017,2017-10-02T03:52:00-07:00,https://vishwaniketanexam.blogspot.com/2017/10/revaluation-resultmechanical_2.html,https://drive.google.com/file/d/0ByMIH_haspi7bzV3bXJHMEFUWU0/view?usp=sharing
Revaluation Result:(Mechanical Engineering-R-2012)_Sem-III_May-2017,2017-10-02T03:50:00.002000-07:00,https://vishwaniketanexam.blogspot.com/2017/10/revaluation-resultmechanical.html,https://drive.google.com/file/d/0ByMIH_haspi7eUVhdkhCVXBsMFE/view?usp=sharing
Revaluation Result:(Civil Engineering-R-2012)_Sem-V_May-2017,2017-10-02T03:46:00.003000-07:00,https://vishwaniketanexam.blogspot.com/2017/10/revaluation-resultcivil-engineering-r.html,https://drive.google.com/file/d/0ByMIH_haspi7cWdTWGVxZHZjN2s/view?usp=sharing
Revaluation Result:(Computer Engineering-R-2012)_Sem-III_May-2017,2017-10-02T03:45:00-07:00,https://vishwaniketanexam.blogspot.com/2017/10/revaluation-resultcomputer-engineering.html,https://drive.google.com/file/d/0ByMIH_haspi7cWRHeHpsTVJ6U1E/view?usp=sharing
Revaluation Result:(Computer Engineering-R-2012)_Sem-VI_May-2017,2017-09-28T04:10:00.003000-07:00,https://vishwaniketanexam.blogspot.com/2017/09/revaluation-resultcomputer-engineering_28.html,https://drive.google.com/file/d/0ByMIH_haspi7ZDEtdFNWYXdJTlU/view?usp=sharing
Revaluation Result:(Computer Engineering-R-2012)_Sem-V_May-2017,2017-09-28T04:09:00.003000-07:00,https://vishwaniketanexam.blogspot.com/2017/09/revaluation-resultcomputer-engineering.html,https://drive.google.com/file/d/0ByMIH_haspi7VENsVTZOMTYxMkE/view?usp=sharing
Revaluation Result:(ExTC Engineering-R-2012)_Sem-VI_May-2017,2017-09-28T04:08:00.001000-07:00,https://vishwaniketanexam.blogspot.com/2017/09/revaluation-resultextc-engineering-r_42.html,https://drive.google.com/file/d/0ByMIH_haspi7eHQ5Vldwckotc00/view?usp=sharing
Revaluation Result:(ExTC Engineering-R-2012)_Sem-V_May-2017,2017-09-28T04:07:00-07:00,https://vishwaniketanexam.blogspot.com/2017/09/revaluation-resultextc-engineering-r_47.html,https://drive.google.com/file/d/0ByMIH_haspi7Y2Z4Y1E0VUlVQm8/view?usp=sharing
Revaluation Result:(ExTC Engineering-R-2012)_Sem-IV_May-2017,2017-09-28T04:06:00.001000-07:00,https://vishwaniketanexam.blogspot.com/2017/09/revaluation-resultextc-engineering-r_28.html,https://drive.google.com/file/d/0ByMIH_haspi7VGtWbnhNOUtyYTA/view?usp=sharing
Revaluation Result:(ExTC Engineering-R-2012)_Sem-III_May-2017,2017-09-28T04:05:00.003000-07:00,https://vishwaniketanexam.blogspot.com/2017/09/revaluation-resultextc-engineering-r.html,https://drive.google.com/file/d/0ByMIH_haspi7MEtwR1BKU3ZOMk0/view?usp=sharing
Revaluation Result:(Electrical Engineering-R-2012)_Sem-VI_May-2017,2017-09-28T04:03:00.003000-07:00,https://vishwaniketanexam.blogspot.com/2017/09/revaluation-resultelectrical_47.html,https://drive.google.com/file/d/0ByMIH_haspi7Q1pjaXpRamhKTWM/view?usp=sharing
Revaluation Result:(Electrical Engineering-R-2012)_Sem-IV_May-2017,2017-09-28T04:02:00-07:00,https://vishwaniketanexam.blogspot.com/2017/09/revaluation-resultelectrical_28.html,https://drive.google.com/file/d/0ByMIH_haspi7YnhRZHJoR0Y0QmM/view?usp=sharing
Revaluation Result:(Electrical Engineering-R-2012)_Sem-III_May-2017,2017-09-28T04:00:00-07:00,https://vishwaniketanexam.blogspot.com/2017/09/revaluation-resultelectrical.html,https://drive.google.com/file/d/0ByMIH_haspi7NFV2NGRRN25yeTg/view?usp=sharing
Result BE (Mechanical Engineering_R 2012)_Sem-VIII May-2017.pdf,2017-08-30T01:47:00.002000-07:00,https://vishwaniketanexam.blogspot.com/2017/08/result-be-mechanical-engineeringr_30.html,https://drive.google.com/file/d/0ByMIH_haspi7Yl9HYUpmNGlKVTg/view?usp=sharing
Result BE (Computer Engineering_R 2012)_Sem-VIII May-2017,2017-08-30T01:46:00.002000-07:00,https://vishwaniketanexam.blogspot.com/2017/08/result-be-computer-engineeringr-2012sem.html,https://drive.google.com/file/d/0ByMIH_haspi7aWNYWmg0dXZJUFU/view?usp=sharing
Result FE (First Year Engg. R-2012_Choiced Based)_Sem-II May-2017,2017-08-24T02:37:00.003000-07:00,https://vishwaniketanexam.blogspot.com/2017/08/result-fe-first-year-engg-r-2012choiced.html,https://drive.google.com/file/d/0ByMIH_haspi7cmZLQXhiRlVFaWc/view?usp=sharing
Result BE (ExTC Engineering_R 2012)_Sem-VIII May-2017,2017-08-23T03:45:00.001000-07:00,https://vishwaniketanexam.blogspot.com/2017/08/result-be-extc-engineeringr-2012sem.html,https://drive.google.com/file/d/0ByMIH_haspi7YTByUndGVURQM2M/view?usp=sharing
Result BE (Civil Engineering_R 2012)_Sem-VIII May-2017,2017-08-23T03:44:00.001000-07:00,https://vishwaniketanexam.blogspot.com/2017/08/result-be-civil-engineeringr-2012sem_23.html,https://drive.google.com/file/d/0ByMIH_haspi7eWlxSl9hc1VVNmM/view?usp=sharing
Result BE (ExTC Engineering_R-2012)_Sem-VII May-2017,2017-08-20T21:12:00.001000-07:00,https://vishwaniketanexam.blogspot.com/2017/08/result-be-extc-engineeringr-2012sem-vii.html,https://drive.google.com/file/d/0ByMIH_haspi7dEJaX2o0Z3VfUkU/view?usp=sharing
Result BE (Mechanical Engineering_R-2012)_Sem-VII May-2017,2017-08-20T21:10:00.003000-07:00,https://vishwaniketanexam.blogspot.com/2017/08/result-be-mechanical-engineeringr.html,https://drive.google.com/file/d/0ByMIH_haspi7T1VKMU9Rd3BoODg/view?usp=sharing
Result BE (Civil Engineering_R-2012)_Sem-VII May-2017,2017-08-20T21:09:00.003000-07:00,https://vishwaniketanexam.blogspot.com/2017/08/result-be-civil-engineeringr-2012sem.html,https://drive.google.com/file/d/0ByMIH_haspi7VHMzUm0zSjJWajg/view?usp=sharing
Result FE (First Year Engg. R-2012_CBGS)_Sem-II May-2017,2017-08-14T03:30:00.003000-07:00,https://vishwaniketanexam.blogspot.com/2017/08/result-fe-first-year-engg-r-2012cbgssem.html,https://drive.google.com/file/d/0ByMIH_haspi7VGxCUmJTdHhSaTQ/view?usp=sharing
Result BE (Computer Engineering_R2012)_Sem-VII May-2017,2017-08-14T02:19:00.002000-07:00,https://vishwaniketanexam.blogspot.com/2017/08/result-be-computer-engineeringr2012sem.html,https://drive.google.com/file/d/0ByMIH_haspi7MThYVnR3TVdNdlE/view?usp=sharing
Result: FE (First Year Engineering-R-2012_CBCS)_Sem-I_May-2017,2017-08-01T21:17:00.003000-07:00,https://vishwaniketanexam.blogspot.com/2017/08/result-fe-first-year-engineering-r_1.html,https://drive.google.com/file/d/0ByMIH_haspi7LUpqbkVXc05lcWs/view?usp=sharing
Result: FE (First Year Engineering-R-2012_CBGS)_Sem-I_May-2017,2017-08-01T21:16:00.001000-07:00,https://vishwaniketanexam.blogspot.com/2017/08/result-fe-first-year-engineering-r.html,https://drive.google.com/file/d/0ByMIH_haspi7amZMYkhMMTlxV2s/view?usp=sharing
Result:TE(Civil Engineering- R-2012)_Sem-VI_May-2017 ,2017-07-28T03:26:00.001000-07:00,https://vishwaniketanexam.blogspot.com/2017/07/resulttecivil-engineering-r-2012sem_28.html,https://drive.google.com/file/d/0ByMIH_haspi7UnU0MzNkcTV0QTg/view?usp=sharing
Result:TE(Civil Engineering- R-2012)_Sem-V_May-2017 ,2017-07-28T03:25:00.001000-07:00,https://vishwaniketanexam.blogspot.com/2017/07/resulttecivil-engineering-r-2012sem.html,https://drive.google.com/file/d/0ByMIH_haspi7MmRleWhWMGlqUjA/view?usp=sharing
Result:SE(Civil Engineering- R-2012)_Sem-IV_May-2017 ,2017-07-28T03:23:00.002000-07:00,https://vishwaniketanexam.blogspot.com/2017/07/resultsecivil-engineering-r-2012sem_28.html,https://drive.google.com/file/d/0ByMIH_haspi7NmRTdHB1dm5JQkk/view?usp=sharing
Result:SE(Civil Engineering- R-2012)_Sem-III_May-2017 ,2017-07-28T03:22:00.003000-07:00,https://vishwaniketanexam.blogspot.com/2017/07/resultsecivil-engineering-r-2012sem.html,https://drive.google.com/file/d/0ByMIH_haspi7eGhFRm11TFQzOVE/view?usp=sharing
Result:TE(Mechanical Engineering- R-2012)_Sem-VI_May-2017 ,2017-07-21T02:55:00.003000-07:00,https://vishwaniketanexam.blogspot.com/2017/07/resulttemechanical-engineering-r_21.html,https://drive.google.com/file/d/0ByMIH_haspi7R0E3dHJGQ1RQUVk/view?usp=sharing
Result:TE(Mechanical Engineering- R-2012)_Sem-V_May-2017 ,2017-07-21T02:54:00.002000-07:00,https://vishwaniketanexam.blogspot.com/2017/07/resulttemechanical-engineering-r.html,https://drive.google.com/file/d/0ByMIH_haspi7ZlM0VFE2MDBxc0U/view?usp=sharing
Result:SE(Mechanical Engineering- R-2012)_Sem-IV_May-2017 ,2017-07-21T02:53:00.001000-07:00,https://vishwaniketanexam.blogspot.com/2017/07/resultsemechanical-engineering-r_21.html,https://drive.google.com/file/d/0ByMIH_haspi7TG9qSnN0QVNyYVU/view?usp=sharing
Result:SE(Mechanical Engineering- R-2012)_Sem-III_May-2017 ,2017-07-21T02:46:00-07:00,https://vishwaniketanexam.blogspot.com/2017/07/resultsemechanical-engineering-r.html,https://drive.google.com/file/d/0ByMIH_haspi7WFNYQ082TUN6WGM/view?usp=sharing
Result:TE(ExTC Engineering- R-2012)_Sem-VI_May-2017 ,2017-07-18T02:44:00.003000-07:00,https://vishwaniketanexam.blogspot.com/2017/07/resultteextc-engineering-r-2012sem.html,https://drive.google.com/file/d/0ByMIH_haspi7OVZ0WlhBZ2FtV1U/view?usp=sharing
Result:TE(ExTC Engineering- R-2012)_Sem-V_May-2017 ,2017-07-18T02:43:00.003000-07:00,https://vishwaniketanexam.blogspot.com/2017/07/resultteextc-engineering-r-2012sem-vmay.html,https://drive.google.com/file/d/0ByMIH_haspi7R2ltUlpVMlBDazg/view?usp=sharing
Result:SE(ExTC Engineering- R-2012)_Sem-IV_May-2017 ,2017-07-18T02:39:00-07:00,https://vishwaniketanexam.blogspot.com/2017/07/resultseextc-engineering-r-2012sem_18.html,https://drive.google.com/file/d/0ByMIH_haspi7VmRtN3l3N3VGTGc/view?usp=sharing
Result:SE(ExTC Engineering- R-2012)_Sem-III_May-2017 ,2017-07-18T02:37:00.003000-07:00,https://vishwaniketanexam.blogspot.com/2017/07/resultseextc-engineering-r-2012sem.html,https://drive.google.com/file/d/0ByMIH_haspi7OUxIZ1dhZWhQQlE/view?usp=sharing
Result:TE(Electrical Engineering- R-2012)_Sem-VI_May-2017 ,2017-07-14T03:22:00.003000-07:00,https://vishwaniketanexam.blogspot.com/2017/07/resultteelectrical-engineering-r_14.html,https://drive.google.com/file/d/0ByMIH_haspi7UURFZVI2M0I1Mnc/view?usp=sharing
Result:TE(Electrical Engineering- R-2012)_Sem-V_May-2017 ,2017-07-14T03:21:00.003000-07:00,https://vishwaniketanexam.blogspot.com/2017/07/resultteelectrical-engineering-r.html,https://drive.google.com/file/d/0ByMIH_haspi7aHdqMDAtTGhMV00/view?usp=sharing
Result : SE (Electrical Engineering- R-2012)_Sem-IV_May-2017 ,2017-07-14T03:20:00.004000-07:00,https://vishwaniketanexam.blogspot.com/2017/07/result-se-electrical-engineering-r_14.html,https://drive.google.com/file/d/0ByMIH_haspi7V1dqY0JraUlnY2c/view?usp=sharing
Result SE (Electrical Engineering- R-2012)_Sem-III_May-2017 ,2017-07-14T03:19:00.001000-07:00,https://vishwaniketanexam.blogspot.com/2017/07/result-se-electrical-engineering-r.html,https://drive.google.com/file/d/0ByMIH_haspi7akxMR1BQNGZSUnc/view?usp=sharing
Result:TE(Computer Engineering-R-2012)_Sem-VI_May-2017,2017-07-12T21:32:00.002000-07:00,https://vishwaniketanexam.blogspot.com/2017/07/resultcomputer-engineering-r-2012sem_5.html,https://drive.google.com/file/d/0ByMIH_haspi7Nl93dFNHOVdjZmM/view?usp=sharing
Result:T.E.(Computer Engineering-R-2012)_Sem-V_May-2017,2017-07-12T21:30:00.003000-07:00,https://vishwaniketanexam.blogspot.com/2017/07/resultcomputer-engineering-r-2012sem_6.html,https://drive.google.com/file/d/0ByMIH_haspi7YXhCZzhfVHFKOEE/view?usp=sharing
Result:SE(Computer Engineering-R-2012)_Sem-IV_May-2017,2017-07-12T21:28:00.003000-07:00,https://vishwaniketanexam.blogspot.com/2017/07/resultcomputer-engineering-r-2012sem_12.html,https://drive.google.com/file/d/0ByMIH_haspi7SUNaYjROOTVjQnM/view?usp=sharing
Result:SE(Computer Engineering-R-2012)_Sem-III_May-2017,2017-07-12T21:27:00.001000-07:00,https://vishwaniketanexam.blogspot.com/2017/07/resultcomputer-engineering-r-2012sem.html,https://drive.google.com/file/d/0ByMIH_haspi7bC1wVWVnNktubGs/view?usp=sharing
Revaluation Result:(Civil Engineering-R-2012)_Sem-IV_Dec-2016,2017-04-13T04:12:00.003000-07:00,https://vishwaniketanexam.blogspot.com/2017/04/revaluation-resultcivil-engineering-r.html,https://drive.google.com/file/d/0ByMIH_haspi7REVQRGxUbkR0cW8/view?usp=sharing
Revaluation Result (Civil Engineering-R-2012)_Sem-III_Dec-2016,2017-04-12T03:43:00.003000-07:00,https://vishwaniketanexam.blogspot.com/2017/04/revaluation-result-civil-engineering-r_12.html,https://drive.google.com/file/d/0ByMIH_haspi7RkdKNndhSmRtZE0/view?usp=sharing
Revaluation Result (Computer Engineering-R-2012)_Sem-III_Dec-2016,2017-04-08T04:10:00.002000-07:00,https://vishwaniketanexam.blogspot.com/2017/04/revaluation-result-computer-engineering.html,https://drive.google.com/file/d/0ByMIH_haspi7ZXc5dkJwZG1FeDg/view?usp=sharing
Revaluation Result (Civil Engineering-R-2012)_Sem-VI_Dec-2016,2017-04-08T04:08:00.002000-07:00,https://vishwaniketanexam.blogspot.com/2017/04/revaluation-result-civil-engineering-r_8.html,https://drive.google.com/file/d/0ByMIH_haspi7Vm1pakZoaXhjZGM/view?usp=sharing
Revaluation Result (Civil Engineering-R-2012)_Sem-V_Dec-2016,2017-04-08T04:07:00.004000-07:00,https://vishwaniketanexam.blogspot.com/2017/04/revaluation-result-civil-engineering-r.html,https://drive.google.com/file/d/0ByMIH_haspi7aVBtNkgzTUUxb2c/view?usp=sharing
Revaluation Result:(Mechanical Engineering-R-2012)_Sem-V_Dec-2016,2017-03-31T03:38:00.002000-07:00,https://vishwaniketanexam.blogspot.com/2017/03/revaluation-resultmechanical_9.html,https://drive.google.com/file/d/0ByMIH_haspi7eUpNNVVKa1RqbTQ/view?usp=sharing
Revaluation Result:(Mechanical Engineering-R-2012)_Sem-IV_Dec-2016,2017-03-31T03:36:00.001000-07:00,https://vishwaniketanexam.blogspot.com/2017/03/revaluation-resultmechanical_77.html,https://drive.google.com/file/d/0ByMIH_haspi7UC1YQ0hjY2NEdjQ/view?usp=sharing
Revaluation Result:(Mechanical Engineering-R-2012)_Sem-III_Dec-2016,2017-03-31T03:32:00.003000-07:00,https://vishwaniketanexam.blogspot.com/2017/03/revaluation-resultmechanical_31.html,https://drive.google.com/file/d/0ByMIH_haspi7OUdCYnNZdVg0cU0/view?usp=sharing
Revaluation Result:(Computer Engineering-R-2012)_Sem-V_Dec-2016,2017-03-31T03:30:00.001000-07:00,https://vishwaniketanexam.blogspot.com/2017/03/revaluation-resultcomputer-engineering_31.html,https://drive.google.com/file/d/0ByMIH_haspi7ZXlueDdPaGpvZ2c/view?usp=sharing
Revaluation Result:(ExTC Engineering-R-2012)_Sem-IV_Dec-2016,2017-03-31T03:27:00.002000-07:00,https://vishwaniketanexam.blogspot.com/2017/03/revaluation-resultextc-engineering-r_66.html,https://drive.google.com/file/d/0ByMIH_haspi7Y1JLN3hmS1FLdHM/view?usp=sharing
Revaluation Result:(ExTC Engineering-R-2012)_Sem-III_Dec-2016,2017-03-31T03:26:00.001000-07:00,https://vishwaniketanexam.blogspot.com/2017/03/revaluation-resultextc-engineering-r_31.html,https://drive.google.com/file/d/0ByMIH_haspi7Z0dvRS11YWszamc/view?usp=sharing
Revaluation Result (Electrical Engineering-R-2012)_Sem-IV_Dec-2016,2017-03-29T04:20:00.001000-07:00,https://vishwaniketanexam.blogspot.com/2017/03/revaluation-result-electrical.html,https://drive.google.com/file/d/0ByMIH_haspi7U0NLYW50emJmeE0/view?usp=sharing
Revaluation Result:(Mechanical Engineering-R-2012)_Sem-VI_Dec-2016,2017-03-27T04:48:00.003000-07:00,https://vishwaniketanexam.blogspot.com/2017/03/revaluation-resultmechanical.html,https://drive.google.com/file/d/0ByMIH_haspi7cE1BSkpYVVl6M2s/view?usp=sharing
Revaluation Result:(ExTC Engineering-R-2012)_Sem-V_Dec-2016,2017-03-27T04:47:00.003000-07:00,https://vishwaniketanexam.blogspot.com/2017/03/revaluation-resultextc-engineering-r.html,https://drive.google.com/file/d/0ByMIH_haspi7cnRoVnBSNzFCcE0/view?usp=sharing
Revaluation Result:(Electrical Engineering-R-2012)_Sem-V_Dec-2016,2017-03-27T04:46:00.002000-07:00,https://vishwaniketanexam.blogspot.com/2017/03/revaluation-resultelectrical.html,https://drive.google.com/file/d/0ByMIH_haspi7MmpIb0pCWFZoN1U/view?usp=sharing
Revaluation Result:(Computer Engineering-R-2012)_Sem-IV_Dec-2016,2017-03-27T04:44:00.003000-07:00,https://vishwaniketanexam.blogspot.com/2017/03/revaluation-resultcomputer-engineering_27.html,https://drive.google.com/file/d/0ByMIH_haspi7XzJzWkVfOUg0M0E/view?usp=sharing
Revaluation Result:(Electrical Engineering-R-2012)_Sem-III_Dec-2016,2017-03-27T04:41:00.003000-07:00,https://vishwaniketanexam.blogspot.com/2017/03/revaluation-resultcomputer-engineering.html,https://drive.google.com/file/d/0ByMIH_haspi7LTA5MndmbFB5ODg/view?usp=sharing
Result: BE (Civil Engineering (CBGS) )_Sem-VII_Dec-2016,2017-03-21T20:35:00-07:00,https://vishwaniketanexam.blogspot.com/2017/03/result-be-civil-engineering-cbgs-sem.html,https://drive.google.com/file/d/0ByMIH_haspi7ZkxybTBvVllDV1E/view?usp=sharing
Time Table Exam First Half  May/June-2017 BE_Sem-VIII_CBGS,2017-03-17T23:49:00.003000-07:00,https://vishwaniketanexam.blogspot.com/2017/03/time-table-exam-first-half-mayjune-2017_86.html,https://drive.google.com/file/d/0ByMIH_haspi7ZkVWSGMwdUxvWjQ/view?usp=sharing
Time Table Exam First Half  May/June-2017 BE_Sem-VII_CBGS,2017-03-17T23:48:00.003000-07:00,https://vishwaniketanexam.blogspot.com/2017/03/time-table-exam-first-half-mayjune-2017_57.html,https://drive.google.com/file/d/0ByMIH_haspi7azlDZnJOeTE1SXM/view?usp=sharing
Time Table Exam First Half May/June-2017 TE_Sem-VI_CBGS,2017-03-17T23:43:00.001000-07:00,https://vishwaniketanexam.blogspot.com/2017/03/time-table-exam-first-half-mayjune-2017_17.html,https://drive.google.com/file/d/0ByMIH_haspi7d01mUExWbkVuQU0/view?usp=sharing
Time Table Exam First Half May/June-2017 TE_Sem-V_CBGS,2017-03-17T23:41:00.002000-07:00,https://vishwaniketanexam.blogspot.com/2017/03/time-table-exam-first-halr-mayjune-2017.html,https://drive.google.com/file/d/0ByMIH_haspi7d01mUExWbkVuQU0/view?usp=sharing
Time Table Exam First Half May/June-2017 SE_Sem-IV_CBGS,2017-03-16T20:53:00.003000-07:00,https://vishwaniketanexam.blogspot.com/2017/03/time-table-exam-first-half-mayjune-2017_14.html,https://drive.google.com/file/d/0ByMIH_haspi7MWU5QnEtM2J5Mmc/view?usp=sharing
Time Table Exam First Half May/June-2017 SE_Sem-III_CBGS,2017-03-16T20:51:00.002000-07:00,https://vishwaniketanexam.blogspot.com/2017/03/time-table-exam-first-half-mayjune-2017_16.html,https://drive.google.com/file/d/0ByMIH_haspi7aFJjVXVhN1FZN28/view?usp=sharing
Time Table Exam First Half May/June-2017 FE Sem-II (CBSGS & CBCGS),2017-03-15T22:48:00-07:00,https://vishwaniketanexam.blogspot.com/2017/03/time-table-exam-first-half-mayjune-2017_18.html,https://drive.google.com/file/d/0ByMIH_haspi7X3plYkpCTklTb3c/view?usp=sharing
Time Table Exam First Half May/June-2017 FE Sem-I (CBSGS),2017-03-15T22:46:00.002000-07:00,https://vishwaniketanexam.blogspot.com/2017/03/time-table-exam-first-half-mayjune-2017_15.html,https://drive.google.com/file/d/0ByMIH_haspi7WEJwTkFvdTN2Q00/view?usp=sharing
Time Table Exam First Half May/June-2017 FE Sem-I (CBCGS),2017-03-15T22:44:00.002000-07:00,https://vishwaniketanexam.blogspot.com/2017/03/time-table-exam-first-half-mayjune-2017.html,https://drive.google.com/file/d/0ByMIH_haspi7TUk1MGNpcnFZYUU/view?usp=sharing
Result: FE (First Year Engineering (CBCS) )_Sem-I_Dec-2016,2017-03-08T22:01:00.001000-08:00,https://vishwaniketanexam.blogspot.com/2017/03/result-fe-first-year-engineering-cbcs.html,https://drive.google.com/file/d/0ByMIH_haspi7a3pmejZTQlMwN0k/view?usp=sharing
Result: FE (First Year Engineering (CBGS) )_Sem-I_Dec-2016,2017-03-08T02:33:00.002000-08:00,https://vishwaniketanexam.blogspot.com/2017/03/result-fe-first-year-engineering-cbgs.html,https://drive.google.com/file/d/0ByMIH_haspi7aTZ1aGdVMzVxWlE/view?usp=sharing
Result: BE (Mechanical Engineering (CBGS) )_sem-VII_Dec-2016,2017-03-08T02:31:00-08:00,https://vishwaniketanexam.blogspot.com/2017/03/result-be-mechanical-engineering-cbgs.html,https://drive.google.com/file/d/0ByMIH_haspi7SzRQRHVrZXkyenc/view?usp=sharing
Result: BE (ExTC Engineering (CBGS) )_Sem-VII_Dec-2016,2017-03-01T19:37:00.001000-08:00,https://vishwaniketanexam.blogspot.com/2017/03/result-be-extc-engineering-cbgs-sem.html,https://drive.google.com/file/d/0ByMIH_haspi7S3pnR1k0M1VadVE/view?usp=sharing
Result: FE (First Year Engineering-R-2012)_Sem-II_Dec-2016,2017-02-28T20:35:00.003000-08:00,https://vishwaniketanexam.blogspot.com/2017/02/result-fe-first-engineering-r-2012sem.html,https://drive.google.com/file/d/0ByMIH_haspi7emYwMEJxN3VCV0U/view?usp=sharing
Result: BE (Computer Engineering-(CBGS))_Sem-VII_Dec-2016 (Without Revaluation),2017-02-28T20:28:00.002000-08:00,https://vishwaniketanexam.blogspot.com/2017/02/result-be-computer-engineering-cbgssem.html,https://drive.google.com/file/d/0ByMIH_haspi7ZlYzc1dCRmxuVDA/view?usp=sharing
Result SE (Computer Engineering- R-2012)_Sem-III_Dec-2016 (Without Revaluation),2017-02-28T20:24:00.001000-08:00,https://vishwaniketanexam.blogspot.com/2017/02/result-se-computer-engineering-r.html,https://drive.google.com/file/d/0ByMIH_haspi7c0RSS2RESEtVU1U/view?usp=sharing
Result: SE (Civil Engineering-R-2012)_Sem-III_Dec-2016 (WITHOUT REVALUATION),2017-02-11T02:24:00.003000-08:00,https://vishwaniketanexam.blogspot.com/2017/02/result-se-civil-engineering-r-2012sem.html,https://drive.google.com/file/d/0ByMIH_haspi7RjdkTjZ0RXlmT3c/view?usp=sharing
Result: SE (Electrical Engineering-R-2012)_Sem-III_Dec-2016 (WITHOUT REVALUATION),2017-02-10T02:07:00.002000-08:00,https://vishwaniketanexam.blogspot.com/2017/02/result-se-electrical-engineering-r.html,https://drive.google.com/file/d/0ByMIH_haspi7b2VVRU0tOE5Sbk0/view?usp=sharing
Result: SE (ExTC Engineering-R-2012)_Sem-III_Dec-2016 (WITHOUT REVALUATION),2017-02-10T01:58:00.003000-08:00,https://vishwaniketanexam.blogspot.com/2017/02/result-se-extc-engineering-r-2012sem.html,https://drive.google.com/file/d/0ByMIH_haspi7Y2RHNnJqVE5Mc0U/view?usp=sharing
Result: TE (Mechanical Engineering-R-2012)_Sem-V_Dec-2016 (WITHOUT REVALUATION),2017-02-10T01:45:00.003000-08:00,https://vishwaniketanexam.blogspot.com/2017/02/result-te-mechanical-engineering-r.html,https://drive.google.com/file/d/0ByMIH_haspi7WGVBbUJBUUx1WDQ/view?usp=sharing
Result: TE (ExTC Department-R-2012)_Sem-V_Dec-2016 (WITHOUT REVALUATION),2017-02-10T01:43:00-08:00,https://vishwaniketanexam.blogspot.com/2017/02/result-te-extc-department-r-2012sem.html,https://drive.google.com/file/d/0ByMIH_haspi7dGlsOFJnZEdJNTA/view?usp=sharing
Result: TE (Civil Engineering-R-2012)_Sem-V_Dec-2016(WITHOUT REVALUATION),2017-02-10T01:39:00.001000-08:00,https://vishwaniketanexam.blogspot.com/2017/02/result-te-civil-engineering-r-2012sem.html,https://drive.google.com/file/d/0ByMIH_haspi7b2hjQTRDaU5Ickk/view?usp=sharing
Result: TE (Electrical Engineering R-2012)_Sem-V_Dec-2016 (WITHOUT REVALUATION),2017-02-10T01:21:00.001000-08:00,https://vishwaniketanexam.blogspot.com/2017/02/result-te-electrical-engineering-r.html,https://drive.google.com/file/d/0ByMIH_haspi7Q24zeWZHcmlYOVk/view?usp=sharing
Result: TE (Computer Engineering R-2012)_Sem_V_Dec-2016 (WITHOUT REVALUATION),2017-02-10T01:16:00.002000-08:00,https://vishwaniketanexam.blogspot.com/2017/02/blog-post_10.html,https://drive.google.com/file/d/0ByMIH_haspi7OVFJc3pqOWVtLW8/view?usp=sharing
Result: SE(Mechanical Engineering-R-2012)_Sem-III_Dec-2016 (WITHOUT REVALUATION),2017-02-09T02:22:00.003000-08:00,https://vishwaniketanexam.blogspot.com/2017/02/result-seextc-engineering-r-2012sem.html,https://drive.google.com/file/d/0ByMIH_haspi7eDdtVXIyclUxQjg/view?usp=sharing
Formation of vishwaniketanexam.blogspot.com ,2017-02-09T01:20:00.002000-08:00,https://vishwaniketanexam.blogspot.com/2017/02/formation-of-vishwaniketanexamblogspotc.html,
