year,post_date,title,result_link
2026,2026-04-16,Revaluation Result SE (Mechanical Engg. R-2019)_Sem-IV_ ATKT _'C' Scheme_CBCS_Winter-2025,https://vishwaniketaneduin-my.sharepoint.com/:b:/g/personal/exam_vimeet_vishwaniketan_edu_in/IQBImq-ot5tuSZIQNz49xxloAd42ypGk38yerHJsTQ5aYfk?e=gkuNzg
2026,,Revaluation Result SE (Mechanical Engg. R-2019)_Sem-III_ ATKT _'C' Scheme_CBCS_Winter-2025,https://vishwaniketaneduin-my.sharepoint.com/:b:/g/personal/exam_vimeet_vishwaniketan_edu_in/IQBDwXLBCUbDRJ_nA487iaMRARwQ-oF8NG1D-GcX0wMTUDU?e=ZTfK26
2026,2026-04-15,Revaluation Result SE (Electrical Engg. R-2019)_Sem-IV_ ATKT _'C' Scheme_CBCS_Winter-2025,https://vishwaniketaneduin-my.sharepoint.com/:b:/g/personal/exam_vimeet_vishwaniketan_edu_in/IQAkr_6SYMwbS4D7s65H5OTWAXt77UWlT0wyxPsXkfCwtso?e=5GRtvb
2026,,Revaluation Result SE (Electrical Engg. R-2019)_Sem-III_ ATKT _'C' Scheme_CBCS_Winter-2025,https://vishwaniketaneduin-my.sharepoint.com/:b:/g/personal/exam_vimeet_vishwaniketan_edu_in/IQCfQ5NOWFZFQavtsif0vAtyAWHfuAEO08Wo1irDWSPyZq4?e=AeMhQT
2026,,Revaluation Result TE (CIVIL Engg. R-2019)_Sem-VI_ KT _'C' Scheme_CBCS_Winter-2025,https://vishwaniketaneduin-my.sharepoint.com/:b:/g/personal/exam_vimeet_vishwaniketan_edu_in/IQCu10ZVqNv3Qq1dE2ERGKbOAYJ9GT1DPaS9DoP8OI8lL1Q?e=m20xah
2026,,Revaluation Result SE (CIVIL Engg. R-2019)_Sem-III_ KT _'C' Scheme_CBCS_Winter-2025,https://vishwaniketaneduin-my.sharepoint.com/:b:/g/personal/exam_vimeet_vishwaniketan_edu_in/IQCMGRvwAI99R4dU2QK-O0AZAdnZdxwhr3XxOwZY8vO6yJ4?e=UVKj0A
2026,,Revaluation Result SE (CIVIL Engg. R-2019)_Sem-IV_ KT _'C' Scheme_CBCS_Winter-2025,https://vishwaniketaneduin-my.sharepoint.com/:b:/g/personal/exam_vimeet_vishwaniketan_edu_in/IQDrb2ZdQgoVQIAUhuoAV7NVAYYvQeSB1T-XSxCgZPBb5-M?e=zCtwg2
2026,,Revaluation Result TE (CIVIL Engg. R-2019)_Sem-V_ Regular _'C' Scheme_CBCS_Winter-2025,https://vishwaniketaneduin-my.sharepoint.com/:b:/g/personal/exam_vimeet_vishwaniketan_edu_in/IQDsUtTCkhA8QKhHSJ230dtLATvwRY6F2sw5D0r16r1sG8E?e=aUfPw9
2026,,Revaluation Result TE (CIVIL Engg. R-2019)_Sem-V_ ATKT _'C' Scheme_CBCS_Winter-2025,https://vishwaniketaneduin-my.sharepoint.com/:b:/g/personal/exam_vimeet_vishwaniketan_edu_in/IQD_Ai9tzb1OSYmHE9qtVFKAAT0mvivbVqHcCmlJ-qmA4u8?e=c1NeIs
2026,,Revaluation Result TE (ExTC Engg. R-2019)_Sem-V_ ATKT _'C' Scheme_CBCS_Winter-2025,https://vishwaniketaneduin-my.sharepoint.com/:b:/g/personal/exam_vimeet_vishwaniketan_edu_in/IQDSCyhD_6x7TL-yaLbKEBqMAaaOvMNCbbe_Ej62UWeLQqI?e=CkqJfp
2026,,Revaluation Result TE (ExTC Engg. R-2019)_Sem-V_ Regular _'C' Scheme_CBCS_Winter-2025,https://vishwaniketaneduin-my.sharepoint.com/:b:/g/personal/exam_vimeet_vishwaniketan_edu_in/IQChc5OedOSuSYesm2_15ZexAUJz009oQZYAUyqYu4l7EQY?e=Tnz5Rm
2026,,Revaluation Result TE (Electrical Engg. R-2019)_Sem-V_ Regular _'C' Scheme_CBCS_Winter-2025,https://vishwaniketaneduin-my.sharepoint.com/:b:/g/personal/exam_vimeet_vishwaniketan_edu_in/IQCGBrtNUM2WRZGPN24ovn6uAZH-niFmT6BFhnx7_9k9M8E?e=g7vQXr
2026,,Revaluation Result TE (Electrical Engg. R-2019)_Sem-V_ ATKT _'C' Scheme_CBCS_Winter-2025,https://vishwaniketaneduin-my.sharepoint.com/:b:/g/personal/exam_vimeet_vishwaniketan_edu_in/IQD8KcVOVWtgSbeglSn_ypwBASM_QXCrdCit2rubM0NRwaI?e=JQSL37
2026,2026-04-07,Revaluation Result TE (Electrical Engg. R-2019)_Sem-VI_ ATKT _'C' Scheme_CBCS_Winter-2025,https://vishwaniketaneduin-my.sharepoint.com/:b:/g/personal/exam_vimeet_vishwaniketan_edu_in/IQCJrTsao3qfQoS-7oHUPPcaAUX1FDfQUzreAsVdnrbG2XQ?e=W8CwMj
2026,,Revaluation Result SE (EXTC Engg. R-2019)_Sem-III_ ATKT _'C' Scheme_CBCS_Winter-2025,https://vishwaniketaneduin-my.sharepoint.com/:b:/g/personal/exam_vimeet_vishwaniketan_edu_in/IQB7fO5lMDomRa983gZAF69UAUkxsDT64opPEA3Cokevvhw?e=yT7Siz
2026,,Revaluation Result SE (EXTC Engg. R-2019)_Sem-IV_ ATKT _'C' Scheme_CBCS_Winter-2025,https://vishwaniketaneduin-my.sharepoint.com/:b:/g/personal/exam_vimeet_vishwaniketan_edu_in/IQC6qXXd8kx6R5wKjma69bGPAdpjSa21rQsfT9iXkHioSfs?e=r89DXF
2026,,Revaluation Result TE (Mechanical Engg. R-2019)_Sem-VI_ ATKT _'C' Scheme_CBCS_Winter-2025,https://vishwaniketaneduin-my.sharepoint.com/:b:/g/personal/exam_vimeet_vishwaniketan_edu_in/IQBhlrhXX9rDTZeaWYsv9TxzAaCaMj79sdxDd0h15jXChPY?e=XKIcXV
2026,,Revaluation Result TE (Mechanical Engg. R-2019)_Sem-V_ ATKT _'C' Scheme_CBCS_Winter-2025,https://vishwaniketaneduin-my.sharepoint.com/:b:/g/personal/exam_vimeet_vishwaniketan_edu_in/IQB-MHQEi7asRrlRLqYWhEztAez18Zxl6RC-0Fac5y52WqU?e=7shfWt
2026,,Revaluation Result TE (Mechanical Engg. R-2019)_Sem-V_ Regular _'C' Scheme_CBCS_Winter-2025,https://vishwaniketaneduin-my.sharepoint.com/:b:/g/personal/exam_vimeet_vishwaniketan_edu_in/IQBCQe8VwJ0qTb-pnp7L7BTSAdlRZuLveb1-enpaumZ0JUA?e=qDlKvu
2026,,Revaluation Result TE (Computer Engg. R-2019)_Sem-V_ Regular _'C' Scheme_CBCS_Winter-2025,https://vishwaniketaneduin-my.sharepoint.com/:b:/g/personal/exam_vimeet_vishwaniketan_edu_in/IQAzwlKcVBy8SbDpZyIkoOKMAZIHhxESZ8eiPi10rkcQLN0?e=cEKda6
2026,,Revaluation Result SE (Computer Engg. R-2019)_Sem-III_ ATKT _'C' Scheme_CBCS_Winter-2025,https://vishwaniketaneduin-my.sharepoint.com/:b:/g/personal/exam_vimeet_vishwaniketan_edu_in/IQBrMOPZSHeBRYflyV9PAcoCAUGhOf7H9jQcUuPDppT8GCg?e=u6CnBX
2026,,Revaluation Result TE (CSE(AI & ML) Engg. R-2019)_Sem-V_ Regular _'C' Scheme_CBCS_Winter-2025,https://vishwaniketaneduin-my.sharepoint.com/:b:/g/personal/exam_vimeet_vishwaniketan_edu_in/IQBDgS36QWnORLr_A0EHn0OTAQCj-ESrf4PP3omkfg46uTc?e=2334CW
2026,,Revaluation Result TE (CSE(AI & ML) Engg. R-2019)_Sem-V_ ATKT _'C' Scheme_CBCS_Winter-2025,https://vishwaniketaneduin-my.sharepoint.com/:b:/g/personal/exam_vimeet_vishwaniketan_edu_in/IQA3CGm5XficQrir8lU3PLO5Ab_GHwFZXjyVu-r-J0nxrQ0?e=jwY15x
2026,,Revaluation Result SE (CSE(AI & ML) Engg. R-2019)_Sem-IV_ ATKT _'C' Scheme_CBCS_Winter-2025,https://vishwaniketaneduin-my.sharepoint.com/:b:/g/personal/exam_vimeet_vishwaniketan_edu_in/IQDyQU9eqLDRTaUSPWa46tzcAW5B2ZzZrGPySECQlmTZxbs?e=IU8jkK
2026,,Revaluation Result SE (CSE(AI & ML) Engg. R-2019)_Sem-III_ ATKT _'C' Scheme_CBCS_Winter-2025,https://vishwaniketaneduin-my.sharepoint.com/:b:/g/personal/exam_vimeet_vishwaniketan_edu_in/IQCL3_b_vh0NRZW3quXs1jE6ATYt2jIhxXG0eIfTGdgBwUg?e=E6n2Tp
2026,2026-03-27,Result SE (Civil Engg. R-2019)_Sem-III_ATKT _'C' Scheme_CBCS_Winter-2025,https://vishwaniketaneduin-my.sharepoint.com/:b:/g/personal/exam_vimeet_vishwaniketan_edu_in/IQC5A7ruUqZXQ5zdgvex1GjiAdnhdSeGaBF-eMYPe8RGd6Y?e=FnLcPa
2026,,Result SE (Civil Engg. R-2019)_Sem-IV_ATKT _'C' Scheme_CBCS_Winter-2025,https://vishwaniketaneduin-my.sharepoint.com/:b:/g/personal/exam_vimeet_vishwaniketan_edu_in/IQBfSmAtDyg4QKjAy0LzfAbUAb-pApTDH_-BgxDUBuhFy28?e=3TZMBd
2026,,Result TE (Civil Engg. R-2019)_Sem-V_Regular & ATKT _'C' Scheme_CBCS_Winter-2025,https://vishwaniketaneduin-my.sharepoint.com/:b:/g/personal/exam_vimeet_vishwaniketan_edu_in/IQDvYck8ZnUiRLOtqagnS7HFAQ0Q3kve2qU-IgCiRlzKmP4?e=ZVkgTo
2026,,Result TE (Civil Engg. R-2019)_Sem-VI_ATKT _'C' Scheme_CBCS_Winter-2025,https://vishwaniketaneduin-my.sharepoint.com/:b:/g/personal/exam_vimeet_vishwaniketan_edu_in/IQCYPfDiU3ICTrXXag6ODagMAQ9lpyG7NwVwH8GbU8Io5SQ?e=seU9WB
2026,2026-03-16,Result TE (Mechanical Engg. R-2019)_Sem-VI_ATKT _'C' Scheme_CBCS_Winter-2025,https://vishwaniketaneduin-my.sharepoint.com/:b:/g/personal/exam_vimeet_vishwaniketan_edu_in/IQAxdOMg0sZlRprCQC67awu9AVmdJLAyJtqAemV6b8UuDA8?e=zBCGMI
2026,,Result TE (Mechanical Engg. R-2019)_Sem-V_Regular &  ATKT _'C' Scheme_CBCS_Winter-2025,https://vishwaniketaneduin-my.sharepoint.com/:b:/g/personal/exam_vimeet_vishwaniketan_edu_in/IQAFlQSEqxogTaoCa7A7aTcXATyWMEvOCXQ9BwVfXY7NxwI?e=AFOgdK
2026,,Result SE (Mechanical Engg. R-2019)_Sem-IV_ ATKT _'C' Scheme_CBCS_Winter-2025,https://vishwaniketaneduin-my.sharepoint.com/:b:/g/personal/exam_vimeet_vishwaniketan_edu_in/IQBNNEJasJlUTKpmpEQ5h60bAWtiExw267k3yk82suTMBko?e=JaPWRa
2026,,Result SE (Mechanical Engg. R-2019)_Sem-III_ ATKT _'C' Scheme_CBCS_Winter-2025,https://vishwaniketaneduin-my.sharepoint.com/:b:/g/personal/exam_vimeet_vishwaniketan_edu_in/IQABuAqNqWTsRqL-D50vLxQGAcIU8HO1rPI_m7dSjcl93KE?e=bnfO3d
2026,,Result TE (Electrical Engg. R-2019)_Sem-V_Regular & ATKT _'C' Scheme_CBCS_Winter-2025,https://vishwaniketaneduin-my.sharepoint.com/:b:/g/personal/exam_vimeet_vishwaniketan_edu_in/IQDueVHDHVIoQ687ClKf-U51AUOK4hMc02UpRZAMYJOHgU4?e=o8bOPp
2026,,Result SE (Electrical Engg. R-2019)_Sem-IV_ ATKT _'C' Scheme_CBCS_Winter-2025,https://vishwaniketaneduin-my.sharepoint.com/:b:/g/personal/exam_vimeet_vishwaniketan_edu_in/IQDtu63h98Y_T6SCtUE0YHwsAc9AzkLbEbK2l4WThOw2po4?e=G4zi7D
2026,,Result TE (Electrical Engg. R-2019)_Sem-VI_ ATKT _'C' Scheme_CBCS_Winter-2025,https://vishwaniketaneduin-my.sharepoint.com/:b:/g/personal/exam_vimeet_vishwaniketan_edu_in/IQDbDhNpyraiQaaLbaskN85CAczQQdYRl25BM-N2GJ1Z7H0?e=v4izLM
2026,,Result SE (Electrical Engg. R-2019)_Sem-III_ ATKT _'C' Scheme_CBCS_Winter-2025,https://vishwaniketaneduin-my.sharepoint.com/:b:/g/personal/exam_vimeet_vishwaniketan_edu_in/IQDtp_pZafJrS7uc7xpePjAoAXEzP_QRqECa78rF3-qs3Go?e=brRTg4
2026,2026-03-05,Result SE (Mechanical Engg.)_Sem-III_ Regular_ NEP 2020_Winter-2025,https://vishwaniketaneduin-my.sharepoint.com/:b:/g/personal/exam_vimeet_vishwaniketan_edu_in/IQBoy2nkMyFRTY8jJ4EPh9hVAWbsXpQimwTBLoDhNns2SWg?e=VbZzLc
2026,,Result SE (CSE(AI & ML) Engg.)_Sem-III_ Regular_ NEP 2020_Winter-2025,https://vishwaniketaneduin-my.sharepoint.com/:b:/g/personal/exam_vimeet_vishwaniketan_edu_in/IQBoy2nkMyFRTY8jJ4EPh9hVAWbsXpQimwTBLoDhNns2SWg?e=YFGoAN
2026,2026-03-04,Result SE (CSE(AI & ML) Engg.)_Sem-III_ Regular_ NEP 2020_Winter-2025,https://vishwaniketaneduin-my.sharepoint.com/:b:/g/personal/exam_vimeet_vishwaniketan_edu_in/IQC-ESNdkR0zQ6yAWMqu_PnNAddIO4L8eANvla40xrdCiVk?e=nw9qje
2026,2026-02-27,Result SE (Computer Engg.)_Sem-III_ Regular_ NEP 2020_Winter-2025,https://vishwaniketaneduin-my.sharepoint.com/:b:/g/personal/exam_vimeet_vishwaniketan_edu_in/IQBeo-iXTWSHQ4mOh3RwCoZbAf39lTMka1p18rXqSIhjl0A?e=myQcM9
2026,,Result SE (Electrical  Engg.)_Sem-III_ Regular_ NEP 2020_Winter-2025,https://vishwaniketaneduin-my.sharepoint.com/:b:/g/personal/exam_vimeet_vishwaniketan_edu_in/IQDJQWQku8qORJG6VPcppWg1AaJDSPqMsjFvRc5WM-4l3-4?e=sV67Ns
2026,,Result SE (Civil Engg.)_Sem-III_ Regular_ NEP 2020_Winter-2025,https://vishwaniketaneduin-my.sharepoint.com/:b:/g/personal/exam_vimeet_vishwaniketan_edu_in/IQBq1OLTX1ZmTajTh2Zuzme4AfP0-EFsMMhSmOqwhj6Wro4?e=H6dBXg
2026,,Result SE (EXTC  Engg.)_Sem-III_ Regular_ NEP 2020_Winter-2025,https://vishwaniketaneduin-my.sharepoint.com/:b:/g/personal/exam_vimeet_vishwaniketan_edu_in/IQD2Orga8_iZS7x82l4MJKYoAe7UjP1CWB8YQTeATSI0s3A?e=HPFQI3
2026,2026-02-17,Result Honours Degree _Data Science_Sem-V_'C' Scheme_CBCS_DEC 2025,https://vishwaniketaneduin-my.sharepoint.com/:b:/g/personal/exam_vimeet_vishwaniketan_edu_in/IQBB64XzO8n6RLTuCLKTk1RrAVsa9hkSDbF1cwh9cHJ0H6E?e=Vd96qW
2026,,Result Honours Degree _AI & ML_Sem-VII_'C' Scheme_CBCS_DEC 2025,https://vishwaniketaneduin-my.sharepoint.com/:b:/g/personal/exam_vimeet_vishwaniketan_edu_in/IQB57yekHgKERJudFLqsDJJ4AXXVZqWXZlqCZZf9metAKcw?e=N1nOX6
2026,,Result Honours Degree _Data Science_Sem-VII_'C' Scheme_CBCS_DEC 2025,https://vishwaniketaneduin-my.sharepoint.com/:b:/g/personal/exam_vimeet_vishwaniketan_edu_in/IQAxCUALq36YT4Qg52NkrRVcAb9QTSeXA8sPeNdbIL1Grkg?e=H1bcuR
2026,,Result TE (Computer Engg. R-2019)_Sem-VI_ ATKT _'C' Scheme_CBCS_Winter-2025,https://vishwaniketaneduin-my.sharepoint.com/:b:/g/personal/exam_vimeet_vishwaniketan_edu_in/IQAWFsfKjLkYTK-MM_1AfibnATFaGcygS3xm6AB1L5rwU2E?e=At5OIU
2026,,Result TE (Computer Engg. R-2019)_Sem-V_ Regular & ATKT _'C' Scheme_CBCS_Winter-2025,https://vishwaniketaneduin-my.sharepoint.com/:b:/g/personal/exam_vimeet_vishwaniketan_edu_in/IQCvxeU4W8EMT7bw2ezZr8IQASAwhvNs0UeSuucuouE63N4?e=YwJxhx
2026,,Result SE (Computer Engg. R-2019)_Sem-IV_ ATKT _'C' Scheme_CBCS_Winter-2025,https://vishwaniketaneduin-my.sharepoint.com/:b:/g/personal/exam_vimeet_vishwaniketan_edu_in/IQBZf_aYEAXHRYh0CRFWa15PATQx2Gin_nvPM6JXK-UAL9k?e=nfMBNd
2026,,Result SE (Computer Engg. R-2019)_Sem-III_ ATKT _'C' Scheme_CBCS_Winter-2025,https://vishwaniketaneduin-my.sharepoint.com/:b:/g/personal/exam_vimeet_vishwaniketan_edu_in/IQBmcER6vZarQZJFdKkE3vGWATGHyQ0djBLCAqq_-N6FLYM?e=ja3CLz
2026,2026-02-16,Result TE (CSE(AI & ML) Engg. R-2019)_Sem-VI_ATKT _'C' Scheme_CBCS_Winter-2025,https://vishwaniketaneduin-my.sharepoint.com/:b:/g/personal/exam_vimeet_vishwaniketan_edu_in/IQDXYcg04kU7RZyOOyqR4s0dASKH7vkYy5F54y0dJHa2kvU?e=caVXCX
2026,,Result TE (CSE(AI & ML) Engg. R-2019)_Sem-V_ Regular & ATKT _'C' Scheme_CBCS_Winter-2025,https://vishwaniketaneduin-my.sharepoint.com/:b:/g/personal/exam_vimeet_vishwaniketan_edu_in/IQA0ONOAf-SXQpVIPI4msevFAdoae-lKIruNLIRQyYJah18?e=JwHMIe
2026,,Result SE (CSE(AI & ML) Engg. R-2019)_Sem-IV_ ATKT _'C' Scheme_CBCS_Winter-2025,https://vishwaniketaneduin-my.sharepoint.com/:b:/g/personal/exam_vimeet_vishwaniketan_edu_in/IQCKvh4JdZ6ERZz2xXIfz8g-AS3CQTLcjLYDgJ0LxPl6SH0?e=QZZvP9
2026,,Result SE (CSE(AI & ML) Engg. R-2019)_Sem-III_ ATKT _'C' Scheme_CBCS_Winter-2025,https://vishwaniketaneduin-my.sharepoint.com/:b:/g/personal/exam_vimeet_vishwaniketan_edu_in/IQCDp2Ua2tkZRoDOqeZHelIPART1DsfispHos8FgOUwUE9g?e=Yy8pjx
2026,,Result TE (ExTC Engg. R-2019)_Sem-V_Regular &  ATKT _'C' Scheme_CBCS_Winter-2025,https://vishwaniketaneduin-my.sharepoint.com/:b:/g/personal/exam_vimeet_vishwaniketan_edu_in/IQAgRSX69SKpSoRC0I3bMvCoAQQPoGqzgDtX6OALlmX7HTY?e=r0OZTO
2026,,Result SE (ExTC Engg. R-2019)_Sem-IV_ ATKT _'C' Scheme_CBCS_Winter-2025,https://vishwaniketaneduin-my.sharepoint.com/:b:/g/personal/exam_vimeet_vishwaniketan_edu_in/IQDmH0_ykxA-QJQHdpcp5x7hAa2B4VcJF5DnbmU2umeDNmQ?e=XUmCDW
2026,,Result SE (ExTC Engg. R-2019)_Sem-III_ ATKT _'C' Scheme_CBCS_Winter-2025,https://vishwaniketaneduin-my.sharepoint.com/:b:/g/personal/exam_vimeet_vishwaniketan_edu_in/IQDdR7uN1jFQRJPoIcitxnAjAQ3Z7SBwZ8r9IQ3rGokCUG8?e=yyu36E
2025,2025-10-06,Revaluation Gazette_Electrical Engg. TE SEM VI (C Scheme)_KT_MAY 2025 Examination,https://vishwaniketaneduin-my.sharepoint.com/:b:/g/personal/exam_vimeet_vishwaniketan_edu_in/ERLfbWIzvFtEgWhtmLDIS44BTszX8doaFMchSV2b6_Ny0g?e=ChO10t
2025,,Revaluation Gazette_Electrical Engg. TE SEM VI (C Scheme)_Regular_MAY 2025 Examination,https://vishwaniketaneduin-my.sharepoint.com/:b:/g/personal/exam_vimeet_vishwaniketan_edu_in/EdXQ29AuOupMgevBD31BOtQBPxw-Nwkd6Ef8WP_EkDyP7g?e=8RbUZ7
2025,,Revaluation Gazette_Civil Engg. TE SEM VI (C Scheme)_KT_MAY 2025 Examination,https://vishwaniketaneduin-my.sharepoint.com/:b:/g/personal/exam_vimeet_vishwaniketan_edu_in/EfTNl1JxsMdKkhEb9PnEmpgBRfxjqWyjWgXUwpIXj7uxXQ?e=we6INW
2025,,Revaluation Gazette_Civil Engg. TE SEM VI (C Scheme)_Regular_MAY 2025 Examination,https://vishwaniketaneduin-my.sharepoint.com/:b:/g/personal/exam_vimeet_vishwaniketan_edu_in/EXfpN2U3uAFKkmMmFlgVUUcBDyPhMbd2c_xbyAibd19gqQ?e=zOSBEU
2025,,Revaluation Gazette_Civil Engg. TE SEM V (C Scheme)_Regular_MAY 2025 Examination,https://vishwaniketaneduin-my.sharepoint.com/:b:/g/personal/exam_vimeet_vishwaniketan_edu_in/EcXKcdi4LoVMoKwlw0kX0E0B8k3Tet7lPp-udmuhit5quw?e=n4xPb5
2025,,Revaluation Gazette_Civil Engg. TE SEM V (C Scheme)_KT_BSR_MAY 2025 Examination,https://vishwaniketaneduin-my.sharepoint.com/:b:/g/personal/exam_vimeet_vishwaniketan_edu_in/EdyNCXzr9rBJrtNhAH-TYK0BnqtDZTqVscGaBxY5pzvj7g?e=plfD9t
2025,,Revaluation Gazette_Civil Engg. TE SEM V (C Scheme)_KT_ACT_MAY 2025 Examination,https://vishwaniketaneduin-my.sharepoint.com/:b:/g/personal/exam_vimeet_vishwaniketan_edu_in/EZx2UWSh-g1Bjco3eYHipNwBJRHBzZIyxcV51xJrCqpRgQ?e=K27re3
2025,,Revaluation Gazette_Civil Engg. SE SEM IV (C Scheme)_Regular_MAY 2025 Examination,https://vishwaniketaneduin-my.sharepoint.com/:b:/g/personal/exam_vimeet_vishwaniketan_edu_in/EX5Ym-JIB3dIoKi9woMjcMMBHLI7oSemhcocqwVBIvi28Q?e=ItsfBP
2025,,Revaluation Gazette_Civil Engg. SE SEM IV (C Scheme)_KT_MAY 2025 Examination,https://vishwaniketaneduin-my.sharepoint.com/:b:/g/personal/exam_vimeet_vishwaniketan_edu_in/EfFnbHrs9YRFnKBbZ8bJgRMBxc6tgqA5b9YAf5pNzJlmVw?e=jlwXIp
2025,,Revaluation Gazette_Civil Engg. SE SEM III (C Scheme)_KT_MAY 2025 Examination,https://vishwaniketaneduin-my.sharepoint.com/:b:/g/personal/exam_vimeet_vishwaniketan_edu_in/EflNq6uMnRNGr_neMiyq3lsBVp6RuNt5W8_wlNHeMLcH8g?e=d7YkXG
2025,,Revaluation Gazette_Civil Engg. SE SEM III (C Scheme)_Regular_MAY 2025 Examination,https://vishwaniketaneduin-my.sharepoint.com/:b:/g/personal/exam_vimeet_vishwaniketan_edu_in/ETns9SMedeVEmOznXulnOPIBt6ctthqmytwdSoHf_3QwMA?e=bwLb4b
2025,,Revaluation Gazette_Electrical Engg. SE SEM III (C Scheme)_ KT_MAY 2025 Examination,https://vishwaniketaneduin-my.sharepoint.com/:b:/g/personal/exam_vimeet_vishwaniketan_edu_in/EVPkMj9q_lVEtwCRZ6kRBugBeV20elQw3EvkL5G7WFAv-w?e=fHLYOR
2025,2025-10-05,Revaluation Gazette_Electrical Engg. TE SEM V (C Scheme)_Regular_MAY 2025 Examination,https://vishwaniketaneduin-my.sharepoint.com/:b:/g/personal/exam_vimeet_vishwaniketan_edu_in/EVZtw7PE9O5Lr6PVVjNUucIBd8VwFzblSQSEBH5zu4hjvw?e=5h7k82
2025,,Revaluation Gazette_Electrical Engg. TE SEM V (C Scheme)_ KT_MAY 2025 Examination,https://vishwaniketaneduin-my.sharepoint.com/:b:/g/personal/exam_vimeet_vishwaniketan_edu_in/EeCGZ6fO5xxMm8Qc-cGCxxwBfNalF4iEhOe4_7rKChOdIw?e=nsFiTj
2025,,Revaluation Gazette_Electrical Engg. SE SEM IV (C Scheme)_ KT_MAY 2025 Examination,https://vishwaniketaneduin-my.sharepoint.com/:b:/g/personal/exam_vimeet_vishwaniketan_edu_in/EcgbwsJLnM1DmlrPlqOMuIQBIHvUQbWpKEgWDYPUXORD2A?e=76OPXG
2025,,Revaluation Gazette_Electrical Engg. SE SEM IV (C Scheme)_ Regular_MAY 2025 Examination,https://vishwaniketaneduin-my.sharepoint.com/:b:/g/personal/exam_vimeet_vishwaniketan_edu_in/ETIIKz37ceRHjiJExNSkraIB2GTynZR5egpH1vz8wgcdFA?e=jJ2sjS
2025,,Revaluation Gazette_Electrical Engg. SE SEM III (C Scheme)_ Regular_MAY 2025 Examination,https://vishwaniketaneduin-my.sharepoint.com/:b:/g/personal/exam_vimeet_vishwaniketan_edu_in/Ed2_kSmb331Gn07BIXUjNbQBTn0U1G8FZUmgL1XEm2zFhw?e=Ds6Zqx
2025,,Revaluation Gazette_Mechanical Engg. TE SEM VI (C Scheme)_ KT_MAY 2025 Examination,https://vishwaniketaneduin-my.sharepoint.com/:b:/g/personal/exam_vimeet_vishwaniketan_edu_in/EQ5SAQa6o85KjStz8t1eZVsBIJZJ3Sa_7MBNFQwe6vDk0Q?e=RiE5eF
2025,,Revaluation Gazette_Mechanical Engg. TE SEM V (C Scheme)_ KT_MAY 2025 Examination,https://vishwaniketaneduin-my.sharepoint.com/:b:/g/personal/exam_vimeet_vishwaniketan_edu_in/ET8G1PZqoLBJmSk5H0s1_h4BrqVaUeTaYBxaQp1JrnsgVw?e=xv8HuF
2025,,Revaluation Gazette_Mechanical Engg. SE SEM IV (C Scheme)_ Regular_MAY 2025 Examination,https://vishwaniketaneduin-my.sharepoint.com/:b:/g/personal/exam_vimeet_vishwaniketan_edu_in/EVzNHNyFd81Kltllst1VIb0B_sT5EyqERYAacZTQsQGWqA?e=9RdeaR
2025,,Revaluation Gazette_Mechanical Engg. SE SEM IV (C Scheme)_ KT_MAY 2025 Examination,https://vishwaniketaneduin-my.sharepoint.com/:b:/g/personal/exam_vimeet_vishwaniketan_edu_in/EeJYyDMUysdNmjcqcH-3Au4B6vIt574o5s4xBGxwTksiOw?e=oBTpUK
2025,,Revaluation Gazette_Mechanical Engg. SE SEM III (C Scheme)_ KT_MAY 2025 Examination,https://vishwaniketaneduin-my.sharepoint.com/:b:/g/personal/exam_vimeet_vishwaniketan_edu_in/EZi7gijFXINOne09Wy4t3doB0owvP7FwwF6P6pvCH1akLA?e=7v40oh
2025,,Revaluation Gazette_Mechanical Engg. SE SEM III (C Scheme)_ Regular_MAY 2025 Examination,https://vishwaniketaneduin-my.sharepoint.com/:b:/g/personal/exam_vimeet_vishwaniketan_edu_in/Ef-FIGcfddBMjSks35GmH-4BrSK8S3c_wDER2iRrf1DnfA?e=1lVGZO
2025,,Revaluation Gazette_EXTC Engg. SE SEM IV (C Scheme)_ Regular_MAY 2025 Examination,https://vishwaniketaneduin-my.sharepoint.com/:b:/g/personal/exam_vimeet_vishwaniketan_edu_in/EZ09wgvuDgNFkJ4oPj26JUQBKWnhuAJR0ghwj9o3d25J1A?e=0VVY6R
2025,,Revaluation Gazette_EXTC Engg. SE SEM III (C Scheme)_ KT_MAY 2025 Examination,https://vishwaniketaneduin-my.sharepoint.com/:b:/g/personal/exam_vimeet_vishwaniketan_edu_in/ERTL2Vs85OVArxPsiWII3CUBo51hlpNRW3ozTcx_sfqJJQ?e=aWmbNi
2025,,Revaluation Gazette_EXTC Engg. SE SEM III (C Scheme)_ Regular_MAY 2025 Examination,https://vishwaniketaneduin-my.sharepoint.com/:b:/g/personal/exam_vimeet_vishwaniketan_edu_in/EVezCemX6l5IkpSllp8sIPgBIWkoRjyvvyuFVMD24UgRGA?e=2g6p2C
2025,,Revaluation Gazette_CSE (AI & ML) Engg. TE SEM VI (C Scheme)_ Regular_MAY 2025 Examination,https://vishwaniketaneduin-my.sharepoint.com/:b:/g/personal/exam_vimeet_vishwaniketan_edu_in/EQ6Z4XpKAVxLgmqKmS-DbzcBg3OwDJ28d5Vxb_qnASEu0Q?e=WuQjNb
2025,,Revaluation Gazette_CSE (AI & ML) Engg. TE SEM V (C Scheme)_ Regular_MAY 2025 Examination,https://vishwaniketaneduin-my.sharepoint.com/:b:/g/personal/exam_vimeet_vishwaniketan_edu_in/EcJqavKw9cNKn8zkRR4xOIsBbnrs27GRBrgZaskj9Vmvqg?e=JAUVwC
2025,,Revaluation Gazette_CSE (AI & ML) Engg. SE SEM IV (C Scheme)_ KT_MAY 2025 Examination,https://vishwaniketaneduin-my.sharepoint.com/:b:/g/personal/exam_vimeet_vishwaniketan_edu_in/ESR3gEQzgoZBmUXoQXRMQ8gBowTm1ldJsfn1aXhZU7THSA?e=sHDwYJ
2025,,Revaluation Gazette_CSE (AI & ML) Engg. SE SEM IV (C Scheme)_ Regular_MAY 2025 Examination,https://vishwaniketaneduin-my.sharepoint.com/:b:/g/personal/exam_vimeet_vishwaniketan_edu_in/Edn72nUg6VhJgnZT2C1y-lIBdIn9_rbZvloTy2vo3OGIeA?e=XomQNo
2025,,Revaluation Gazette_CSE (AI & ML) Engg. SE SEM III (C Scheme)_ Regular_MAY 2025 Examination,https://vishwaniketaneduin-my.sharepoint.com/:b:/g/personal/exam_vimeet_vishwaniketan_edu_in/EbbpejlITx9KrczqZSVf9wcB3xaWCSK8z_Fmx6qwh4wVZQ?e=VGUEN2
2025,,Revaluation Gazette_CSE (AI & ML) Engg. SE SEM III (C Scheme)_ KT_MAY 2025 Examination,https://vishwaniketaneduin-my.sharepoint.com/:b:/g/personal/exam_vimeet_vishwaniketan_edu_in/EZ0J9_lteT9AgBGqrniS1KIB6dSqNhUGjPX3sqVGhc31JQ?e=ZXu9Nx
2025,,Revaluation Gazette_Computer Engg. TE SEM VI (C Scheme)_ Regular_MAY 2025 Examination,https://vishwaniketaneduin-my.sharepoint.com/:b:/g/personal/exam_vimeet_vishwaniketan_edu_in/EY3UjIwzMQJCjhps9R2pvBUBxphSzjt2jiTr0-Pq64F6_A?e=yWZ1nE
2025,,Revaluation Gazette_Computer Engg. TE SEM V (C Scheme)_ Regular_MAY 2025 Examination,https://vishwaniketaneduin-my.sharepoint.com/:b:/g/personal/exam_vimeet_vishwaniketan_edu_in/Efnf5Ggyu4NLvo0utDaCt0wBwMKOu_KHdRC7Pur7PFc3pA?e=20Xirk
2025,,Revaluation Gazette_Computer Engg. TE SEM V (C Scheme)_ KT_MAY 2025 Examination,https://vishwaniketaneduin-my.sharepoint.com/:b:/g/personal/exam_vimeet_vishwaniketan_edu_in/EWQ4bHrHJLxNjEZteYXAKJkBw6WLbaA-HC848xP4k-PVyQ?e=r20e91
2025,,Revaluation Gazette_Computer Engg. SE SEM IV (C Scheme)_ Regular_MAY 2025 Examination,https://vishwaniketaneduin-my.sharepoint.com/:b:/g/personal/exam_vimeet_vishwaniketan_edu_in/Efoose_qK_NMsrfH8wV53AABvauVRlZBsEqxgL51dl-UIg?e=hHwamU
2025,2025-10-04,Revaluation Gazette_Computer Engg. SE SEM III (C Scheme)_ KT_MAY 2025 Examination,https://vishwaniketaneduin-my.sharepoint.com/:b:/g/personal/exam_vimeet_vishwaniketan_edu_in/ESU0eFuTn9pDvKgVeXX3yZUB-y5A1v7o2q7uwCUdUaKrIQ?e=VjIk5S
2025,2025-09-01,Result TE (Civil Engg. R-2019)_Sem-VI_ Regular & ATKT _'C' Scheme_CBCS_MAY-2025,https://vishwaniketaneduin-my.sharepoint.com/:b:/g/personal/exam_vimeet_vishwaniketan_edu_in/ESsR7XzHX1ZFntqr7hS_uekBMDSsf_RGXlBvH7eamNSzPg?e=TsOfM0
2025,,Result TE (Civil Engg. R-2019)_Sem-V_ Regular & ATKT _'C' Scheme_CBCS_MAY-2025,https://vishwaniketaneduin-my.sharepoint.com/:b:/g/personal/exam_vimeet_vishwaniketan_edu_in/EalfEByftohPjV3JvWv0ZyEB03chdjqkfWysll7lv-SjeQ?e=tJw020
2025,,Result SE (Civil Engg. R-2019)_Sem-IV_ Regular & ATKT _'C' Scheme_CBCS_MAY-2025,https://vishwaniketaneduin-my.sharepoint.com/:b:/g/personal/exam_vimeet_vishwaniketan_edu_in/EUGF0v5p10BKn4xuQojY1aIBbIgUWe1taN39UgP-2qNEXw?e=mNGv07
2025,,Result SE (Civil Engg. R-2019)_Sem-III_ Regular & ATKT _'C' Scheme_CBCS_MAY-2025,https://vishwaniketaneduin-my.sharepoint.com/:b:/g/personal/exam_vimeet_vishwaniketan_edu_in/EWNd2PKg4upJtN0EC258rEMB-vkzZ7qnQ4QLaciFicA4ng?e=dC9pQD
2025,2025-08-21,Result Honours Degree _AI & ML_Sem-VI_'C' Scheme_CBCS_May 2025,https://vishwaniketaneduin-my.sharepoint.com/:b:/g/personal/exam_vimeet_vishwaniketan_edu_in/EQizxyRh10xFrmjWcHRGil4BjpXLgOjlBqpxfzDO7Hr5ng?e=vbPbKF
2025,,Result Honours Degree _Data Science_Sem-VI_'C' Scheme_CBCS_May 2025,https://vishwaniketaneduin-my.sharepoint.com/:b:/g/personal/exam_vimeet_vishwaniketan_edu_in/ERVyMKFohNNJnlsKYp0HhlABZx94AiKOM_AifCZ7RU8f0g?e=mgSKES
2025,,Result Honours Degree _Block Chain_Sem-VIII_'C' Scheme_CBCS_May 2025,https://vishwaniketaneduin-my.sharepoint.com/:b:/g/personal/exam_vimeet_vishwaniketan_edu_in/EUXhzWZR5FhMqL1VnjPQK_IBP5sgCMyLiND6DyV_tTceAw?e=P2YFrK
2025,,Result Honours Degree _AI & ML_Sem-VIII_'C' Scheme_CBCS_May 2025,https://vishwaniketaneduin-my.sharepoint.com/:b:/g/personal/exam_vimeet_vishwaniketan_edu_in/ETSUu9w7bkdCjT5uBDmxIloB2RxJNNzMJtU_iiXoFGJt7Q?e=Q6MO97
2025,,Result Honours Degree _Data Science_Sem-VIII_'C' Scheme_CBCS_May 2025,https://vishwaniketaneduin-my.sharepoint.com/:b:/g/personal/exam_vimeet_vishwaniketan_edu_in/EWQtS5SLusxKswxtIhIDFeoBgTx-dxTVoKHMjXtjDo4EWA?e=FoiDjn
2025,,Result TE (Computer Engg. R-2019)_Sem-VI_ Regular & ATKT _'C' Scheme_CBCS_MAY-2025_ Updated,https://vishwaniketaneduin-my.sharepoint.com/:b:/g/personal/exam_vimeet_vishwaniketan_edu_in/EbFcWA9D9BpIi6z_s6P0WscBjz81AdYAEW01rIGUNWDh_g?e=HyCLW8
2025,,Result TE (Computer Engg. R-2019)_Sem-V_ Regular & ATKT _'C' Scheme_CBCS_MAY-2025,https://vishwaniketaneduin-my.sharepoint.com/:b:/g/personal/exam_vimeet_vishwaniketan_edu_in/EYst51BNOkZBjVK3LYzkG5QBdmrkhiz80ksdVFF5562uGQ?e=yXqLKs
2025,,Result SE (Computer Engg. R-2019)_Sem-IV_ Regular & ATKT _'C' Scheme_CBCS_MAY-2025_Updated,https://vishwaniketaneduin-my.sharepoint.com/:b:/g/personal/exam_vimeet_vishwaniketan_edu_in/EWPcAvAmi3RMgT9b2Xz2xVsBS5gmpum9des-4A44KOav4Q?e=IRpvRc
2025,,Result SE (Computer Engg. R-2019)_Sem-III_ Regular & ATKT _'C' Scheme_CBCS_MAY-2025,https://vishwaniketaneduin-my.sharepoint.com/:b:/g/personal/exam_vimeet_vishwaniketan_edu_in/EbIQu-aA1DpCu7nyrnyil0ABVsBK1J3IF1i1T8igXBdpnQ?e=mZQtw2
2025,2025-08-12,Result TE (ExTC Engg. R-2019)_Sem-VI_ Regular & ATKT _'C' Scheme_CBCS_MAY-2025,https://vishwaniketaneduin-my.sharepoint.com/:b:/g/personal/exam_vimeet_vishwaniketan_edu_in/EagYqXy1JVxJjhcDCcFmdGQBK94sfXPrgyhInXsc4b28SQ?e=QjMaWq
2025,,Result TE (ExTC Engg. R-2019)_Sem-V_ Regular & ATKT _'C' Scheme_CBCS_MAY-2025,https://vishwaniketaneduin-my.sharepoint.com/:b:/g/personal/exam_vimeet_vishwaniketan_edu_in/EUf57_TbNlRNqNS5rbT-Y1QBLaTXzA9tuDX2rnQ8Ykts0w?e=Od5uuk
2025,,Result SE (ExTC Engg. R-2019)_Sem-IV_ Regular & ATKT _'C' Scheme_CBCS_MAY-2025,https://vishwaniketaneduin-my.sharepoint.com/:b:/g/personal/exam_vimeet_vishwaniketan_edu_in/EQm6S26VsQ1HhF3TRekj_dUBYaQEEiBDcDjwVWBoQ-amrQ?e=XkY1x2
2025,,Result SE (ExTC Engg. R-2019)_Sem-III_ Regular & ATKT _'C' Scheme_CBCS_MAY-2025,https://vishwaniketaneduin-my.sharepoint.com/:b:/g/personal/exam_vimeet_vishwaniketan_edu_in/EVj7OyjJ7pBBp-V-7vk5MesBe-60elHVynl1V3qky7Cxxg?e=eqCNpV
2025,,Result TE (Electrical Engg. R-2019)_Sem-VI_ Regular & ATKT _'C' Scheme_CBCS_MAY-2025_Updated,https://vishwaniketaneduin-my.sharepoint.com/:b:/g/personal/exam_vimeet_vishwaniketan_edu_in/Eds-tCzZrXRHj-Z5AAWAtVQBJKcoVMzxZDyGm8pVrzkt9Q?e=mESgs0
2025,,Result TE (Electrical Engg. R-2019)_Sem-V_ Regular & ATKT _'C' Scheme_CBCS_MAY-2025,https://vishwaniketaneduin-my.sharepoint.com/:b:/g/personal/exam_vimeet_vishwaniketan_edu_in/EZpmMTOmnb1BgrMQzhjtGRgB6ghmEsTrUXtYGyh-1w0ilg?e=owSMfS
2025,,Result SE (Electrical Engg. R-2019)_Sem-IV_ Regular & ATKT _'C' Scheme_CBCS_MAY-2025_Updated,https://vishwaniketaneduin-my.sharepoint.com/:b:/g/personal/exam_vimeet_vishwaniketan_edu_in/EUthNs2v_ohMgf6pjfVzPPUBhlmcH_95fm_IGWrEQ-q-uQ?e=NgrMUR
2025,,Result SE (Electrical Engg. R-2019)_Sem-III_ Regular & ATKT _'C' Scheme_CBCS_MAY-2025,https://vishwaniketaneduin-my.sharepoint.com/:b:/g/personal/exam_vimeet_vishwaniketan_edu_in/EVctQbcEkBFGtLpF0exsaeoBohAzM9Ohh39eLyAHNDeqSw?e=9ErmHu
2025,,Result TE (Mechanical Engg. R-2019)_Sem-V ATKT _'C' Scheme_CBCS_MAY-2025,https://vishwaniketaneduin-my.sharepoint.com/:b:/g/personal/exam_vimeet_vishwaniketan_edu_in/EdJde-KrHcZJo0sIOgjnXbgBLkai9ghukbxLWORc96ZlTg?e=fstrPh
2025,,Result TE (Mechanical Engg. R-2019)_Sem-VI_ Regular & ATKT _'C' Scheme_CBCS_MAY-2025,https://vishwaniketaneduin-my.sharepoint.com/:b:/g/personal/exam_vimeet_vishwaniketan_edu_in/ERGthYzpmPNDldXu9arCVHoBs5kgyxFyF985JPnQOUiNEA?e=vfioHL
2025,,Result SE (Mechanical Engg. R-2019)_Sem-IV_ Regular & ATKT _'C' Scheme_CBCS_MAY-2025,https://vishwaniketaneduin-my.sharepoint.com/:b:/g/personal/exam_vimeet_vishwaniketan_edu_in/EafGwzklhV5Hlez091OTzSQBpyI9IjZQEQwi8rJbFZFFuQ?e=r4Hiw2
2025,,Result SE (Mechanical Engg. R-2019)_Sem-III_ Regular & ATKT _'C' Scheme_CBCS_MAY-2025,https://vishwaniketaneduin-my.sharepoint.com/:b:/g/personal/exam_vimeet_vishwaniketan_edu_in/EcDaGsnVS2VDm42h99DZOoMBwUfsWmCIHyNAxq55hqYA8g?e=4QvoJ3
2025,2025-07-24,Result TE (CSE (AI &ML) R-2019)_Sem-VI_ Regular & ATKT _'C' Scheme_CBCS_MAY-2025_Updated,https://vishwaniketaneduin-my.sharepoint.com/:b:/g/personal/exam_vimeet_vishwaniketan_edu_in/EfrkpLIcGRVEsn2LBW3qNssB7LfXhGELMOaGH9UlC4FYhg?e=Uhon3C
2025,,Result TE (CSE (AI &ML) R-2019)_Sem-V_ Regular & ATKT _'C' Scheme_CBCS_MAY-2025,https://vishwaniketaneduin-my.sharepoint.com/:b:/g/personal/exam_vimeet_vishwaniketan_edu_in/EUmyfGRVY3FMn1GmiQjYM8MB-5SytCtkI93MsTS7wgo3rA?e=bl3Kmb
2025,,Result SE (CSE (AI &ML) R-2019)_Sem-III_ Regular & ATKT _'C' Scheme_CBCS_MAY-2025,https://vishwaniketaneduin-my.sharepoint.com/:b:/g/personal/exam_vimeet_vishwaniketan_edu_in/Ea38eCzCpF5Pusvpr_rE8y4BX1VNGaDcC7B1YPVHtAUYmA?e=KVC9oP
2025,2025-05-06,Revaluation Gazette_Civil Engg. TE SEM V (C Scheme)_Regular & KT_DEC 2024 Examination,https://vishwaniketaneduin-my.sharepoint.com/:b:/g/personal/exam_vimeet_vishwaniketan_edu_in/EfNf7rq6ieRAi3PvRxLKFJMB7DEAoxygAVy0Cs1uISkxeg?e=ffErHU
2025,,Revaluation Gazette_Computer Engg. SE SEM III (C Scheme)_ Regular & KT_DEC 2024 Examination,https://vishwaniketaneduin-my.sharepoint.com/:b:/g/personal/exam_vimeet_vishwaniketan_edu_in/EXtIJ6a8d-xBjMciubIEnnwBUfsNQL3N4bK-Yyn4Ay0i5A?e=tRieI1
2025,2025-05-05,Revaluation Gazette_EXTC Engg. TE SEM V (C Scheme)_ Regular_DEC 2024 Examination,https://vishwaniketaneduin-my.sharepoint.com/:b:/g/personal/exam_vimeet_vishwaniketan_edu_in/ERSn0LG-1ZdLgJWKN4Vzqj4BBMzKloBvndWhRXdzZw1uhA?e=FcqcaY
2025,,Revaluation Gazette_EXTC Engg. SE SEM IV (C Scheme)_ KT_DEC 2024 Examination,https://vishwaniketaneduin-my.sharepoint.com/:b:/g/personal/exam_vimeet_vishwaniketan_edu_in/EVkXN87cQghLuU4DMHCVjGsB6EkpFR32zToDVCO09MXKfg?e=orqFaG
2025,,Revaluation Gazette_EXTC Engg. SE SEM III (C Scheme)_ Regular & KT_DEC 2024 Examination,https://vishwaniketaneduin-my.sharepoint.com/:b:/g/personal/exam_vimeet_vishwaniketan_edu_in/EYjYW-0uTUhBmJw0RxyRe2MBdblJ4xZS7855-OPr6ao-Pg?e=Nw0w6d
2025,,Revaluation Gazette_CSE (AI & ML) Engg. SE SEM III (C Scheme)_ Regular & KT_DEC 2024 Examination,https://vishwaniketaneduin-my.sharepoint.com/:b:/g/personal/exam_vimeet_vishwaniketan_edu_in/Edi097y2f5VPlvw0bogsWlIBuZRhnuwyc5XCXJCxAtcBsA?e=tYU8HA
2025,,Revaluation Gazette_Computer Engg. TE SEM V (C Scheme)_ Regular & KT_DEC 2024 Examination,https://vishwaniketaneduin-my.sharepoint.com/:b:/g/personal/exam_vimeet_vishwaniketan_edu_in/EaRZS4oM099AscBb7ksw0t8BJ1vfmu3xKkuYydbdVr-75A?e=zpuoHo
2025,2025-05-02,Revaluation Gazette_CSE (AI & ML) Engg. SE SEM IV (C Scheme)_ KT_DEC 2024 Examination,https://vishwaniketaneduin-my.sharepoint.com/:b:/g/personal/exam_vimeet_vishwaniketan_edu_in/EVxcsYrAngFJr8a3YucrM5EBpjiIT5VJOk9cCfSPgXMnzA?e=PGSjYw
2025,,Revaluation Gazette_CSE (AI & ML) Engg. TE SEM V (C Scheme)_ Regular_DEC 2024 Examination,https://vishwaniketaneduin-my.sharepoint.com/:b:/g/personal/exam_vimeet_vishwaniketan_edu_in/Eezh0FXc4t1Nhks0FOY_tzIBKAJ5xcINLAiKE8HMiOAVrw?e=chwkF6
2025,,Revaluation Gazette_CSE (AI & ML) Engg. TE SEM VI (C Scheme)_ KT_DEC 2024 Examination,https://vishwaniketaneduin-my.sharepoint.com/:b:/g/personal/exam_vimeet_vishwaniketan_edu_in/EXGtT2Zq-6tNqMCOjzmkZnMBmqq6jHy84cWXN-xWcOkjTg?e=JX2Lsl
2025,,Revaluation Gazette_Computer Engg. TE SEM VI (C Scheme)_ KT_DEC 2024 Examination,https://vishwaniketaneduin-my.sharepoint.com/:b:/g/personal/exam_vimeet_vishwaniketan_edu_in/EbVJFlHvM2JCuMj4zxGvCnQBD-ziL7j5da9-chpEvv3-8A?e=2oDx9l
2025,,Revaluation Gazette_Computer Engg. SE SEM IV (C Scheme)_ KT_DEC 2024 Examination,https://vishwaniketaneduin-my.sharepoint.com/:b:/g/personal/exam_vimeet_vishwaniketan_edu_in/EeURes6Q11NPgVtllNOKyh4BdKpo7X64Kcv3TMccqRNOiQ?e=pxesd0
2025,,Revaluation Gazette_Civil Engg. TE SEM VI (C Scheme)_ATKT_DEC 2024 Examination,https://vishwaniketaneduin-my.sharepoint.com/:b:/g/personal/exam_vimeet_vishwaniketan_edu_in/EYHoBvmfXzlMgVwdbvPv9e0Be2GIj-CxfStGzl5_DuQDEw?e=xKlzhZ
2025,,Revaluation Gazette_Civil Engg. SE SEM IV (C Scheme)_ATKT_DEC 2024 Examination,https://vishwaniketaneduin-my.sharepoint.com/:b:/g/personal/exam_vimeet_vishwaniketan_edu_in/EUFTxQAXnpNCpo4Je8qzAgQBHr9jCjL3XLhOyvIhybI7fA?e=1w4JvX
2025,,Revaluation Gazette_Civil Engg. SE SEM III (C Scheme)_Regular_DEC 2024 Examination,https://vishwaniketaneduin-my.sharepoint.com/:b:/g/personal/exam_vimeet_vishwaniketan_edu_in/EcImXcs6awNJqZ_WtqdWs90BPfNAPV9Jcnkm7ynzeQ_LOg?e=xzlxYX
2025,2025-04-28,Revaluation Gazette_Electrical Engg. SE SEM IV (C Scheme)_ KT_DEC 2024 Examination,https://vishwaniketaneduin-my.sharepoint.com/:b:/g/personal/exam_vimeet_vishwaniketan_edu_in/EcA_khYPuEVMtCpbWfp-sUwBq-KeobmpEArXjoYNIt_QIg?e=hNSi8F
2025,,Revaluation Gazette_Electrical Engg. TE SEM VI (C Scheme)_ KT_DEC 2024 Examination,https://vishwaniketaneduin-my.sharepoint.com/:b:/g/personal/exam_vimeet_vishwaniketan_edu_in/EbfgMg4DekJJmhZPju7puT0BxCseG1uCoz62g7ElDnXh-Q?e=Q9FH0y
2025,,Revaluation Gazette_Electrical Engg. TE SEM V (C Scheme)_Regular & KT_DEC 2024 Examination,https://vishwaniketaneduin-my.sharepoint.com/:b:/g/personal/exam_vimeet_vishwaniketan_edu_in/EaJO6H4jT3BLm_ShoLp-pzgBcTWk1E__oVPKy4c-2S_vcA?e=YrJK02
2025,,Revaluation Gazette_Electrical Engg. SE SEM III (C Scheme)_Regular & KT_DEC 2024 Examination,https://vishwaniketaneduin-my.sharepoint.com/:b:/g/personal/exam_vimeet_vishwaniketan_edu_in/EfZ8I6loXA5Dn7m4-IS1ejoBG-WUs6DOT0HAb8a66MCKTg?e=AmjOG9
2025,,Revaluation Gazette_Mechanical Engg. SE SEM IV (C Scheme)_KT_DEC 2024 Examination,https://vishwaniketaneduin-my.sharepoint.com/:b:/g/personal/exam_vimeet_vishwaniketan_edu_in/Eeimvjm4rblOv3wvB51PiSQBRdmx2xfislFOzjW3vGL92Q?e=p7ewlG
2025,,Revaluation Gazette_Mechanical Engg. TE SEM VI (C Scheme)_KT_DEC 2024 Examination,https://vishwaniketaneduin-my.sharepoint.com/:b:/g/personal/exam_vimeet_vishwaniketan_edu_in/ETxeBynYDi9DmXRGaN7phMUBn-FK5hTOo3MnfCCuNZW0Ag?e=bnlVYM
2025,,Revaluation Gazette_Mechanical Engg. TE SEM V (C Scheme)_Regular & KT_DEC 2024 Examination,https://vishwaniketaneduin-my.sharepoint.com/:b:/g/personal/exam_vimeet_vishwaniketan_edu_in/ETRxP4LNeuNBmP01vqs7V7sBkp_CKoHqtOn0r5NSouqG4g?e=nntxu8
2025,,Revaluation Gazette_Mechanical Engg. SE SEM III (C Scheme)_Regular & KT_DEC 2024 Examination,https://vishwaniketaneduin-my.sharepoint.com/:b:/g/personal/exam_vimeet_vishwaniketan_edu_in/EeM6x3psiddMh11i0vfpChQBeRchd0rIfbHF26Df7V9Jmg?e=7WxQOG
2025,2025-04-10,Result Honours Degree _AI & ML_Sem-VI__ATKT_'C' Scheme_CBCS_Dec 2024,https://vishwaniketaneduin-my.sharepoint.com/:b:/g/personal/exam_vimeet_vishwaniketan_edu_in/EcDddDGctsdKhUlviv0ItowBlAGBy3yvZAmLdNYdoX7PZQ?e=IoIagN
2025,,Result Honours Degree _AI & ML_Sem-V_'C' Scheme_CBCS_Dec 2024,https://vishwaniketaneduin-my.sharepoint.com/:b:/g/personal/exam_vimeet_vishwaniketan_edu_in/Eb2BcTW_c3lMozA0I7Gj5p4BN5UwFLi5U_I_i12z05ijJw?e=vkPgMR
2025,,Result Honours Degree _Data Science_Sem-V_'C' Scheme_CBCS_Dec 2024,https://vishwaniketaneduin-my.sharepoint.com/:b:/g/personal/exam_vimeet_vishwaniketan_edu_in/EWzLH1TSAT5HvO_vF3rwdmoBp8ExhUrZwN6diPfGxfZG8w?e=GhfZdS
2025,2025-04-09,Result Honours Degree _AI & ML_Sem-VII_'C' Scheme_CBCS_Dec 2024,https://vishwaniketaneduin-my.sharepoint.com/:b:/g/personal/exam_vimeet_vishwaniketan_edu_in/EWtWOwbc6sJOp3TL0dGx87UBz0T9HPlAn963DpU9yWJVLg?e=QvUP26
2025,,Result Honours Degree _Data Science_Sem-VII_'C' Scheme_CBCS_Dec 2024,https://vishwaniketaneduin-my.sharepoint.com/:b:/g/personal/exam_vimeet_vishwaniketan_edu_in/ER6y0-0I0fpLuvaNzNQCFHgByCy6sS9qm5A6_Z0ZA7tIBg?e=Yir0ek
2025,,Result Honours Degree_BlockChain_Sem-VII_'C' Scheme_CBCS_Dec 2024,https://vishwaniketaneduin-my.sharepoint.com/:b:/g/personal/exam_vimeet_vishwaniketan_edu_in/EUfcuayW2oVGgWyaNq9fAQUB1koQP4nY4gWCRVy2uKgPvg?e=xBItDW
2025,,Result TE (Computer Engineering R-2019)_Sem-VI_ Regular & ATKT _'C' Scheme_CBCS_DEC-2024,https://vishwaniketaneduin-my.sharepoint.com/:b:/g/personal/exam_vimeet_vishwaniketan_edu_in/EQ_gMWTQodBFmZ7FXPhjxccBPu9UvmzhNZsWPxw4vluKrA?e=IaW8oI
2025,,Result TE (Computer Engineering R-2019)_Sem-V_ Regular & ATKT _'C' Scheme_CBCS_DEC-2024,https://vishwaniketaneduin-my.sharepoint.com/:b:/g/personal/exam_vimeet_vishwaniketan_edu_in/EYwpHEM0d29Iq0OtzUDazkkBmBDQ5m8waX_HYxPw1QE9ng?e=ZXpE6A
2025,,Result SE (Computer Engineering R-2019)_Sem-III_ Regular & ATKT _'C' Scheme_CBCS_DEC-2024,https://vishwaniketaneduin-my.sharepoint.com/:b:/g/personal/exam_vimeet_vishwaniketan_edu_in/EdkiUp09FnlOmmHKyMJQa8MBYYIJBXt9UJSdnHAQPCKDSA?e=XrViWl
2025,,Result SE (CSE (AI &ML) R-2019)_Sem-IV_  ATKT _'C' Scheme_CBCS_DEC-2024,https://vishwaniketaneduin-my.sharepoint.com/:b:/g/personal/exam_vimeet_vishwaniketan_edu_in/EQwrFgJj2gJJrw2gTDA7aiYB4UKBBjnq195jwEygCvJiJA?e=a1D1oK
2025,,Result TE (CSE (AI &ML) R-2019)_Sem-VI_  ATKT _'C' Scheme_CBCS_DEC-2024,https://vishwaniketaneduin-my.sharepoint.com/:b:/g/personal/exam_vimeet_vishwaniketan_edu_in/Ee-C2l9jlvFMkPtqoZ802jkB5nd2mdtqZ2aXS5E_8gEV9Q?e=kXHPdA
2025,,Result TE (CSE (AI &ML) R-2019)_Sem-V_ Regular & ATKT _'C' Scheme_CBCS_DEC-2024 (Updated),https://vishwaniketaneduin-my.sharepoint.com/:b:/g/personal/exam_vimeet_vishwaniketan_edu_in/Efe-xeZO3M9Gh75gGHD8ToQBijrlCOnjkCwQ8BLqB8nxZQ?e=1CpfQM
2025,,Result SE (CSE (AI &ML) R-2019)_Sem-III_ Regular & ATKT _'C' Scheme_CBCS_DEC-2024,https://vishwaniketaneduin-my.sharepoint.com/:b:/g/personal/exam_vimeet_vishwaniketan_edu_in/EZl6-zJxY-NNv9nfDafhSU4Bm8M4KfQAT7TwXlyQlEzSDg?e=ezA0Bd
2025,2025-03-05,Result SE (Civil Engineering R-2019)_Sem-IV_ ATKT _'C' Scheme_CBCS_DEC-2024,https://vishwaniketaneduin-my.sharepoint.com/:b:/g/personal/exam_vimeet_vishwaniketan_edu_in/ESxdxuPViTlEgVnKCY2hBgYBCVII-kI5AXE681eMODSWyQ?e=NKqp8U
2025,,Result TE (Civil Engineering R-2019)_Sem-VI_ ATKT _'C' Scheme_CBCS_DEC-2024,https://vishwaniketaneduin-my.sharepoint.com/:b:/g/personal/exam_vimeet_vishwaniketan_edu_in/Ec1qGv06jRFFtMT2p2sdmzMBymULANuq-pgajfzKSrvwgQ?e=YaOeb0
2025,,Result TE (Civil Engineering R-2019)_Sem-V_ Regular & ATKT _'C' Scheme_CBCS_DEC-2024,https://vishwaniketaneduin-my.sharepoint.com/:b:/g/personal/exam_vimeet_vishwaniketan_edu_in/EYgHBEFM2spPvwEuWOy2hnwBWkAlhUT_FPhgG6E7_5IOEA?e=nzAkx1
2025,,Result SE (Civil Engineering R-2019)_Sem-III_ Regular & ATKT _'C' Scheme_CBCS_DEC-2024,https://vishwaniketaneduin-my.sharepoint.com/:b:/g/personal/exam_vimeet_vishwaniketan_edu_in/EX5yZQZgUdtFirBOGkb5SkIBMgDynhBtnuZh0m2nzFRSfA?e=eYhgGy
2025,,Result TE (Mechanical Engineering R-2019)_Sem-VI_ ATKT _'C' Scheme_CBCS_DEC-2024,https://vishwaniketaneduin-my.sharepoint.com/:b:/g/personal/exam_vimeet_vishwaniketan_edu_in/EVhOUIulIEFBnJH-zALymU4Bl_u5Gs0FRiDPgWayl6TNiQ?e=2vLpMU
2025,,Result SE (Mechanical Engineering R-2019)_Sem-IV_ ATKT _'C' Scheme_CBCS_DEC-2024,https://vishwaniketaneduin-my.sharepoint.com/:b:/g/personal/exam_vimeet_vishwaniketan_edu_in/EVLfKa7lYPREmim7SvabWLcBdqU5mFaRO4IayB1h7COqOg?e=ZVY72p
2025,,Result TE (Mechanical Engineering R-2019)_Sem-V_ Regular & ATKT _'C' Scheme_CBCS_DEC-2024,https://vishwaniketaneduin-my.sharepoint.com/:b:/g/personal/exam_vimeet_vishwaniketan_edu_in/Eb3VhMhUI-1KudZ6wPnbFi0BYic4gYl0wgB6JecaUOiZQA?e=T3mS8E
2025,,Result SE (Mechanical Engineering R-2019)_Sem-III_ Regular & ATKT _'C' Scheme_CBCS_DEC-2024 (Updated),https://vishwaniketaneduin-my.sharepoint.com/:b:/g/personal/exam_vimeet_vishwaniketan_edu_in/EVMmMbkMnBxIrbcIrHX0HSQBYN3qzDk1gbrEwgKUecl1MA?e=kfM1dP
2025,2025-03-03,Result SE (Electrical Engineering R-2019)_Sem-IV_  ATKT _'C' Scheme_CBCS_DEC-2024,https://vishwaniketaneduin-my.sharepoint.com/:b:/g/personal/exam_vimeet_vishwaniketan_edu_in/EWr-XBBKn_xCuOGKcJkibQ4BB9Yk9msHcWwtWCrpB6fUlg?e=2vAJMp
2025,,Result TE (Electrical Engineering R-2019)_Sem-VI_  ATKT _'C' Scheme_CBCS_DEC-2024,https://vishwaniketaneduin-my.sharepoint.com/:b:/g/personal/exam_vimeet_vishwaniketan_edu_in/EbQUfgzjHPNLn6gzabD0lRMBXoMBK9aN5p1jBGENLYSx3Q?e=Czf53X
2025,,Result TE (Electrical Engineering R-2019)_Sem-V_ Regular & ATKT _'C' Scheme_CBCS_DEC-2024,https://vishwaniketaneduin-my.sharepoint.com/:b:/g/personal/exam_vimeet_vishwaniketan_edu_in/EfQOKP3XggVOinj6_imx4ZoB0MfMIV2oNEn_m_CGo3sjJA?e=P0dRPQ
2025,,Result SE (Electrical Engineering R-2019)_Sem-III_ Regular & ATKT _'C' Scheme_CBCS_DEC-2024 (Updated),https://vishwaniketaneduin-my.sharepoint.com/:b:/g/personal/exam_vimeet_vishwaniketan_edu_in/ETzwye8sJR9NhWnYAhZJalgBLhgo5FxFIDvWUxG_jb7rUA?e=Ywke4X
2025,2025-02-21,Result SE (EXTC Engineering R-2019)_Sem-IV_ ATKT _'C' Scheme_CBCS_DEC-2024,https://vishwaniketaneduin-my.sharepoint.com/:b:/g/personal/exam_vimeet_vishwaniketan_edu_in/EZKFl3ilQKVMgtlVI3IByd4B4NROc1g1cCdCkHQoNU6iYA?e=wYdVP3
2025,,Result TE (EXTC Engineering R-2019)_Sem-VI_ ATKT _'C' Scheme_CBCS_DEC-2024,https://vishwaniketaneduin-my.sharepoint.com/:b:/g/personal/exam_vimeet_vishwaniketan_edu_in/EWtUau1iNjBJpZFXCqJNdA4B5uuoMIV2xtt2bBt7vioXDQ?e=fUDuJH
2025,,Result TE (EXTC Engineering R-2019)_Sem-V_ Regular & ATKT _'C' Scheme_CBCS_DEC-2024,https://vishwaniketaneduin-my.sharepoint.com/:b:/g/personal/exam_vimeet_vishwaniketan_edu_in/Edt0LHeBMBNJpyqgPLxBmSQBk3fZNhTgKfVyFPkbXfjfnA?e=S274Yf
2025,,Result SE (EXTC Engineering R-2019)_Sem-III_ Regular & ATKT _'C' Scheme_CBCS_DEC-2024,https://vishwaniketaneduin-my.sharepoint.com/:b:/g/personal/exam_vimeet_vishwaniketan_edu_in/EWGCygrcW8dGqhFH0ofrY5IBD4zKsGbVP7ydaG-PXQyLjQ?e=gae4ln
2024,2024-11-30,Revaluation Gazette_ExTC Engg. FE SEM II (C Scheme) _MAY 2024 Examination,https://vishwaniketaneduin-my.sharepoint.com/:b:/g/personal/exam_vimeet_vishwaniketan_edu_in/ERrm6kG-fnJOuDJDHlXZP3oBbHI6jH560mjwy3zUltiD8Q?e=kbrRBU
2024,,Revaluation Gazette_Electrical Engg. FE SEM II (C Scheme) _MAY 2024 Examination,https://vishwaniketaneduin-my.sharepoint.com/:b:/g/personal/exam_vimeet_vishwaniketan_edu_in/Efw-0lb-YkJOtpSx-ZK8_ZAB3i7rCZl4ECc6Q_lJGjJv1w?e=Qa0KG6
2024,,Revaluation Gazette_CSE(AI & ML) Engg. FE SEM II (C Scheme) _MAY 2024 Examination,https://vishwaniketaneduin-my.sharepoint.com/:b:/g/personal/exam_vimeet_vishwaniketan_edu_in/Ebheicr-HTJIlxaQ1ng40OABjXbV3VKdx34es547KPeEBA?e=9MdC9V
2024,,Revaluation Gazette_Computer Engg. FE SEM II (C Scheme) _MAY 2024 Examination,https://vishwaniketaneduin-my.sharepoint.com/:b:/g/personal/exam_vimeet_vishwaniketan_edu_in/EW7gQWzDi-BMkGk7CpX4Ms8BUcfuEyz4ue6o3cNQd9lbew?e=cSpHnH
2024,,Revaluation Gazette_Civil Engg. FE SEM II (C Scheme)_MAY 2024 Examination,https://vishwaniketaneduin-my.sharepoint.com/:b:/g/personal/exam_vimeet_vishwaniketan_edu_in/EZXew8OOwIZAsckWBxlweWkBVnMm_K09PYY3RU24sXwLkw?e=NKdg0h
2024,,Revaluation Gazette_Mechanical Engg. FE SEM II (C Scheme)_MAY 2024 Examination,https://vishwaniketaneduin-my.sharepoint.com/:b:/g/personal/exam_vimeet_vishwaniketan_edu_in/EdOjJdtZ9oVLh5NSyidWdXYBPTQUsYe-_MaZSA6Gl_QBmg?e=dbAjV2
2024,2024-10-10,Revaluation Gazette_CSE(AI & ML) Engg. _SE SEM III (C Scheme)_ KT_MAY 2024 Examination,https://vishwaniketaneduin-my.sharepoint.com/:b:/g/personal/exam_vimeet_vishwaniketan_edu_in/EeRdRH3DiONOvcIsHhqmbFIBaoRfXutcvbmHO2hcFxc5vw?e=J3BxAR
2024,,Revaluation Gazette_CSE(AI & ML) Engg. _TE SEM V (C Scheme)_ KT_MAY 2024 Examination,https://vishwaniketaneduin-my.sharepoint.com/:b:/g/personal/exam_vimeet_vishwaniketan_edu_in/Eb6gzbURK1dPht0uIOuczc8BbifR9tzhMUKxB86e8UuEng?e=FDHkfH
2024,,Revaluation Gazette_CSE(AI & ML) Engg. _TE SEM VI (C Scheme)_Regular & KT_MAY 2024 Examination,https://vishwaniketaneduin-my.sharepoint.com/:b:/g/personal/exam_vimeet_vishwaniketan_edu_in/EUBnzU8xdfhMkIfZwvS6TSsBAWn3bW45968yg-EjJXVQpA?e=2Ghkwy
2024,,Revaluation Gazette_Mechanical Engg. TE SEM V (C Scheme)_ KT_MAY 2024 Examination,https://vishwaniketaneduin-my.sharepoint.com/:b:/g/personal/exam_vimeet_vishwaniketan_edu_in/ERfcjOoI7d9HruHtOymsJokBT4iPqyHZ3jGfcuSoZhYFSA?e=yFMXJT
2024,,Revaluation Gazette_Mechanical Engg. SE SEM III (C Scheme)_ KT_MAY 2024 Examination,https://vishwaniketaneduin-my.sharepoint.com/:b:/g/personal/exam_vimeet_vishwaniketan_edu_in/ETO5HiI344lGhL7tMpWRxk8ByQbhQMQGCCDOdQxwYNhGJQ?e=sg2WGU
2024,,Revaluation Gazette_Mechanical Engg. TE SEM VI (C Scheme)_Regular & KT_MAY 2024 Examination,https://vishwaniketaneduin-my.sharepoint.com/:b:/g/personal/exam_vimeet_vishwaniketan_edu_in/EQIiHEBL6vxApCB9RXhAm7IBQgZet5tD2CDVZO3zkluEqg?e=6iKGE9
2024,,Revaluation Gazette_Mechanical Engg. SE SEM IV (C Scheme)_Regular & KT_MAY 2024 Examination,https://vishwaniketaneduin-my.sharepoint.com/:b:/g/personal/exam_vimeet_vishwaniketan_edu_in/EQbuG-p_gfRIlc8chF4U9QYBa4AnMHcxTtZC6bmiscXiUg?e=GDpvA2
2024,,Revaluation Gazette_Computer Engg. SE SEM III (C Scheme)_ KT_MAY 2024 Examination,https://vishwaniketaneduin-my.sharepoint.com/:b:/g/personal/exam_vimeet_vishwaniketan_edu_in/EYePpsvXDWRHk4ZQZeSTxvIBtLxYCVnRg9PNiN87F-1G4Q?e=XGXBid
2024,,Revaluation Gazette_Computer Engg. TE SEM V (C Scheme)_ KT_MAY 2024 Examination,https://vishwaniketaneduin-my.sharepoint.com/:b:/g/personal/exam_vimeet_vishwaniketan_edu_in/EQNWjrTys-hGpb5VTjbltC0BdQllKOXgPFshh4q49QudsQ?e=XQkKyY
2024,,Revaluation Gazette_Computer Engg. TE SEM VI (C Scheme)_Regular & KT_MAY 2024 Examination,https://vishwaniketaneduin-my.sharepoint.com/:b:/g/personal/exam_vimeet_vishwaniketan_edu_in/ERlueLfhfUJJpO6v6xas1y0B5vS9GLhtYzuNewSrQ911vg?e=WDOwaH
2024,,Revaluation Gazette_Computer Engg. SE SEM IV (C Scheme)_Regular & KT_MAY 2024 Examination,https://vishwaniketaneduin-my.sharepoint.com/:b:/g/personal/exam_vimeet_vishwaniketan_edu_in/EU5_F-0KwgNLuWoCnCLUpf8BNB0glGcg4LbjFGJXJuUKZA?e=f3mtbf
2024,2024-10-09,Revaluation Gazette_EXTC Engg. SE SEM IV (C Scheme)_ Regular & KT_MAY 2024 Examination,https://vishwaniketaneduin-my.sharepoint.com/:b:/g/personal/exam_vimeet_vishwaniketan_edu_in/EeqT7f-vygpJm5UBLnp2gJQBQz4MLFuCpanSbFtNNn2UDw?e=UKdgUG
2024,,Revaluation Gazette_EXTC Engg. SE SEM III (C Scheme)_ KT_MAY 2024 Examination,https://vishwaniketaneduin-my.sharepoint.com/:b:/g/personal/exam_vimeet_vishwaniketan_edu_in/ESrGyBm-h6FBhQ46NCdkVTABIGAyRmju6hpfoVgGBRASiw?e=VgG2UP
2024,,Revaluation Gazette_Electrical Engg. TE SEM V (C Scheme)_ KT_MAY 2024 Examination,https://vishwaniketaneduin-my.sharepoint.com/:b:/g/personal/exam_vimeet_vishwaniketan_edu_in/EW6jL1by3EZNjSWIAkmnSvkB3EifAM9jNcXNiF5Gyj5Nuw?e=iFP1bX
2024,,Revaluation Gazette_Electrical Engg. TE SEM VI (C Scheme)_Regular & KT_MAY 2024 Examination,https://vishwaniketaneduin-my.sharepoint.com/:b:/g/personal/exam_vimeet_vishwaniketan_edu_in/EZMnf_JCl9VKviJ1bdBMpd8B7ChZ6IFvS2LdsuMDBvHSww?e=8cu5IH
2024,,Revaluation Gazette_Electrical Engg. SE SEM IV (C Scheme)_Regular & KT_MAY 2024 Examination,https://vishwaniketaneduin-my.sharepoint.com/:b:/g/personal/exam_vimeet_vishwaniketan_edu_in/EeNiUyhZoQRPjPg3DX0usz0BMb36-dtIfqgsFODkJFe8Kw?e=UXuNkP
2024,,Revaluation Gazette_Electrical Engg. SE SEM III (C Scheme)_ KT_MAY 2024 Examination,https://vishwaniketaneduin-my.sharepoint.com/:b:/g/personal/exam_vimeet_vishwaniketan_edu_in/EdsL96OJnBVGlWX41396FCABc90D7rB_20Z2T_JXPLA-dA?e=bTFhe2
2024,2024-10-04,Revaluation Gazette_CIVIL Engg. SE SEM VI (C Scheme)_Regular & KT_MAY 2024 Examination,https://vishwaniketaneduin-my.sharepoint.com/:b:/g/personal/exam_vimeet_vishwaniketan_edu_in/ERz4PLPKCTZPgR3Yl7DrnjYBilus7Dx1L0AlG8TEJlD_9A?e=3SamTG
2024,,Revaluation Gazette_CIVIL Engg. SE SEM V (C Scheme)_ KT_MAY 2024 Examination,https://vishwaniketaneduin-my.sharepoint.com/:b:/g/personal/exam_vimeet_vishwaniketan_edu_in/EY-E81O4n9NNuDuIpLjF0CQBMTbo7jfEZ0ez4CPNRD9isw?e=WyZysk
2024,,Revaluation Gazette_CIVIL Engg. SE SEM III (C Scheme)_ KT_MAY 2024 Examination,https://vishwaniketaneduin-my.sharepoint.com/:b:/g/personal/exam_vimeet_vishwaniketan_edu_in/EQHE7vTCiENLpSdBCsnAr7ABHQwcajwvOAXTS3GQCE0V1g?e=4j6F7a
2024,,Revaluation Gazette_CIVIL Engg. SE SEM IV (C Scheme)_Regular & KT_MAY 2024 Examination,https://vishwaniketaneduin-my.sharepoint.com/:b:/g/personal/exam_vimeet_vishwaniketan_edu_in/ETeN9hu_pYpEv-bTF_aAJOEBPQpDOusju30YBtBxyF_6uA?e=D3WFmk
2024,2024-09-06,Result Honours Degree _DataScience_Sem-VII_'C' Scheme_CBCS_May 2024,https://vishwaniketaneduin-my.sharepoint.com/:b:/g/personal/exam_vimeet_vishwaniketan_edu_in/EQ__kgyJWMlDk9AfUpZ5oD0B9fdRHS_EHuIRV1l2lZWVfg?e=c3LcMQ
2024,,Result Honours Degree _BlockChain_Sem-VII_'C' Scheme_CBCS_May 2024,https://vishwaniketaneduin-my.sharepoint.com/:b:/g/personal/exam_vimeet_vishwaniketan_edu_in/EW62wKDL7YdEm5pbJlHeirwBwWRagyzobwTAVd-Qvvj96A?e=JoxIoQ
2024,,Result Honours Degree _BlockChain_Sem-V_'C' Scheme_CBCS_May 2024,https://vishwaniketaneduin-my.sharepoint.com/:b:/g/personal/exam_vimeet_vishwaniketan_edu_in/ET0NCYcZFnBLioLSJnASFYIBm2cU2Xg3kN9SlXjiyUF_rg?e=xmwdd7
2024,,Result Honours Degree _BlockChain_Sem-VI_'C' Scheme_CBCS_May 2024,https://vishwaniketaneduin-my.sharepoint.com/:b:/g/personal/exam_vimeet_vishwaniketan_edu_in/ETsUkOE9g-FLjmkGBpRrNI0BxlBeP5zuiatH6LiemSmVrg?e=zOJvp9
2024,,Result Honours Degree _AI & ML_Sem-VI_'C' Scheme_CBCS_May 2024,https://vishwaniketaneduin-my.sharepoint.com/:b:/g/personal/exam_vimeet_vishwaniketan_edu_in/Ef9f7_BpfsRAodQKL8aA7_EByLAVFHjsRmLHaH2noTcyfQ?e=b2vGld
2024,,Result Honours Degree _Data Science_Sem-VI_'C' Scheme_CBCS_May 2024,https://vishwaniketaneduin-my.sharepoint.com/:b:/g/personal/exam_vimeet_vishwaniketan_edu_in/EarMyxHxWkFDvmf5zKtQkzUB51yHarSBtTKQ3BymbQx-Vw?e=yT1xE0
2024,,Result Honours Degree (Electrical Vehicle)_Electrical_Sem-VIII_'C' Scheme_CBCS_May 2024,https://vishwaniketaneduin-my.sharepoint.com/:b:/g/personal/exam_vimeet_vishwaniketan_edu_in/EffOpWi6K3ZCv5mExgHUzjYBFnQSw2Pu39nrOrYqVFEBBQ?e=g71Ycm
2024,,Result Honours Degree (DataScience)_CSE(AI & ML)_Sem-VIII_'C' Scheme_CBCS_May 2024,https://vishwaniketaneduin-my.sharepoint.com/:b:/g/personal/exam_vimeet_vishwaniketan_edu_in/ESorO8QkfKhHiXuFxNgiNX8BSdgNt-mUiwEUtBtSqnzFRA?e=cxMteJ
2024,,Result Honours Degree (DataScience)_COMPUTER_Sem-VIII_'C' Scheme_CBCS_May 2024,https://vishwaniketaneduin-my.sharepoint.com/:b:/g/personal/exam_vimeet_vishwaniketan_edu_in/EV5CjsObt8xJmzh_deBFUawBfWJld8iGoGvsxcz4cfTeeQ?e=uX9Jsw
2024,,Result Honours Degree (BlockChain)_CSE(AI & ML)_Sem-VIII_'C' Scheme_CBCS_May 2024,https://vishwaniketaneduin-my.sharepoint.com/:b:/g/personal/exam_vimeet_vishwaniketan_edu_in/EelzYoPScqlBiRJme6MHvvkB_YL9WMhmeiziLKWoU1NmLQ?e=95Tr9S
2024,,Result Honours Degree (BlockChain)_COMPUTER_Sem-VIII_'C' Scheme_CBCS_May 2024,https://vishwaniketaneduin-my.sharepoint.com/:b:/g/personal/exam_vimeet_vishwaniketan_edu_in/ET_BXIrmY4VLrApFZ2f8f5cBQU27KuWOa6nCf1fQ2ObUBw?e=p9Y9AG
2024,,Result Honours Degree (AI & ML)_COMPUTER_Sem-VIII_'C' Scheme_CBCS_May 2024,https://vishwaniketaneduin-my.sharepoint.com/:b:/g/personal/exam_vimeet_vishwaniketan_edu_in/EU7EpHT3hdFDq6y1MgCGeDUBfG5YReN1GPIdY2ejErYG9A?e=7K4Jdq
2024,,Result Honours Degree (AI & ML)_EXTC_Sem-VIII_'C' Scheme_CBCS_May 2024,https://vishwaniketaneduin-my.sharepoint.com/:b:/g/personal/exam_vimeet_vishwaniketan_edu_in/ER4nlPK_U-hCit8cVXdkwFMBDhWzQ2zLp_lXkJA5k0ZUxg?e=ZfD26G
2024,2024-08-26,Result TE (Electrical Engineering R-2019)_Sem-VI_ Regular_'C' Scheme_CBCS_May-2024,https://vishwaniketaneduin-my.sharepoint.com/:b:/g/personal/exam_vimeet_vishwaniketan_edu_in/EeiOHsWcVHFEltNKVUMLMlgB8u9XSVCpjaMfOFQy-hQvnw?e=tSqUcK
2024,,Result TE (Electrical Engineering R-2019)_Sem-VI_ KT_'C' Scheme_CBCS_May-2024,https://vishwaniketaneduin-my.sharepoint.com/:b:/g/personal/exam_vimeet_vishwaniketan_edu_in/EcZCGx4ScxxKlVI7YZibpX8B-NX0-zqilMNeUQ3MpQxA3g?e=JECWsz
2024,,Result TE (Electrical Engineering R-2019)_Sem-V_ NKT_'C' Scheme_CBCS_May-2024,https://vishwaniketaneduin-my.sharepoint.com/:b:/g/personal/exam_vimeet_vishwaniketan_edu_in/ER04ieXluWRBogYwqYHb01QBE2M_f38daeKTKl37iEdvvA?e=wYib3p
2024,,Result TE (Electrical Engineering R-2019)_Sem-V_ KT_'C' Scheme_CBCS_May-2024,https://vishwaniketaneduin-my.sharepoint.com/:b:/g/personal/exam_vimeet_vishwaniketan_edu_in/ERX6VzeNV0FNr-TRHxvf3kUBYoKiylsQ0ziGifGt6UoVXw?e=2dlWof
2024,,Result SE (Electrical Engineering R-2019)_Sem-IV_ Regular_'C' Scheme_CBCS_May-2024,https://vishwaniketaneduin-my.sharepoint.com/:b:/g/personal/exam_vimeet_vishwaniketan_edu_in/Ef8ufVhlX-xBh6KVdh8-N18B4MAHcfZ1YB3-E1X1D6nepQ?e=KtkKRN
2024,,Result SE (Electrical Engineering R-2019)_Sem-IV_ ATKT_'C' Scheme_CBCS_May-2024,https://vishwaniketaneduin-my.sharepoint.com/:b:/g/personal/exam_vimeet_vishwaniketan_edu_in/EQmtPwUWMFRLm4X8QH6yiqYBlZSQG3EX39NmlUk172D_yg?e=hb8EDG
2024,,Result SE (Electrical Engineering R-2019)_Sem-III_ ATKT_'C' Scheme_CBCS_May-2024,https://vishwaniketaneduin-my.sharepoint.com/:b:/g/personal/exam_vimeet_vishwaniketan_edu_in/EXxOof7yEmpOkvoutYJXV1QBKw-1NssLFxmYwQgPnk42Gw?e=kgwTp4
2024,,Result TE (Mechanical Engineering R-2019)_Sem-VI_ Regular_'C' Scheme_CBCS_May-2024,https://vishwaniketaneduin-my.sharepoint.com/:b:/g/personal/exam_vimeet_vishwaniketan_edu_in/EUa7HqjAMuhBnQda0WRmi7EBf9GAK7ubZpgVn0bJWg8Tew?e=vK6EjF
2024,,Result TE (Mechanical Engineering R-2019)_Sem-VI_ KT_'C' Scheme_CBCS_May-2024,https://vishwaniketaneduin-my.sharepoint.com/:b:/g/personal/exam_vimeet_vishwaniketan_edu_in/EYBn_cIJ4HpNkCP7mUQ4i7YBpBM96AZ7W-xGfP2Bv75vvQ?e=Lrd2KD
2024,,Result TE (Mechanical Engineering R-2019)_Sem-V_ NKT_'C' Scheme_CBCS_May-2024,https://vishwaniketaneduin-my.sharepoint.com/:b:/g/personal/exam_vimeet_vishwaniketan_edu_in/Ef05Myil7shFn4CN_JhUQrABo17SlxLxKFT7Jotja_Ydcg?e=NzLbwI
2024,,Result TE (Mechanical Engineering R-2019)_Sem-V_ KT_'C' Scheme_CBCS_May-2024,https://vishwaniketaneduin-my.sharepoint.com/:b:/g/personal/exam_vimeet_vishwaniketan_edu_in/EQ3ZYc6T1DlLm3UtU5CyrtcB6Q9vRjiulCtr5qQJB7tTOA?e=UqVku5
2024,,Result SE (Mechanical Engineering R-2019)_Sem-IV_ KT_'C' Scheme_CBCS_May-2024,https://vishwaniketaneduin-my.sharepoint.com/:b:/g/personal/exam_vimeet_vishwaniketan_edu_in/EaAiQTIi9NBApq0RCBz5zC8B4Tt75_dsZmxhz00AbAqrvg?e=h0ljBZ
2024,,Result SE (Mechanical Engineering R-2019)_Sem-IV_ Regular_'C' Scheme_CBCS_May-2024,https://vishwaniketaneduin-my.sharepoint.com/:b:/g/personal/exam_vimeet_vishwaniketan_edu_in/EZuL2hS_h7pPuq1ulcQ4TxgBO3vMD-mLSF5GGxpN8LLW7w?e=D1fTuB
2024,,Result SE (Mechanical Engineering R-2019)_Sem-III_ ATKT_'C' Scheme_CBCS_May-2024,https://vishwaniketaneduin-my.sharepoint.com/:b:/g/personal/exam_vimeet_vishwaniketan_edu_in/EV8kTJbsvUhDqLcaBPUDLd0Bku0fEaIxBlhZ2zZwXwY4-g?e=7BAJ3D
2024,,Result TE (EXTC Engineering R-2019)_Sem-V_ KT_'C' Scheme_CBCS_May-2024,https://vishwaniketaneduin-my.sharepoint.com/:b:/g/personal/exam_vimeet_vishwaniketan_edu_in/ESiPWCKSGuJGhiDv5vE959MBwbydeWDa1Jr8COmpT9Nxwg?e=66THMr
2024,,Result TE (EXTC Engineering R-2019)_Sem-V_ NKT_'C' Scheme_CBCS_May-2024,https://vishwaniketaneduin-my.sharepoint.com/:b:/g/personal/exam_vimeet_vishwaniketan_edu_in/ERM06ON2UDhOjsaCB04gaG0B7PL512F0cJ_XGSafmxnqHg?e=ofhykF
2024,,Result TE (EXTC Engineering R-2019)_Sem-VI_ Regular_'C' Scheme_CBCS_May-2024,https://vishwaniketaneduin-my.sharepoint.com/:b:/g/personal/exam_vimeet_vishwaniketan_edu_in/EQk3fG7_tKJOlf7LmDYYIqwBsKZK95vmNgiAw90i84YMmg?e=yVaYdL
2024,,Result SE (EXTC Engineering R-2019)_Sem-IV_ Regular_'C' Scheme_CBCS_May-2024,https://vishwaniketaneduin-my.sharepoint.com/:b:/g/personal/exam_vimeet_vishwaniketan_edu_in/ERxO_wFhm4hErLrFNg_2qg4BPya3KYuDKvZvsxhf_9ayZA?e=LbzrEG
2024,,Result SE (EXTC Engineering R-2019)_Sem-IV_ ATKT_'C' Scheme_CBCS_May-2024,https://vishwaniketaneduin-my.sharepoint.com/:b:/g/personal/exam_vimeet_vishwaniketan_edu_in/EVdiDx0Bu4ZErwoQJAejYAwBDwjUYxDJ9ng-v3fDimsrdQ?e=Bj7Woh
2024,,Result SE (EXTC Engineering R-2019)_Sem-III_ ATKT_'C' Scheme_CBCS_May-2024,https://vishwaniketaneduin-my.sharepoint.com/:b:/g/personal/exam_vimeet_vishwaniketan_edu_in/EU6af_PbtcRFlmWDSRPdjrYBenJEbtaWTNlgyYbusuq-yQ?e=3aqPL9
2024,,Result TE (CIVIL Engineering R-2019)_Sem-V_ KT_'C' Scheme_CBCS_May-2024,https://vishwaniketaneduin-my.sharepoint.com/:b:/g/personal/exam_vimeet_vishwaniketan_edu_in/Ecs57C8lN4FIuBjdTRBNTpcBsV1OkJhKWUBhwRHAnCnDJw?e=VgmwNC
2024,,Result SE (CIVIL Engineering R-2019)_Sem-IV_ KT_'C' Scheme_CBCS_May-2024,https://vishwaniketaneduin-my.sharepoint.com/:b:/g/personal/exam_vimeet_vishwaniketan_edu_in/EeME3-QJINlGuzu_XvaKJK0B9h_aFDjs5G9axryjMVRhYw?e=oypcbP
2024,,Result SE (CIVIL Engineering R-2019)_Sem-III_ ATKT_'C' Scheme_CBCS_May-2024,https://vishwaniketaneduin-my.sharepoint.com/:b:/g/personal/exam_vimeet_vishwaniketan_edu_in/EX_843DKv81CruZ3q2PIaloBUb1g4Bw3ElBxrEpFetAhiw?e=KM6t2f
2024,2024-08-08,Result TE (CSE( AI & ML) R-2019)_Sem-V_ NKT_'C' Scheme_CBCS_May-2024,https://vishwaniketaneduin-my.sharepoint.com/:b:/g/personal/exam_vimeet_vishwaniketan_edu_in/EaORnnM1CsFGjWV9DQdHg4sBmnPXCoyymHZafeWC9bXgWg?e=39Awnu
2024,,Result TE (CSE( AI & ML) R-2019)_Sem-V_ ATKT_'C' Scheme_CBCS_May-2024,https://vishwaniketaneduin-my.sharepoint.com/:b:/g/personal/exam_vimeet_vishwaniketan_edu_in/EZlg24FX4nZFuizafv5hFc0BFlRvkXiZAHQzNKwdSI-94Q?e=WlBYuq
2024,,Result TE (CSE( AI & ML) R-2019)_Sem-VI_ Regular_'C' Scheme_CBCS_May-2024,https://vishwaniketaneduin-my.sharepoint.com/:b:/g/personal/exam_vimeet_vishwaniketan_edu_in/EbQbtMXHkmVBvHIPdv-WZ-UBJuV9s-JNyalx8oo2X1X6mQ?e=BfVmef
2024,,Result TE (CSE( AI & ML) R-2019)_Sem-VI_ KT_'C' Scheme_CBCS_May-2024,https://vishwaniketaneduin-my.sharepoint.com/:b:/g/personal/exam_vimeet_vishwaniketan_edu_in/EcckH0UEAERFsg2a5NqbG3IB2fSDjy5XMKlrrnRUgfo_Hg?e=hnkUgV
2024,,Result SE (CSE( AI & ML) R-2019)_Sem-IV_ Regular_'C' Scheme_CBCS_May-2024,https://vishwaniketaneduin-my.sharepoint.com/:b:/g/personal/exam_vimeet_vishwaniketan_edu_in/EQ2OZ4YK0iNBi_Umtqwpd2sBt0Kq4TuL8NlkoC1lvGmD-Q?e=KzqAxn
2024,,Result SE (CSE( AI & ML) R-2019)_Sem-IV_ ATKT_'C' Scheme_CBCS_May-2024,https://vishwaniketaneduin-my.sharepoint.com/:b:/g/personal/exam_vimeet_vishwaniketan_edu_in/EfTCKaQ7u9pKl0TRDOwNPSEBJqowxh2yHTP9cDavfjPcqQ?e=7Kpgmq
2024,,Result SE (CSE( AI & ML) R-2019)_Sem-III_ ATKT_'C' Scheme_CBCS_May-2024,https://vishwaniketaneduin-my.sharepoint.com/:b:/g/personal/exam_vimeet_vishwaniketan_edu_in/ERbh39arKoxCpQOprzg1SIcBu3ANete_MfrMjdnmgqn3oQ?e=2cwpy7
2024,,Result TE (COMPUTER Engg. R-2019)_Sem-VI_ Regular_'C' Scheme_CBCS_May-2024,https://vishwaniketaneduin-my.sharepoint.com/:b:/g/personal/exam_vimeet_vishwaniketan_edu_in/EVoSiuFX1CVNvUNCYONZh3ABl9aMVhg_AtZ_U5L2xpxVYQ?e=Sv2gLh
2024,,Result TE (COMPUTER Engg. R-2019)_Sem-VI_ KT_'C' Scheme_CBCS_May-2024,https://vishwaniketaneduin-my.sharepoint.com/:b:/g/personal/exam_vimeet_vishwaniketan_edu_in/ETxlw6kNMhxDgXpMCnsZ5D4BSXmckhn5G9Y1Vls2br3I6g?e=7A9e6n
2024,,Result TE (COMPUTER Engg. R-2019)_Sem-V_ KT_'C' Scheme_CBCS_May-2024,https://vishwaniketaneduin-my.sharepoint.com/:b:/g/personal/exam_vimeet_vishwaniketan_edu_in/EcdKTJGybQxCqY8fcBI-8zcBSwoRSq2D2eZBujFfMvSnSA?e=JD9o8U
2024,,Result TE (COMPUTER Engg. R-2019)_Sem-V_ NKT_'C' Scheme_CBCS_May-2024,https://vishwaniketaneduin-my.sharepoint.com/:b:/g/personal/exam_vimeet_vishwaniketan_edu_in/EdwwVvAts4dKt6Nv9YpYau8B80z_nuG6a5Cw77yQVB3BmA?e=eelgI7
2024,,Result SE (COMPUTER Engg. R-2019)_Sem-IV_ Regular_'C' Scheme_CBCS_May-2024,https://vishwaniketaneduin-my.sharepoint.com/:b:/g/personal/exam_vimeet_vishwaniketan_edu_in/Echc9B9o9aRLmjqpUSirKbABjiK4XMtjN-RUDLqJS7RnuQ?e=PH59eR
2024,,Result SE (COMPUTER Engg. R-2019)_Sem-IV_ ATKT_'C' Scheme_CBCS_May-2024,https://vishwaniketaneduin-my.sharepoint.com/:b:/g/personal/exam_vimeet_vishwaniketan_edu_in/ESHSp1UIZwtMkAg1GDHa1BABO9RR1H3e2gPXSVDASMVvYw?e=9VjyFy
2024,,Result SE (COMPUTER Engg. R-2019)_Sem-III_ ATKT_'C' Scheme_CBCS_May-2024,https://vishwaniketaneduin-my.sharepoint.com/:b:/g/personal/exam_vimeet_vishwaniketan_edu_in/EUUCKJw-kcFAkslSiGT1zzQBTZfH-LgoeeorMkfsS-TSHw?e=Ee8eaR
2024,2024-06-25,B.E.(with credits) - Regular - CBCS(CSE(AI & ML) Engineering_lot 2)- B.E. C-Scheme - Sem VII Examination: Winter Session 2023,https://vishwaniketaneduin-my.sharepoint.com/:b:/g/personal/exam_vimeet_vishwaniketan_edu_in/EeR1mb_xRQVGvk2Wn9PzB0gBcIXU9QhAsz8SLc1qBa_I6w?e=Gm4hfJ
2024,,B.E.(with credits) - Regular - CBCS(CSE(AI & ML) Engineering_lot 1)- B.E. C-Scheme - Sem VII Examination: Winter Session 2023,https://vishwaniketaneduin-my.sharepoint.com/:b:/g/personal/exam_vimeet_vishwaniketan_edu_in/EWrHyHbYkdpDkRjoXT-SFmcBvGVnOhhBzfC5ebG3JMx-DQ?e=kts4Lj
2024,,B.E.(with credits) - Regular - CBCS(ELECTRICAL Engineering)- B.E. C-Scheme - Sem VII Examination: Winter Session 2023,https://vishwaniketaneduin-my.sharepoint.com/:b:/g/personal/exam_vimeet_vishwaniketan_edu_in/EficTfZo1k9Ho4dBC0eGBFEBAR6VOIs8wtDzQ4UKe9v6VA?e=AgYgjW
2024,,B.E.(with credits) - Regular - CBCS(EXTC Engineering)- B.E. C-Scheme - Sem VII Examination: Winter Session 2023,https://vishwaniketaneduin-my.sharepoint.com/:b:/g/personal/exam_vimeet_vishwaniketan_edu_in/EXpx72jcEkNEq3uvFuun3lIB2HIzRQWvAmbLaDQD8dfg8A?e=hcS8fm
2024,2024-06-24,REVALUATION_B.E.(with credits) - Regular - CBCS(COMPUTER Engineering)- B.E. C-Scheme - Sem VII Examination: Winter Session 2023,https://vishwaniketaneduin-my.sharepoint.com/:b:/g/personal/exam_vimeet_vishwaniketan_edu_in/EduSRp5vXBtAiDYwC99cNDkB17Dz8UA-A1gzj7n6AuxaCA?e=dEelHz
2024,,REVALUATION_B.E.(with credits) - Regular - CBCS(MECHANICAL Engineering)- B.E. C-Scheme - Sem VII Examination: Winter Session 2023,https://vishwaniketaneduin-my.sharepoint.com/:b:/g/personal/exam_vimeet_vishwaniketan_edu_in/EQ2Y0GYXs3ZDv0dDpW0eGrMBPiuN188vX5YYExPNU_8QVQ?e=8GfNbW
2024,,REVALUATION_B.E.(with credits) - Regular - CBCS(CIVIL Engineering)- B.E. C-Scheme - Sem VII Examination: Winter Session 2023,https://vishwaniketaneduin-my.sharepoint.com/:b:/g/personal/exam_vimeet_vishwaniketan_edu_in/Eeq_JDIIQPNKmR2v4TRz2SMBe9AY5a87o63zBXwaZHIz-g?e=VHXBFK
2024,,REVALUATION_B.E.(with credits) - Regular - CBCS(ELETRICAL Engineering)- B.E. C-Scheme - Sem VII Examination: Winter Session 2023,https://vishwaniketaneduin-my.sharepoint.com/:b:/g/personal/exam_vimeet_vishwaniketan_edu_in/EXn0GEH6fOZAgxlRsfvfb5gBA32SWF4vBHJ74pr_wMb9Fg?e=1Spyzi
2024,2024-05-30,Result Honours Degree (Electrical Vehicle)_Electrical_Sem-VII_'C' Scheme_CBCS_Dec-2023,https://vishwaniketaneduin-my.sharepoint.com/:b:/g/personal/exam_vimeet_vishwaniketan_edu_in/ERhKHw5pck5EoRtUxCbda-wBWIYJ5bXdscGxHpDg-z4D-g?e=mEEMw2
2024,,Result Honours Degree (Data Science)_Computer_Sem-VII_'C' Scheme_CBCS_Dec-2023,https://vishwaniketaneduin-my.sharepoint.com/:b:/g/personal/exam_vimeet_vishwaniketan_edu_in/EXQR0yXjJXJPhiDFyUFx3_kBHnEXgr-B-r_Vhx_RywWzsA?e=SaaFqg
2024,,Result Honours Degree (Data Science)_CSE(AI & ML)_Sem-VII_'C' Scheme_CBCS_Dec-2023,https://vishwaniketaneduin-my.sharepoint.com/:b:/g/personal/exam_vimeet_vishwaniketan_edu_in/EV5O5gYDZf9Jgwd8YzPIPesBxUVYnuIcz2083277xOomUg?e=hUqe66
2024,,Result Honours Degree (Block Chain)_CSE(AI & ML)_Sem-VII_'C' Scheme_CBCS_Dec-2023,https://vishwaniketaneduin-my.sharepoint.com/:b:/g/personal/exam_vimeet_vishwaniketan_edu_in/EfddRyCBCetKnYDRB_ty1GYBNeZbFA0F2GbmvL-iiGPb-A?e=KqDBcV
2024,,Result Honours Degree (Block Chain)_Computer_Sem-VII_'C' Scheme_CBCS_Dec-2023,https://vishwaniketaneduin-my.sharepoint.com/:b:/g/personal/exam_vimeet_vishwaniketan_edu_in/ESreHdH-gpdMkvKtx-MuF1IBL42kxK9T-4hN5Ju8ehpToQ?e=WPDNMi
2024,,Result Honours Degree (AI & ML)_Computer_Sem-VII_'C' Scheme_CBCS_Dec-2023,https://vishwaniketaneduin-my.sharepoint.com/:b:/g/personal/exam_vimeet_vishwaniketan_edu_in/EanllwTZq4tAuEpiQSYEYkUBqhMWYbN4j4nHdXXWmk3O4g?e=29FHqv
2024,,Result Honours Degree (AI & ML)_EXTC_Sem-VII_'C' Scheme_CBCS_Dec-2023,https://vishwaniketaneduin-my.sharepoint.com/:b:/g/personal/exam_vimeet_vishwaniketan_edu_in/Eb9oyVzK1rFMuUjEc1VUmgUBjFCsoDYpYc4tPPR-QbR4AA?e=xJmpHI
2024,2024-04-24,Revaluation Gazette_Computer Engg. TE SEM V (C Scheme)_ Regular & KT_DEC 2023 Examination,https://vishwaniketaneduin-my.sharepoint.com/:b:/g/personal/exam_vimeet_vishwaniketan_edu_in/EcdxRbYtrrVBluV1a4fcnWYBrUU8cbKX-2jY6MZKj1KzOw?e=TZG1HI
2024,,Revaluation Gazette_Computer Engg. TE SEM VI (C Scheme)_ KT_DEC 2023 Examination,https://vishwaniketaneduin-my.sharepoint.com/:b:/g/personal/exam_vimeet_vishwaniketan_edu_in/EVg08TZFKTdCryfy3H6WsGYBp7RhJsjwZSjbFva5yAn-NQ?e=La4ULL
2024,,Revaluation Gazette_Computer Engg. SE SEM IV (C Scheme)_ KT_DEC 2023 Examination,https://vishwaniketaneduin-my.sharepoint.com/:b:/g/personal/exam_vimeet_vishwaniketan_edu_in/EcoDBAKVHzhCnMrMt8oaHIgBeuvHbAlHLCi_14u1ERZemw?e=2VWE6N
2024,2024-04-23,Revaluation Gazette_EXTC Engg. SE SEM IV (C Scheme)_ KT_DEC 2023 Examination,https://vishwaniketaneduin-my.sharepoint.com/:b:/g/personal/exam_vimeet_vishwaniketan_edu_in/EUeICy7ECgNPhsRggd-c7IYB_pU3BiPDO50NlKQQCw87ww?e=G95xtx
2024,,Revaluation Gazette_EXTC Engg. SE SEM III (C Scheme)_Regular & KT_DEC 2023 Examination,https://vishwaniketaneduin-my.sharepoint.com/:b:/g/personal/exam_vimeet_vishwaniketan_edu_in/EQCymd7OJjlMmGC5pEwOLKEB5I-qvqpdLBNWUaV3ro4SMg?e=LZccpJ
2024,2024-04-20,Revaluation Gazette_Electrical Engg. TE SEM VI (C Scheme)_ATKT_DEC 2023 Examination,https://vishwaniketaneduin-my.sharepoint.com/:b:/g/personal/exam_vimeet_vishwaniketan_edu_in/EZY6kaQq_ItIlw_T5m2tY-wBbyCTYYT5rLoYv3V9xFtuHg?e=pngh0U
2024,,Revaluation Gazette_Electrical Engg. SE SEM IV (C Scheme)_ATKT_DEC 2023 Examination,https://vishwaniketaneduin-my.sharepoint.com/:b:/g/personal/exam_vimeet_vishwaniketan_edu_in/EZF9GtM1R79LsuM6aQOKreUBQZuggY4OGuW2z2mbj7BwJg?e=raeFbY
2024,,Revaluation Gazette_Electrical Engg. TE SEM V (C Scheme)_Regular & KT_DEC 2023 Examination,https://vishwaniketaneduin-my.sharepoint.com/:b:/g/personal/exam_vimeet_vishwaniketan_edu_in/ETY85LVIYe5Bh7841hgv2GgByeNDAXNgbls4FtrRQ5YZfw?e=hHpdrM
2024,,Revaluation Gazette_Electrical Engg. SE SEM III (C Scheme)_Regular & KT_DEC 2023 Examination,https://vishwaniketaneduin-my.sharepoint.com/:b:/g/personal/exam_vimeet_vishwaniketan_edu_in/EVgm8JQHYZpOoPk9k4uatFEBh1AZMOg0vS5-m5ldtmhpUA?e=Qbg8Qy
2024,,Revaluation Gazette_Mechanical Engg. TE SEM VI (C Scheme)_ATKT_DEC 2023 Examination,https://vishwaniketaneduin-my.sharepoint.com/:b:/g/personal/exam_vimeet_vishwaniketan_edu_in/EQ-9yFRXzQ1Bj5VdjQu7lv4BvZtl8L3G2uZ0Z4afOCZbWg?e=dShXb9
2024,,Revaluation Gazette_Mechanical Engg. SE SEM IV (C Scheme)_ATKT_DEC 2023 Examination,https://vishwaniketaneduin-my.sharepoint.com/:b:/g/personal/exam_vimeet_vishwaniketan_edu_in/Ed_YPcsjVPpJosgU2BaHIdcBWnXR4z6HWtxy7dN8784grQ?e=Dy7ol3
2024,,Revaluation Gazette_Mechanical Engg. TE SEM V (C Scheme)_Regular & KT_DEC 2023 Examination,https://vishwaniketaneduin-my.sharepoint.com/:b:/g/personal/exam_vimeet_vishwaniketan_edu_in/ERBy4jsztxpAjhgxuUTVZZkBmJlSX6kF_fuSdykxHsZHSg?e=sFBhyu
2024,,Revaluation Gazette_Mechanical Engg. SE SEM III (C Scheme)_Regular & KT_DEC 2023 Examination,https://vishwaniketaneduin-my.sharepoint.com/:b:/g/personal/exam_vimeet_vishwaniketan_edu_in/EdpK-7n42rFDg3NmLYI_53gB8fq0DUR3Aoanne5DZ4TTeg?e=bAvjo1
2024,2024-04-08,Result TE (Civil Engg. R-2019)_Sem-VI_ ATKT_'C' Scheme_CBCS_Dec-2023,https://vishwaniketaneduin-my.sharepoint.com/:b:/g/personal/exam_vimeet_vishwaniketan_edu_in/EWpr-nm-ARBMiJzGp2lpMK0BIToeyuMWtxI-Kg6tn8VI4A?e=ZJwPGc
2024,,Result TE (Civil Engg. R-2019)_Sem-V_Regular and ATKT_'C' Scheme_CBCS_Dec-2023,https://vishwaniketaneduin-my.sharepoint.com/:b:/g/personal/exam_vimeet_vishwaniketan_edu_in/EQWNn8xEpX5ImlqQdvsaKkgByWQRYiEBVHoJrYEZwPUoDw?e=AHdPhl
2024,,Result SE (Civil Engg. R-2019)_Sem-IV_ ATKT_'C' Scheme_CBCS_Dec-2023,https://vishwaniketaneduin-my.sharepoint.com/:b:/g/personal/exam_vimeet_vishwaniketan_edu_in/EXWiMjJb2uFJo5CgC8rwImEBoQqnHKRkNkwWTD-iUr8ZZQ?e=yiW8tl
2024,,Result SE (Civil Engg. R-2019)_Sem-III_Regular and ATKT_'C' Scheme_CBCS_Dec-2023,https://vishwaniketaneduin-my.sharepoint.com/:b:/g/personal/exam_vimeet_vishwaniketan_edu_in/EVPDfsUJBFJEvaXAkSYEsI0Be4H0EGHJwUrb9z75EpE4pg?e=rhUa5t
2024,2024-03-05,Result TE (Mechanical Engg. R-2019)_Sem-VI_  ATKT_'C' Scheme_CBCS_Dec-2023,https://vishwaniketaneduin-my.sharepoint.com/:b:/g/personal/exam_vimeet_vishwaniketan_edu_in/EUILv2er9lxFhmnjYNcAFEkBvjmMdxmjm2yhv1jGxFKlow?e=45BLtg
2024,,Result TE (Mechanical Engg. R-2019)_Sem-V_ Regular and ATKT_'C' Scheme_CBCS_Dec-2023,https://vishwaniketaneduin-my.sharepoint.com/:b:/g/personal/exam_vimeet_vishwaniketan_edu_in/EeA0sB8cKC9DprVyZbST7u0BmCrkR809XH4pOLZ5puNJmA?e=RCUbeh
2024,,Result SE (Mechanical Engg. R-2019)_Sem-III_Regular and ATKT_'C' Scheme_CBCS_Dec-2023,https://vishwaniketaneduin-my.sharepoint.com/:b:/g/personal/exam_vimeet_vishwaniketan_edu_in/EZTkxPdUMPpIlYT998hFv8YB2LapRDSYOtQ0tZsazIY1ZQ?e=ho1A55
2024,2024-02-14,Result TE (Electrical Engg. R-2019)_Sem-V_Regular & ATKT_'C' Scheme_CBCS_Dec-2023,https://vishwaniketaneduin-my.sharepoint.com/:b:/g/personal/exam_vimeet_vishwaniketan_edu_in/EciYkyLg9OBEgmZLJWkhALsBTeuIGN3itRR5CeCI_DguQg?e=moj406
2024,,Result SE (Electrical Engg. R-2019)_Sem-IV_ATKT_'C' Scheme_CBCS_Dec-2023,https://vishwaniketaneduin-my.sharepoint.com/:b:/g/personal/exam_vimeet_vishwaniketan_edu_in/EYcZJtHUvgVJvg48NpS4YnEBemr7zd-Z3wuiKRV6Dv6dyQ?e=Fbx6zw
2024,,Result SE (Electrical Engg. R-2019)_Sem-III_Regular and ATKT_'C' Scheme_CBCS_Dec-2023,https://vishwaniketaneduin-my.sharepoint.com/:b:/g/personal/exam_vimeet_vishwaniketan_edu_in/EVZUTvEc8nNCsRTh-PSGIMkB3axOaHfwfbt6tFEjLofGfg?e=yg8xuo
2024,,Result TE (EXTC Engg. R-2019)_Sem-VI_ATKT_'C' Scheme_CBCS_Dec-2023,https://vishwaniketaneduin-my.sharepoint.com/:b:/g/personal/exam_vimeet_vishwaniketan_edu_in/Ea9z9udTk35Lil78uW190dgBHnVWVmoxbvNVgT3jopXEkg?e=8DU89f
2024,,Result TE (EXTC Engg. R-2019)_Sem-V_Regular & ATKT_'C' Scheme_CBCS_Dec-2023,https://vishwaniketaneduin-my.sharepoint.com/:b:/g/personal/exam_vimeet_vishwaniketan_edu_in/EdrY1Ap8-E1Bta8N0KU5Y0gBwhsY-EROHRkb9rpMbdA08g?e=YrVBnI
2024,,Result SE (EXTC Engg. R-2019)_Sem-IV_ATKT_'C' Scheme_CBCS_Dec-2023,https://vishwaniketaneduin-my.sharepoint.com/:b:/g/personal/exam_vimeet_vishwaniketan_edu_in/EfSFgb__U4xGpQOMayXZ7xoBcamVAWmhhLVcO8bfTOYD9g?e=uMJHXN
2024,,Result SE (EXTC Engg. R-2019)_Sem-III_Regular and ATKT_'C' Scheme_CBCS_Dec-2023,https://vishwaniketaneduin-my.sharepoint.com/:b:/g/personal/exam_vimeet_vishwaniketan_edu_in/ES4mOU3_kCZIoxXd2wQMyTMB8s4JTyI9jNrCWuI0EZdxjg?e=29aeui
2024,,Result Honours Degree (Block Chain)_CSE (AI & ML)_Sem-V_'C' Scheme_CBCS_Dec-2023,https://vishwaniketaneduin-my.sharepoint.com/:b:/g/personal/exam_vimeet_vishwaniketan_edu_in/EWhDPPp6cn9HtHtcvNQ3y0cBNahtf071d3Zrzsaft-tP5w?e=OOBZXw
2024,,Result Honours Degree (Data Science)_CSE (AI & ML)_Sem-V_'C' Scheme_CBCS_Dec-2023,https://vishwaniketaneduin-my.sharepoint.com/:b:/g/personal/exam_vimeet_vishwaniketan_edu_in/EbGnTiglu0xKoaWEOdYdoeMBvDH0BeLBVWL93N5RWu3ElQ?e=XpiHty
2024,,Result TE (CSE (AI & ML) Engg. R-2019)_Sem-VI_ ATKT_'C' Scheme_CBCS_Dec-2023,https://vishwaniketaneduin-my.sharepoint.com/:b:/g/personal/exam_vimeet_vishwaniketan_edu_in/EXF5MQWDdZ5KjtKyNPa-D6UB3WfCj66tntJ_rAcqJkt8Pg?e=5VIjgg
2024,,Result TE (CSE (AI & ML) Engg. R-2019)_Sem-V_ Regular & ATKT_'C' Scheme_CBCS_Dec-2023,https://vishwaniketaneduin-my.sharepoint.com/:b:/g/personal/exam_vimeet_vishwaniketan_edu_in/EYhyvM9ChaVCqcLufcRnOPcBJvzAByZqFoBqduY-fmNMzw?e=k9c9TR
2024,,Result SE (CSE (AI & ML) Engg. R-2019)_Sem-IV_ATKT_'C' Scheme_CBCS_Dec-2023,https://vishwaniketaneduin-my.sharepoint.com/:b:/g/personal/exam_vimeet_vishwaniketan_edu_in/EXV7cpwqTlhBma1P2pEuZCAB69iyCWXouP7FVDOFE5pHCg?e=dUG4ZZ
2024,,Result SE (CSE (AI & ML) Engg. R-2019)_Sem-III_Regular and ATKT_'C' Scheme_CBCS_Dec-2023,https://vishwaniketaneduin-my.sharepoint.com/:b:/g/personal/exam_vimeet_vishwaniketan_edu_in/EflxymrIYwpOikggQY-enFQBjDNHPS25-MmnU-qVTLOG7w?e=eufYXk
2024,2024-02-13,Result Honours Degree (Data Science)_Computer_Sem-V_'C' Scheme_CBCS_Dec-2023,https://vishwaniketaneduin-my.sharepoint.com/:b:/g/personal/exam_vimeet_vishwaniketan_edu_in/Ec_ABQXKzGxFrog1pDfyuFoBLbldi1GPnxGR_DUszYALFw?e=fRX9bS
2024,,Result Honours Degree (AI & ML)_Computer_Sem-V_'C' Scheme_CBCS_Dec-2023,https://vishwaniketaneduin-my.sharepoint.com/:b:/g/personal/exam_vimeet_vishwaniketan_edu_in/EeT1a7zfzFxKgxOZnFl2MVUBvVy0UM9AwSTA4BxkEWPWSQ?e=zrUd9i
2024,,Result TE (COMPUTER Engg. R-2019)_Sem-VI_ATKT_'C' Scheme_CBCS_Dec-2023,https://vishwaniketaneduin-my.sharepoint.com/:b:/g/personal/exam_vimeet_vishwaniketan_edu_in/EQLZIL0MTuRLqRdE9wQTnjsBshw44kdxxC3ZIjlH09yZ5g?e=ImUobW
2024,,Result TE (COMPUTER Engg. R-2019)_Sem-V_Regular and ATKT_'C' Scheme_CBCS_Dec-2023,https://vishwaniketaneduin-my.sharepoint.com/:b:/g/personal/exam_vimeet_vishwaniketan_edu_in/EZ4SjqNOf2pCgCJpM6WhKCwBGr7DxBJY86HFXZSRW0jEpA?e=mOaodV
2024,,Result SE (COMPUTER Engg. R-2019)_Sem-IV_ATKT_'C' Scheme_CBCS_Dec-2023,https://vishwaniketaneduin-my.sharepoint.com/:b:/g/personal/exam_vimeet_vishwaniketan_edu_in/EZE26fFCMCRHuv7F2HdSV-8BDTcbQIkSgXezkwBvuVI65w?e=Adcc0s
2024,,Result SE (COMPUTER Engg. R-2019)_Sem-III_Regular and ATKT_'C' Scheme_CBCS_Dec-2023,https://vishwaniketaneduin-my.sharepoint.com/:b:/g/personal/exam_vimeet_vishwaniketan_edu_in/EdX1wPbE3_xGvCB7Jy3f3EcBK7cqzgehWhBbZfulUs66pQ?e=7eHz8p
2023,2023-11-01,REVALUATION GAZETTE_B.E C-SCHEME SEM VII ExTC BRANCH WINTER SESSION 2022,https://vishwaniketaneduin-my.sharepoint.com/:b:/g/personal/exam_vimeet_vishwaniketan_edu_in/EdmsvxL54OtMg1niy90TLLIBlmHXsjXAt_wdkDGGa_l0sw?e=SEGxNP
2023,,REVALUATION GAZETTE_B.E C-SCHEME SEM VII CIVIL BRANCH WINTER SESSION 2022,https://vishwaniketaneduin-my.sharepoint.com/:b:/g/personal/exam_vimeet_vishwaniketan_edu_in/Ebra9gfjimJJrJOhcJD5NSkBAv3U22EbAdUYwimxS0SgMg?e=FiZw5F
2023,2023-10-19,REVALUATION GAZETTE_B.E C-SCHEME SEM VII COMPUTER BRANCH WINTER SESSION 2022,https://vishwaniketaneduin-my.sharepoint.com/:b:/g/personal/exam_vimeet_vishwaniketan_edu_in/EWfJPUlFbRxJvfOrCoLbZikBYNfQUk90pyucvIrhEH6o3w?e=OneM5O
2023,,REVALUATION GAZETTE_B.E C-SCHEME SEM VII MECHNICAL BRANCH WINTER SESSION 2022,https://vishwaniketaneduin-my.sharepoint.com/:b:/g/personal/exam_vimeet_vishwaniketan_edu_in/ERQ6q93DNFJPpFe35MIllPIB9JjDwFOeNZw1Qc0WViVdrA?e=kMLvx8
2023,2023-10-18,Revaluation Gazette_CSE (AI & ML) Engg. TE SEM VI (C Scheme)  May 2023 Examination,https://vishwaniketaneduin-my.sharepoint.com/:b:/g/personal/exam_vimeet_vishwaniketan_edu_in/EfQ72_dTuYdGjlBOtrcCXQcBLJ5zfwwWcsHeZOx7D4vSHA?e=i2hs5V
2023,,Revaluation Gazette_CSE (AI & ML) Engg. SE SEM III (C Scheme)  May 2023 Examination,https://vishwaniketaneduin-my.sharepoint.com/:b:/g/personal/exam_vimeet_vishwaniketan_edu_in/EYYlUuYbCbxKtI_K0Ne6XBsB3u1Y6dYyliZUJFChlQEegA?e=UriqJQ
2023,,Revaluation Gazette_CSE (AI & ML) Engg. SE SEM IV (C Scheme) Regular & ATKT  May 2023 Examination,https://vishwaniketaneduin-my.sharepoint.com/:b:/g/personal/exam_vimeet_vishwaniketan_edu_in/ETCcmCP6fjFIpqhGeyeJ6gsB6t-VjR_iSjwT_VbT9P53yQ?e=4EQxOw
2023,,Revaluation Gazette_Computer Engg. TE SEM VI (C Scheme) Regular & ATKT  May 2023 Examination,https://vishwaniketaneduin-my.sharepoint.com/:b:/g/personal/exam_vimeet_vishwaniketan_edu_in/ET_YnSX3UGhNg6fnhDreRS8BB9df9_LcneNeLAgeMgY_7g?e=VyZbrd
2023,,Revaluation Gazette_Mechanical Engg. TE SEM VI (C Scheme) Regular & ATKT  May 2023 Examination,https://vishwaniketaneduin-my.sharepoint.com/:b:/g/personal/exam_vimeet_vishwaniketan_edu_in/EfhI8UdC305Lr79WqJWqB8EBSEDDzcA7H2CB8HxMqhhqwA?e=aQbu2Y
2023,,Revaluation Gazette_Civil Engg. TE SEM V (C Scheme)   May 2023 Examination,https://vishwaniketaneduin-my.sharepoint.com/:b:/g/personal/exam_vimeet_vishwaniketan_edu_in/EY_dZuhDo_JNh07vbmjmKmcBfBR_4uAfRxlAM4LxRDQeFw?e=oJ60Bt
2023,,Revaluation Gazette_Civil Engg. TE SEM VI (C Scheme) Regular & ATKT  May 2023 Examination,https://vishwaniketaneduin-my.sharepoint.com/:b:/g/personal/exam_vimeet_vishwaniketan_edu_in/EdK1bRhpbA1HmeX8N55AQ_8BSDpqkenUsZEJYE7Kro8Pug?e=McjBtH
2023,2023-10-17,Revaluation Gazette_Civil Engg. SE SEM IV (C Scheme) Regular & ATKT  May 2023 Examination,https://vishwaniketaneduin-my.sharepoint.com/:b:/g/personal/exam_vimeet_vishwaniketan_edu_in/ETsRToB1g1pIp1ja-zG0qbcBPGaldOQtuBFoFMiT1UyrJQ?e=CLYrMm
2023,,Revaluation Gazette_Civil Engg.SE SEM III (C Scheme)  May 2023 Examination,https://vishwaniketaneduin-my.sharepoint.com/:b:/g/personal/exam_vimeet_vishwaniketan_edu_in/EStxXFAaugRHoUtpWgHtl_IBTbXiiDD2U4-Jawa4d294jA?e=x5S3gV
2023,2023-10-16,Revaluation Gazette_ExTC Engg._SE SEM IV (C Scheme) Regular  May 2023 Examination,https://vishwaniketaneduin-my.sharepoint.com/:b:/g/personal/exam_vimeet_vishwaniketan_edu_in/EZ60HvENgLdOiCKl1b-Thy8BKt0hfHFIFdC7fqD9ssKfJA?e=fd38iJ
2023,,Revaluation Gazette_Mechanical Engg._TE SEM V (C Scheme)  May 2023 Examination,https://vishwaniketaneduin-my.sharepoint.com/:b:/g/personal/exam_vimeet_vishwaniketan_edu_in/ERrgngKpQQpCok4DDYPkmw4BDDVDLS07zK46QE22HNp6lA?e=driMur
2023,,Revaluation Gazette_Mechanical Engg._SE SEM IV (C Scheme) Regular & ATKT May 2023 Examination,https://vishwaniketaneduin-my.sharepoint.com/:b:/g/personal/exam_vimeet_vishwaniketan_edu_in/EYsiEoJ2zH9DqA8dr22MTosB9Uppkk_S3uOEpIzxeZvS_g?e=Byby5d
2023,,Revaluation Gazette_Mechanical Engg._SE SEM III (C Scheme)  May 2023 Examination,https://vishwaniketaneduin-my.sharepoint.com/:b:/g/personal/exam_vimeet_vishwaniketan_edu_in/EV31nhO-HtxKk0v8pLr-HPgBwuuBqRaAlq4Na96W-eF9Vw?e=g04Scd
2023,2023-10-04,Revaluation Gazette_ExTC Engg._SE SEM III (C Scheme)  May 2023 Examination,https://vishwaniketaneduin-my.sharepoint.com/:b:/g/personal/exam_vimeet_vishwaniketan_edu_in/EQtfwR6oCZVDmfiaP_0rIhwBDMV3W7o8bLDPvlRYkndlbw?e=q4qJQw
2023,,Revaluation Gazette_Electrical Engg._SE SEM IV (C Scheme) Regular & KT May 2023 Examination,https://vishwaniketaneduin-my.sharepoint.com/:b:/g/personal/exam_vimeet_vishwaniketan_edu_in/Ecm-vVueo6FNizt30Gw_ibIBxBsc5jKrI62FX26_O9I3Cw?e=zHw4e6
2023,2023-09-10,Result SE (CSE(AI & ML) Engg. R-2019)_Sem-V_ATKT_'C' Scheme_CBCS_May-2023,https://vishwaniketaneduin-my.sharepoint.com/:b:/g/personal/exam_vimeet_vishwaniketan_edu_in/EYkw7VpYHrhGpLSM10IVTwwBuKdwWqnVlXGSdWmVHDTnxg?e=kgl0d0
2023,,Result SE (CSE(AI & ML) Engg. R-2019)_Sem-III_ATKT_'C' Scheme_CBCS_May-2023,https://vishwaniketaneduin-my.sharepoint.com/:b:/g/personal/exam_vimeet_vishwaniketan_edu_in/ETsvdjpDGSNKlGaYWNBzC_4BOQdAanWTRUK6BLRfxHMEVg?e=x1f9Di
2023,,Result SE (CSE(AI & ML) Engg. R-2019)_Sem-IV_Regular & KT_'C' Scheme_CBCS_May-2023,https://vishwaniketaneduin-my.sharepoint.com/:b:/g/personal/exam_vimeet_vishwaniketan_edu_in/EYPOyxy0NX1Bl-IUZLmosrYB1qFhSsmFoZXErFAVRgN9oA?e=m9o0ZQ
2023,,Result TE (Civil Engg. R-2019)_Sem-VI_Regular & KT_'C' Scheme_CBCS_May-2023,https://vishwaniketaneduin-my.sharepoint.com/:b:/g/personal/exam_vimeet_vishwaniketan_edu_in/EYxm2pw4a85LkeTi1vjnb0MBHydKVgHehSKgB2jD5j0z-Q?e=pc9Xqb
2023,2023-08-29,Result Honours Degree( Electrical Vehicle)_Electrical Engg._Sem-VI_'C' Scheme_CBCS_May-2023,https://vishwaniketaneduin-my.sharepoint.com/:b:/g/personal/exam_vimeet_vishwaniketan_edu_in/EeQ-pP-czt5Ni9bf8OF8OyIB7ZcN90MctSSuXLbUN2dGcA?e=HiC1Et
2023,,Result TE (Electrical Engg. R-2019)_Sem-V_ATKT_'C' Scheme_CBCS_May-2023,https://vishwaniketaneduin-my.sharepoint.com/:b:/g/personal/exam_vimeet_vishwaniketan_edu_in/EYrbCQdGRIZLpvxDcgvAxfMBGqx1ffH2M4_jD9c_DV45aA?e=QhaRfb
2023,,Result SE (Electrical Engg. R-2019)_Sem-III_ATKT_'C' Scheme_CBCS_May-2023,https://vishwaniketaneduin-my.sharepoint.com/:b:/g/personal/exam_vimeet_vishwaniketan_edu_in/Eep9MbCRbKxLjnQoavZyXVgBjr4AR09woZCms170hZ8k2A?e=Y8LN8C
2023,,Result TE (Electrical Engg. R-2019)_Sem-VI_Regular & KT_'C' Scheme_CBCS_May-2023,https://vishwaniketaneduin-my.sharepoint.com/:b:/g/personal/exam_vimeet_vishwaniketan_edu_in/EUe4bLkjO5hKvSaXVhgPiAQB8eHfxdGc-fZb5535QiqgCA?e=VCnNOD
2023,,Result SE (Electrical Engg. R-2019)_Sem-IV_Regular & KT_'C' Scheme_CBCS_May-2023,https://vishwaniketaneduin-my.sharepoint.com/:b:/g/personal/exam_vimeet_vishwaniketan_edu_in/EcjQ_sBh05pFpadY2Z_44rMByd_mnBQOW-YuOAK4CQbC9Q?e=Q6QLG8
2023,,Revaluation Gazette_Electrical Engg._TE SEM V (C Scheme) Dec 2022 Examination,https://vishwaniketaneduin-my.sharepoint.com/:b:/g/personal/exam_vimeet_vishwaniketan_edu_in/EXUDSBZ7119JvhurD3YWbwYBG8jsq6MD9NuY_Ec0f6Gy7Q?e=kGedyB
2023,,Revaluation Gazette_Electrical Engg._SE SEM IV (C Scheme) Dec 2022 Examination,https://vishwaniketaneduin-my.sharepoint.com/:b:/g/personal/exam_vimeet_vishwaniketan_edu_in/EY29X73u5lRHvX0v2sQRmzMBw-y9VpiIuwUr0lRlDKgdaQ?e=tcZl2f
2023,,Revaluation Gazette_Electrical Engg._DSE SEM III (C Scheme) Dec 2022 Examination,https://vishwaniketaneduin-my.sharepoint.com/:b:/g/personal/exam_vimeet_vishwaniketan_edu_in/EVKNL4c2rWRMpW3SBndpwBQBPqcxWB7KgTYKubq2MauH9g?e=7PMhfc
2023,,Revaluation Gazette_Electrical Engg._SE SEM III (C Scheme) Dec 2022 Examination,https://vishwaniketaneduin-my.sharepoint.com/:b:/g/personal/exam_vimeet_vishwaniketan_edu_in/EQiQ_BipZF5KqZDtusN-NuoB_6y8xl3fOYoeTQlg4nq4UQ?e=6ws2Xk
2023,2023-08-22,Result SE (Mechanical Engg. R-2019)_Sem-III_ATKT_'C' Scheme_CBCS_May-2023,https://vishwaniketaneduin-my.sharepoint.com/:b:/g/personal/exam_vimeet_vishwaniketan_edu_in/EaQrSI7gTvJGvlwHdwZIPrcBDOg777R3O5xODJ5CNUrPTw?e=FaHxu1
2023,,Result TE (Mechanical Engg. R-2019)_Sem-V_ATKT_'C' Scheme_CBCS_May-2023,https://vishwaniketaneduin-my.sharepoint.com/:b:/g/personal/exam_vimeet_vishwaniketan_edu_in/EXveIuOAn6BIlwxZTPz1AagB2EqUvV3mJV4SajtZwXg7Bw?e=qgc6vx
2023,,Result TE (Mechanical Engg. R-2019)_Sem-VI_Regular & KT_'C' Scheme_CBCS_May-2023,https://vishwaniketaneduin-my.sharepoint.com/:b:/g/personal/exam_vimeet_vishwaniketan_edu_in/EdQ0omxugBFEiQp3zEPEuQgBHoR44ovq_6Bmc26yMnNaxA?e=bWMMP5
2023,,Result SE (Mechanical Engg. R-2019)_Sem-IV_Regular & KT_'C' Scheme_CBCS_May-2023,https://vishwaniketaneduin-my.sharepoint.com/:b:/g/personal/exam_vimeet_vishwaniketan_edu_in/EQQHac5TPMFIlsTu4G4qY3cBe2gGoiGTpbLG-hZeF0Rm4w?e=ayFajk
2023,,Revaluation Gazette_Mechanical Engg._TE SEM VI (C Scheme) Dec 2022 Examination,https://vishwaniketaneduin-my.sharepoint.com/:b:/g/personal/exam_vimeet_vishwaniketan_edu_in/Ec-6W5g5oApAk5vKDlRpYF8BxiXRSCPTxdf0IgjV0mKDxg?e=UIWxss
2023,,Revaluation Gazette_Mechanical Engg._TE SEM V (C Scheme) Dec 2022 Examination,https://vishwaniketaneduin-my.sharepoint.com/:b:/g/personal/exam_vimeet_vishwaniketan_edu_in/EfO2Hwhz9HZAl9kv-yNeXwkBj7zR3l8v_QVFezDVroO2ww?e=84tvGW
2023,,Revaluation Gazette_Mechanical Engg._SE SEM IV (C Scheme) Dec 2022 Examination,https://vishwaniketaneduin-my.sharepoint.com/:b:/g/personal/exam_vimeet_vishwaniketan_edu_in/EcR_gBrLymZBv8EhBFRC4l4BUw93G_s0JCZqXQFdDJIa2w?e=0BFQoG
2023,,Revaluation Gazette_Mechanical Engg._SE SEM III (C Scheme) Dec 2022 Examination,https://vishwaniketaneduin-my.sharepoint.com/:b:/g/personal/exam_vimeet_vishwaniketan_edu_in/EQvSxY-07tdAlAgNfxHffVoBTRWoXKvkuvJy7E4Mhog1Sg?e=X7Kuqw
2023,,Revaluation Gazette_Mechanical Engg._DSE SEM III (C Scheme) January 2023 Examination,https://vishwaniketaneduin-my.sharepoint.com/:b:/g/personal/exam_vimeet_vishwaniketan_edu_in/ET4sYgIEOl1Gg2pHciYMG1kBgy7QHloLRfNqtXsNJ8YLVA?e=FhJe2E
2023,,Revaluation Gazette_Civil Engg._DSE SEM III (C Scheme) January 2023 Examination,https://vishwaniketaneduin-my.sharepoint.com/:b:/g/personal/exam_vimeet_vishwaniketan_edu_in/ETbmRAlcXEZKkn4KFGCKCeABVDNpoSPYIXqyDY3ZKKxAIA?e=4yiF3c
2023,2023-08-18,Result TE (Civil Engg. R-2019)_Sem-V_KT_'C' Scheme_CBCS_May-2023,https://vishwaniketaneduin-my.sharepoint.com/:b:/g/personal/exam_vimeet_vishwaniketan_edu_in/Eaa2Q959PR1Hi40GbDHr8KkBYj3DeOysXjqUzYzhVx0wKA?e=LjlSX7
2023,,Result SE (Civil Engg. R-2019)_Sem-IV_Regular & KT_'C' Scheme_CBCS_May-2023,https://vishwaniketaneduin-my.sharepoint.com/:b:/g/personal/exam_vimeet_vishwaniketan_edu_in/EYn5xb0ZlhBKq-Ti6vvnMrABWAGZ-D7i4uWuWOoV75_Jjg?e=1XcQkJ
2023,,Result SE (Civil Engg. R-2019)_Sem-III_ KT_'C' Scheme_CBCS_May-2023,https://vishwaniketaneduin-my.sharepoint.com/:b:/g/personal/exam_vimeet_vishwaniketan_edu_in/EeHRMc68rwlLlrvpT3GvYw0BdwYICdYuwF9ravae5OdjWA?e=KvfNNW
2023,,Revaluation Gazette_Civil Engg._SEM VI(C Scheme) Dec 2022 Examination,https://vishwaniketaneduin-my.sharepoint.com/:b:/g/personal/exam_vimeet_vishwaniketan_edu_in/EboNRqHABUVFswETrM_xwRgBC-k-kfokpHAef_EwMb3iFw?e=0X9tME
2023,,Revaluation Gazette_Civil Engg._SEM V(C Scheme) Dec 2022 Examination,https://vishwaniketaneduin-my.sharepoint.com/:b:/g/personal/exam_vimeet_vishwaniketan_edu_in/EQNnsYabD-VPi2ModW9aqGcBnmB9eigq-fhqxsIYxhL2hA?e=E0303r
2023,,Revaluation Gazette_Civil Engg._SEM IV(C Scheme) Dec 2022 Examination,https://vishwaniketaneduin-my.sharepoint.com/:b:/g/personal/exam_vimeet_vishwaniketan_edu_in/EbER5EmOAjpFsPMmOZe5XucBHm9Ty7ZNhc3QIa676UfwpA?e=7MMjh0
2023,2023-08-14,Result Honours Degree( Data Science)_CSE(AI & ML)_Sem-VI_'C' Scheme_CBCS_May-2023,https://vishwaniketaneduin-my.sharepoint.com/:b:/g/personal/exam_vimeet_vishwaniketan_edu_in/Ecz_OMa6wPxKr781ANh2xjoBXLI-1b_5n41kwIVL7imKMw?e=cGNsVw
2023,,Result Honours Degree( BlockChain)_CSE(AI & ML)_Sem-VI_'C' Scheme_CBCS_May-2023,https://vishwaniketaneduin-my.sharepoint.com/:b:/g/personal/exam_vimeet_vishwaniketan_edu_in/EUe_aTMHTUNBkY6eI5ymJggBEypcgXSW2wS9wRzryRGiYA?e=E7jZbw
2023,,Result Honours Degree( AI & ML)_EXTC_Sem-VI_'C' Scheme_CBCS_May-2023,https://vishwaniketaneduin-my.sharepoint.com/:b:/g/personal/exam_vimeet_vishwaniketan_edu_in/ETRcUqJj9WJNkmYy0IlCBsYBJiPy767GbkQyLdsqdqx5tg?e=fNWHaY
2023,,Result Honours Degree( AI & ML)_EXTC_Sem-V KT_'C' Scheme_CBCS_May-2023,https://vishwaniketaneduin-my.sharepoint.com/:b:/g/personal/exam_vimeet_vishwaniketan_edu_in/EYY1oJTiDzBEslNuuFQEMkUBvSsPYytZYNk1srM7X26oAQ?e=V1Hbx1
2023,,Result TE (CSE(AI & ML) Engg. R-2019)_Sem-VI_Regular _'C' Scheme_CBCS_May-2023,https://vishwaniketaneduin-my.sharepoint.com/:b:/g/personal/exam_vimeet_vishwaniketan_edu_in/EQLUglaWyZ9LvLcYBbmaLFUBUKXg4MYbGr4P2JOs4qRobQ?e=dhUqu6
2023,,Result TE (EXTC Engg. R-2019)_Sem-VI_Regular & KT_'C' Scheme_CBCS_May-2023,https://vishwaniketaneduin-my.sharepoint.com/:b:/g/personal/exam_vimeet_vishwaniketan_edu_in/EUYL3xvym8xGqmlRtXz9zNgB12cZCJ5-uoFSTGcrSb7g8w?e=5Zafav
2023,,Result TE (EXTC Engg. R-2019)_Sem-V_ATKT_'C' Scheme_CBCS_May-2023,https://vishwaniketaneduin-my.sharepoint.com/:b:/g/personal/exam_vimeet_vishwaniketan_edu_in/EalCoyBWZARLjcCB0zXv8zoBAv1yH-LcBeSpQf2oZf4Ukw?e=7ZE4BD
2023,,Result SE (EXTC Engg. R-2019)_Sem-IV_Regular & KT_'C' Scheme_CBCS_May-2023,https://vishwaniketaneduin-my.sharepoint.com/:b:/g/personal/exam_vimeet_vishwaniketan_edu_in/EfWhJoI1uIpEqAc27MbMS7wBK6nnXRyoX7nLAcRWvOxIug?e=BMSjOX
2023,,Result SE (EXTC Engg. R-2019)_Sem-III_ATKT_'C' Scheme_CBCS_May-2023,https://vishwaniketaneduin-my.sharepoint.com/:b:/g/personal/exam_vimeet_vishwaniketan_edu_in/EXCH3L0kZ5tImcBY7CSa6_cBOiZV1INb0OJ76g8RpJTZWw?e=SZZAoH
2023,,Revaluation Gazette_DSE ExTC Engg._SEM III (C Scheme) January 2023 Examination,https://vishwaniketaneduin-my.sharepoint.com/:b:/g/personal/exam_vimeet_vishwaniketan_edu_in/EUf1c0vE0LNEszgiUDx3DCEBWPzjnLkjYABwhybys-s0dw?e=Nblqqz
2023,,Revaluation Gazette_ExTC Engg._SEM III (C Scheme) Dec 2022 Examination,https://vishwaniketaneduin-my.sharepoint.com/:b:/g/personal/exam_vimeet_vishwaniketan_edu_in/EYFj9GF3NwhEtnNX_OU3L6sByN17VVjjbG_glc2rAiSHyw?e=x4bYi1
2023,2023-08-07,Result Honours Degree( BlockChain)_Computer_Sem-VI_'C' Scheme_CBCS_May-2023,https://vishwaniketaneduin-my.sharepoint.com/:b:/g/personal/exam_vimeet_vishwaniketan_edu_in/ESA5ddNpUFJLiD0UKlMQKYgBviKfJz3Fa3xzpLwWiFxmOg?e=J0Pcwz
2023,,Result Honours Degree (AI & ML)_Computer_Sem-VI_'C' Scheme_CBCS_May-2023,https://vishwaniketaneduin-my.sharepoint.com/:b:/g/personal/exam_vimeet_vishwaniketan_edu_in/EdT4y0oC6xBKqCx17gEihVgB3FxhgfBgze05Q4WLjvRjiA?e=tCg6md
2023,,Result Honours Degree (Data Science)_Computer_Sem-VI_'C' Scheme_CBCS_May-2023,https://vishwaniketaneduin-my.sharepoint.com/:b:/g/personal/exam_vimeet_vishwaniketan_edu_in/EXTRNlYzf3lMnlckU5NhrqcBgb3OPps490eBXGpfefAc2A?e=mMRn3w
2023,,Result TE (COMPUTER Engg. R-2019)_Sem-VI_QA_(Regular & KT)_'C' Scheme_CBCS_May-2023,https://vishwaniketaneduin-my.sharepoint.com/:b:/g/personal/exam_vimeet_vishwaniketan_edu_in/EVKE2t_bhyxBi63XCpneleMB8QLR1aokMld77qWX89c-qQ?e=hiQPbf
2023,,Result TE (COMPUTER Engg. R-2019)_Sem-VI_IOT_(Regular & KT)_'C' Scheme_CBCS_May-2023,https://vishwaniketaneduin-my.sharepoint.com/:b:/g/personal/exam_vimeet_vishwaniketan_edu_in/ETmWX7x3BQZGpwmKXgZVjacBceqQ3hInBvTzpVVRDeWPJg?e=VBYSCr
2023,,Result TE (COMPUTER Engg. R-2019)_Sem-V_ATKT_'C' Scheme_CBCS_May-2023,https://vishwaniketaneduin-my.sharepoint.com/:b:/g/personal/exam_vimeet_vishwaniketan_edu_in/EcdkHTHRJytOtPtywpDrMfEBJ3oGkzuwt5OqFnDYkPLVJg?e=j3IJCV
2023,,Result SE (COMPUTER Engg. R-2019)_Sem-IV_(Regular & KT)_'C' Scheme_CBCS_May-2023,https://vishwaniketaneduin-my.sharepoint.com/:b:/g/personal/exam_vimeet_vishwaniketan_edu_in/EeJtiTK7xmpFrv37_uVLvIABZ0nKRWOwZIG-tRHYEtRDBQ?e=5YD5IX
2023,,Result SE (COMPUTER Engg. R-2019)_Sem-III_ATKT_'C' Scheme_CBCS_May-2023,https://vishwaniketaneduin-my.sharepoint.com/:b:/g/personal/exam_vimeet_vishwaniketan_edu_in/EUZu5-pX3xVNrycuB5YW0SQBJ5YVBfpmT30ANbGjizW_Zw?e=Mq81hd
2023,,Revaluation Gazette_Computer Engg._SEM V (C Scheme) Dec 2022 Examination,https://vishwaniketaneduin-my.sharepoint.com/:b:/g/personal/exam_vimeet_vishwaniketan_edu_in/Ea9tkzhaBzNCp06vwOpafhEBEuJ7vgju7I4OHluKSW07gg?e=rkM7jc
2023,,Revaluation Gazette_Computer Engg._SEM IV (C Scheme) Dec 2022 Examination,https://vishwaniketaneduin-my.sharepoint.com/:b:/g/personal/exam_vimeet_vishwaniketan_edu_in/Efs-8wvsc4VLmnpWPaWyxFgBCEqFq3VH-GH0ODAkr7wmfg?e=0ctU47
2023,,Revaluation Gazette_Computer Engg._SEM III (C Scheme) Dec 2022 Examination,https://vishwaniketaneduin-my.sharepoint.com/:b:/g/personal/exam_vimeet_vishwaniketan_edu_in/EcD6N4lPdfxGkkeDJbHSDTwBqMhRE1HhyZHHq82DjUzEPQ?e=R6V5UH
2023,,Result DSE (Computer Engg. R-2019)_Sem-III_'C' Scheme_CBCS_Jan-2023,https://vishwaniketaneduin-my.sharepoint.com/:b:/g/personal/exam_vimeet_vishwaniketan_edu_in/EfY1yEAxAJ9PvF13mOZK7uMBrA9aL0oTBqvX8x-v8fJVUw?e=wYiCea
2023,2023-04-13,Result DSE (ExTC Engg. R-2019)_Sem-III_'C' Scheme_CBCS_Jan-2023,https://vishwaniketaneduin-my.sharepoint.com/:b:/g/personal/exam_vimeet_vishwaniketan_edu_in/ESvHik6to7pGiAu0VcYLXIUBorYATJLR37JVCuWbwnHxww?e=5gb5FA
2023,,Result DSE (CSE(AI & ML) Engg. R-2019)_Sem-III_'C' Scheme_CBCS_Jan-2023,https://vishwaniketaneduin-my.sharepoint.com/:b:/g/personal/exam_vimeet_vishwaniketan_edu_in/EU6gsvyvDpZBl_VxYVbO0e4B8NUE4Jz3Lqm8_-NNPL_zzA?e=uTYVUb
2023,2023-04-12,Result Honours Degree (Data Science)_CSE(AI & ML)_Sem-V_'C' Scheme_CBCS_Dec-2022,https://vishwaniketaneduin-my.sharepoint.com/:b:/g/personal/exam_vimeet_vishwaniketan_edu_in/Ec_xxC6NGu5NkN7lDMm6UqwBdkh_WumPYdWIZVGtRWMvYA?e=f1RoPj
2023,,Result Honours Degree (BlockChain)_CSE(AI & ML)_Sem-V_'C' Scheme_CBCS_Dec-2022,https://vishwaniketaneduin-my.sharepoint.com/:b:/g/personal/exam_vimeet_vishwaniketan_edu_in/EafvIOy3IWNKiAiWAK-J_HoB3Jcxp3Armgf3jN17XNPXTA?e=9bneil
2023,,Result TE (CSE(AI & ML) Engg. R-2019)_Sem-V_IOT_'C' Scheme_CBCS_Dec-2022,https://vishwaniketaneduin-my.sharepoint.com/:b:/g/personal/exam_vimeet_vishwaniketan_edu_in/EQCXgo9TzwpAorN__jXoxp4BC6GwQxigz7h0y6nsegCblg?e=GPKbPy
2023,,Result SE (CSE(AI & ML) Engg. R-2019)_Sem-IV_ATKT_'C' Scheme_CBCS_Dec-2022,https://vishwaniketaneduin-my.sharepoint.com/:b:/g/personal/exam_vimeet_vishwaniketan_edu_in/EVHMRc6QXJNLo41102v5bfcBeVfmNQi1S4qxqngBspki9w?e=726BUb
2023,,Result SE (CSE(AI & ML) Engg. R-2019)_Sem-III_'C' Scheme_CBCS_Dec-2022,https://vishwaniketaneduin-my.sharepoint.com/:b:/g/personal/exam_vimeet_vishwaniketan_edu_in/EQOqr9a9gWpEpbmUl6VqvtABaBkZuNDhdIGActe3_q-law?e=psT8NW
2023,2023-03-29,Result Honours Degree (BlockChain)_Computer__Sem-V_'C' Scheme_CBCS_Dec-2022,https://vishwaniketaneduin-my.sharepoint.com/:b:/g/personal/exam_vimeet_vishwaniketan_edu_in/ESOitCAiOKRDmEEBQwJhPw0B5blFchXwDp3IF5AiIzv29g?e=ODhxXT
2023,,Result Honours Degree (AI & ML)_Computer_Sem-V_'C' Scheme_CBCS_Dec-2022,https://vishwaniketaneduin-my.sharepoint.com/:b:/g/personal/exam_vimeet_vishwaniketan_edu_in/EVCtq1ja3bhGp7rm0qR9ipoBbmGRT1B6jJ6fOoex1xnRgw?e=D1PLMt
2023,,Result TE (COMPUTER Engg. R-2019)_Sem-V_'C' Scheme_CBCS_Dec-2022,https://vishwaniketaneduin-my.sharepoint.com/:b:/g/personal/exam_vimeet_vishwaniketan_edu_in/EWuHcE0jmi9JgnBNJ9qrYCYBCFsRTT6LLwPXC49nXqIA6w?e=cb761i
2023,,Result TE (COMPUTER Engg. R-2019)_Sem-VI_ATKT_'C' Scheme_CBCS_Dec-2022,https://vishwaniketaneduin-my.sharepoint.com/:b:/g/personal/exam_vimeet_vishwaniketan_edu_in/EfGIBYs_LdtJoDrPCgD2lJgBAptFweLaeekPLF5PtDf66A?e=eA67GK
2023,,Result SE (COMPUTER Engg. R-2019)_Sem-IV_ATKT_'C' Scheme_CBCS_Dec-2022,https://vishwaniketaneduin-my.sharepoint.com/:b:/g/personal/exam_vimeet_vishwaniketan_edu_in/EZDRlzZe-GpGmVXaLY3u36kBvC85fVA_Lq_wjUbhEM_lnA?e=O1PK9G
2023,,Result SE (COMPUTER Engg. R-2019)_Sem-III_'C' Scheme_CBCS_Dec-2022,https://vishwaniketaneduin-my.sharepoint.com/:b:/g/personal/exam_vimeet_vishwaniketan_edu_in/EWpIswvpGytItszpqoWdrIQBFjyXoLoqQyrQfAXaHQKSyw?e=D0CBLO
2023,2023-03-16,Result Honours Degree (Electrical Vehicle)_Electrical_Sem-V_'C' Scheme_CBCS_Dec-2022,https://vishwaniketaneduin-my.sharepoint.com/:b:/g/personal/exam_vimeet_vishwaniketan_edu_in/EdI0RCRwaZtCpx2mocLGUj4B0SkKsj-Ivgq-Tpk1njqAEQ?e=G4AUaa
2023,,Result TE (ELECTRICAL Engg. R-2019)_Sem-V_'C' Scheme_CBCS_Dec-2022,https://vishwaniketaneduin-my.sharepoint.com/:b:/g/personal/exam_vimeet_vishwaniketan_edu_in/EVuRV3CaHjRAt0bo0yT3YcQBe7OO3Uob7qP7LK2tZOujLA?e=HrmyQl
2023,,Result SE (ELECTRICAL Engg. R-2019)_Sem-IV_ATKT_'C' Scheme_CBCS_Dec-2022,https://vishwaniketaneduin-my.sharepoint.com/:b:/g/personal/exam_vimeet_vishwaniketan_edu_in/EbjPHyGnDo9Ap0I0K5iQ-BkBrOWbmpnpYE5exCCjIWOanQ?e=tvOmIY
2023,,Result SE (ELECTRICAL Engg. R-2019)_Sem-III_'C' Scheme_CBCS_Dec-2022,https://vishwaniketaneduin-my.sharepoint.com/:b:/g/personal/exam_vimeet_vishwaniketan_edu_in/Ea2I1anW9zpLmQTHcqF7pU4B90b3tXHzeYc3rab8-LvDcQ?e=8aiepU
2023,,Result TE (CIIVIL Engg. R-2019)_Sem-V_BSR_'C' Scheme_CBCS_Dec-2022,https://vishwaniketaneduin-my.sharepoint.com/:b:/g/personal/exam_vimeet_vishwaniketan_edu_in/EV_0-MyYl49OgmlZJVv5LvgBDH5cFtJfUb1lc9XE0LjyZA?e=e8cGNQ
2023,,Result TE (CIIVIL Engg. R-2019)_Sem-V_ACT_'C' Scheme_CBCS_Dec-2022,https://vishwaniketaneduin-my.sharepoint.com/:b:/g/personal/exam_vimeet_vishwaniketan_edu_in/EZo6mbFQJBdNitbEeuwgU4IB0bUCm5Kdd9-wJIqh1HO_UQ?e=KlCMHf
2023,2023-03-09,Result Honours Degree (Data Science)_Sem-V_'C' Scheme_CBCS_Dec-2022,https://vishwaniketaneduin-my.sharepoint.com/:b:/g/personal/exam_vimeet_vishwaniketan_edu_in/EWoSoAt9lr9Cti8SLcFid-sBlJi6AC3UzHI72oO-VI27ag?e=9Ac2fA
2023,,Result Honours Degree (AI & ML)_Sem-V_'C' Scheme_CBCS_Dec-2022,https://vishwaniketaneduin-my.sharepoint.com/:b:/g/personal/exam_vimeet_vishwaniketan_edu_in/EVWx-x-5IQREpBd5nKdv8q4BbxyFzppgSJiaNZKXZm6GxQ?e=aKTZTy
2023,,Result TE (ExTC Engg. R-2019)_Sem-VI_ATKT_'C' Scheme_CBCS_Dec-2022,https://vishwaniketaneduin-my.sharepoint.com/:b:/g/personal/exam_vimeet_vishwaniketan_edu_in/EUG04bizzPhKurxsiBtRYcYB_CGQV0R0Jp6u6kc67CI4cg?e=20ovuu
2023,,Result TE (ExTC Engg. R-2019)_Sem-V_ATKT_'C' Scheme_CBCS_Dec-2022,https://vishwaniketaneduin-my.sharepoint.com/:b:/g/personal/exam_vimeet_vishwaniketan_edu_in/EWeYZTGVmbNMnGU2giji7w0BuyuFnVV2Py2AxyOg318_zw?e=rtIisg
2023,,Result SE (ExTC Engg. R-2019)_Sem-IV_'C' Scheme_CBCS_Dec-2022,https://vishwaniketaneduin-my.sharepoint.com/:b:/g/personal/exam_vimeet_vishwaniketan_edu_in/EZGsVGgnb6dDkyEAjcVRBmsBGot-jTZscNppIMRy7kFjaQ?e=r8NPhf
2023,,Result SE (ExTC Engg. R-2019)_Sem-III_'C' Scheme_CBCS_Dec-2022,https://vishwaniketaneduin-my.sharepoint.com/:b:/g/personal/exam_vimeet_vishwaniketan_edu_in/ET8RHBzdkDBKgO1fy8SezHYBMbF0U2iRJlhEa1joi9d7pQ?e=GDAreS
2023,,Result TE (Mechanical Engg. R-2019)_Sem-VI_'C' Scheme_CBCS_Dec-2022,https://vishwaniketaneduin-my.sharepoint.com/:b:/g/personal/exam_vimeet_vishwaniketan_edu_in/ESnL4KjQ3dpOl62BOlkQvkMBuxU5ouFx0bVzxL7kHlA30Q?e=Qdlgju
2023,,Result TE (Mechanical Engg. R-2019)_Sem-V_'C' Scheme_CBCS_Dec-2022,https://vishwaniketaneduin-my.sharepoint.com/:b:/g/personal/exam_vimeet_vishwaniketan_edu_in/ET_qyssQRs9BocvWasX-_D4Brkwfm728HsoY9D0HWkgJ6w?e=AUOyCI
2023,,Result SE (Mechanical Engg. R-2019)_Sem-IV_'C' Scheme_CBCS_Dec-2022,https://vishwaniketaneduin-my.sharepoint.com/:b:/g/personal/exam_vimeet_vishwaniketan_edu_in/EWnkQADGuoZIvSPJiJYZ9EABi8TiGpjorrnPHbNKkh1y4Q?e=ZG5PQq
2023,,Result SE (Mechanical Engg. R-2019)_Sem-III_'C' Scheme_CBCS_Dec-2022,https://vishwaniketaneduin-my.sharepoint.com/:b:/g/personal/exam_vimeet_vishwaniketan_edu_in/EdQSU0Rf9KtHs4VOzqyNOT4B8UlDzC3CzMpZcrRWdNvwsQ?e=A7cOzF
2022,2022-08-20,Result TE (ExTC Engg. R-2019)_Sem-V_'C' Scheme_ ATKT_MAY-2022,https://vishwaniketaneduin-my.sharepoint.com/:b:/g/personal/exam_vimeet_vishwaniketan_edu_in/EQRIH3UC5qRIgcxVdjM6-rIBZQx2H7GvAk-kztIUMl2d4Q?e=o4wfdb
2022,,Result TE (ExTC Engg. R-2019)_Sem-VI_'C' Scheme_MAY-2022,https://vishwaniketaneduin-my.sharepoint.com/:b:/g/personal/exam_vimeet_vishwaniketan_edu_in/EfBU8ypWfblKsv_Z9F4zjVgB5ZcaPRl1hnEWIB8Y65xWZw?e=1dqNlA
2022,,Result SE (ExTC Engg. R-2019)_Sem-IV_'C' Scheme_MAY-2022,https://vishwaniketaneduin-my.sharepoint.com/:b:/g/personal/exam_vimeet_vishwaniketan_edu_in/EZtPPK_F0OBEsEFIO5FROwMBiptJRF7KOAFOwo8YevILaQ?e=mRQb0l
2022,,Result TE (Civil Engg. R-2019)_Sem-VI_'C' Scheme_CBCS_MAY-2022,https://vishwaniketaneduin-my.sharepoint.com/:b:/g/personal/exam_vimeet_vishwaniketan_edu_in/Efpu8yBPrKZJhSFTNhzg7OEBUDTQxSdJnSFnV-e8lP_qnA?e=Aiopw2
2022,2022-05-14,Result DSE (Computer  Engg. R-2019)_Sem-III_'C' Scheme_CBCS_FEB-2022,https://vishwaniketaneduin-my.sharepoint.com/:b:/g/personal/exam_vimeet_vishwaniketan_edu_in/EeeUwDMSzW1FkCZQG13Us0gBRhlw8Ei5wrHk5t4zowsB1w?e=gljKLO
2022,,Result DSE (Mechanical  Engg. R-2019)_Sem-III_'C' Scheme_CBCS_FEB-2022,https://vishwaniketaneduin-my.sharepoint.com/:b:/g/personal/exam_vimeet_vishwaniketan_edu_in/EeLCilc6lThAiNUq0hJmUVUBIgfS0QrR__FG_aNLX8OafA?e=MZDnfp
2022,2022-04-30,Result DSE (Civil  Engg. R-2019)_Sem-III_'C' Scheme_CBCS_FEB-2022,https://vishwaniketaneduin-my.sharepoint.com/:b:/g/personal/exam_vimeet_vishwaniketan_edu_in/EfkuWjiDujVEopHxFPNU2NoBBws5cGl10L1JUwowrDnRGg?e=AWPj2n
2022,,Result DSE (Electrical  Engg. R-2019)_Sem-III_'C' Scheme_CBCS_FEB-2022,https://vishwaniketaneduin-my.sharepoint.com/:b:/g/personal/exam_vimeet_vishwaniketan_edu_in/EanEU6DykvBFlteVaFQXGs4BJ4-ByYBxtoizDKy0siKt5g?e=wZuEIB
2022,,Result DSE (ExTC  Engg. R-2019)_Sem-III_'C' Scheme_CBCS_FEB-2022,https://vishwaniketaneduin-my.sharepoint.com/:b:/g/personal/exam_vimeet_vishwaniketan_edu_in/EWDWAzcVXlJIhHHbFUs8ZBsB6grD1_6pLEbVoAJ_K7himw?e=3dA7TX
2022,,Result DSE (CSE(AI & ML)  Engg. R-2019)_Sem-III_'C' Scheme_CBCS_FEB-2022,https://vishwaniketaneduin-my.sharepoint.com/:b:/g/personal/exam_vimeet_vishwaniketan_edu_in/ER8xXby-gV5IuCcI-2aUx68B045Ue6SKiXSXu-WDfAhYFA?e=vImPPu
2022,2022-04-01,Result SE (CSE(AI & ML)  Engg. R-2019)_Sem-III_'C' Scheme_CBCS_Dec-2021,https://vishwaniketaneduin-my.sharepoint.com/:b:/g/personal/exam_vimeet_vishwaniketan_edu_in/ESyrgD8lm5NLn4pIsoPyRc0BEglSE8UBhRmno60Y8Oj2_Q?e=eRZVV9
2022,,Result SE (Computer Engg. R-2019)_Sem-III_'C' Scheme_CBCS_Dec-2021,https://vishwaniketaneduin-my.sharepoint.com/:b:/g/personal/exam_vimeet_vishwaniketan_edu_in/Ec60IBQez4pMgilGSE8BSjgB8i8gY0_3ccKxp6GzOS41PQ?e=DOwkyY
2022,2022-03-04,Result TE (Electrical Engg. R-2016)_Sem-V_CBCS_ATKT_Dec-2021,https://vishwaniketaneduin-my.sharepoint.com/:b:/g/personal/exam_vimeet_vishwaniketan_edu_in/EQiHZnOev8pDi7Q3WeQUNfIBZwqQhvm8bUBtbqdUcNIj3w?e=O2VhUS
2022,,Result TE (Electrical Engg. R-2016)_Sem-VI_CBCS_ATKT_Dec-2021,https://vishwaniketaneduin-my.sharepoint.com/:b:/g/personal/exam_vimeet_vishwaniketan_edu_in/EXSHp1vC8dJDqNSgIBquCOABRnCUVi2dwqzXNRx_Ect8qQ?e=Jujvng
2022,,Result SE (Electrical Engg. R-2019)_Sem-III_'C' Scheme_CBCS_Dec-2021,https://vishwaniketaneduin-my.sharepoint.com/:b:/g/personal/exam_vimeet_vishwaniketan_edu_in/Eam8fJ-vwTxOsFoq-dwrH54B1IwqA_kpLP5ERfwB6BvYwg?e=3zv9AR
2022,2022-02-20,Result SE (Computer Engg. R-2019)_Sem-III_CBSGS TO CBCS_ATKT_Dec-2021,https://accounts.google.com/ServiceLogin?service=wise&passive=1209600&osid=1&continue=https://drive.google.com/file/d/1iPV-kkHWH7_u-r3b95zN7WMkh1ZYhZRK/view?usp%3Dsharing&followup=https://drive.google.com/file/d/1iPV-kkHWH7_u-r3b95zN7WMkh1ZYhZRK/view?usp%3Dsharing&ec=GAZAGQ
2022,,Result TE (Computer Engg. R-2016)_Sem-VI_CBCS_ATKT_Dec-2021,https://accounts.google.com/ServiceLogin?service=wise&passive=1209600&osid=1&continue=https://drive.google.com/file/d/1rClwNjJeUIoBMa2x4Kw8Y8HPaMSZvO5q/view?usp%3Dsharing&followup=https://drive.google.com/file/d/1rClwNjJeUIoBMa2x4Kw8Y8HPaMSZvO5q/view?usp%3Dsharing&ec=GAZAGQ
2022,,Result TE (Mechanical Engg. R-2019)_Sem-VI_CBCS_ATKT_Dec-2021,https://accounts.google.com/ServiceLogin?service=wise&passive=1209600&osid=1&continue=https://drive.google.com/file/d/1rf96zIEkX3MFrn_TVdOiCgmsUQpfEgLy/view?usp%3Dsharing&followup=https://drive.google.com/file/d/1rf96zIEkX3MFrn_TVdOiCgmsUQpfEgLy/view?usp%3Dsharing&ec=GAZAGQ
2022,,Result SE (Mechanical Engg. R-2019)_Sem-IV_CBCS_ATKT_Dec-2021,https://accounts.google.com/ServiceLogin?service=wise&passive=1209600&osid=1&continue=https://drive.google.com/file/d/15NABfKN3Ffz2VHBUvePuK821pEYwliV8/view?usp%3Dsharing&followup=https://drive.google.com/file/d/15NABfKN3Ffz2VHBUvePuK821pEYwliV8/view?usp%3Dsharing&ec=GAZAGQ
2022,,Result SE (Mechanical Engg. R-2019)_Sem-III_'C' Scheme_CBCS_Dec-2021,https://accounts.google.com/ServiceLogin?service=wise&passive=1209600&osid=1&continue=https://drive.google.com/file/d/17TjhGwDjx0cdqXJ2jhittUK2lqoYjsW-/view?usp%3Dsharing&followup=https://drive.google.com/file/d/17TjhGwDjx0cdqXJ2jhittUK2lqoYjsW-/view?usp%3Dsharing&ec=GAZAGQ
2022,,Result TE (Mechanical Engg. R-2019)_Sem-V_'C' Scheme_CBCS_Dec-2021,https://accounts.google.com/ServiceLogin?service=wise&passive=1209600&osid=1&continue=https://drive.google.com/file/d/1HiAaNBEG7YvVOCFZC2XBRce7oImiQoFk/view?usp%3Dsharing&followup=https://drive.google.com/file/d/1HiAaNBEG7YvVOCFZC2XBRce7oImiQoFk/view?usp%3Dsharing&ec=GAZAGQ
2022,2022-01-31,Result BE (Electrical Engg. R-2016)_Sem VII_CBCS_Dec-2021,https://accounts.google.com/ServiceLogin?service=wise&passive=1209600&osid=1&continue=https://drive.google.com/file/d/15hhzQBZlGNfyLpWMa_KOMgqtNXGeLp1k/view?usp%3Dsharing&followup=https://drive.google.com/file/d/15hhzQBZlGNfyLpWMa_KOMgqtNXGeLp1k/view?usp%3Dsharing&ec=GAZAGQ
2022,,Result BE (Mechanical Engg. R-2016)_Sem VII_CBCS_Dec-2021,https://accounts.google.com/ServiceLogin?service=wise&passive=1209600&osid=1&continue=https://drive.google.com/file/d/1gbEeR-wjv8X4rsRLuqGC32YgNRy8uy2d/view?usp%3Dsharing&followup=https://drive.google.com/file/d/1gbEeR-wjv8X4rsRLuqGC32YgNRy8uy2d/view?usp%3Dsharing&ec=GAZAGQ
2022,,Result BE (Computer Engg. R-2016)_Sem VII_CBCS_Dec-2021,https://accounts.google.com/ServiceLogin?service=wise&passive=1209600&osid=1&continue=https://drive.google.com/file/d/1A8JjercSEUC3okNlb7TrLneGG_l8jolL/view?usp%3Dsharing&followup=https://drive.google.com/file/d/1A8JjercSEUC3okNlb7TrLneGG_l8jolL/view?usp%3Dsharing&ec=GAZAGQ
2022,,Result BE (EXTC Engg. R-2016)_Sem VII_CBCS_Dec-2021,https://accounts.google.com/ServiceLogin?service=wise&passive=1209600&osid=1&continue=https://drive.google.com/file/d/1vW4JD7n_oLOoLLRDhuolUWkYdvwMNN5j/view?usp%3Dsharing&followup=https://drive.google.com/file/d/1vW4JD7n_oLOoLLRDhuolUWkYdvwMNN5j/view?usp%3Dsharing&ec=GAZAGQ
2022,,Result BE (CIVIL Engg. R-2016)_Sem VII_CBCS_Dec-2021,https://accounts.google.com/ServiceLogin?service=wise&passive=1209600&osid=1&continue=https://drive.google.com/file/d/1S1hcBcqOW_jBq_NlG0vAe1L-BB-unxEK/view?usp%3Dsharing&followup=https://drive.google.com/file/d/1S1hcBcqOW_jBq_NlG0vAe1L-BB-unxEK/view?usp%3Dsharing&ec=GAZAGQ
2021,2021-11-27,Result (F.E. R-2016) Sem-II_Choice Base_May-2021 LOT-2,https://accounts.google.com/ServiceLogin?service=wise&passive=1209600&osid=1&continue=https://drive.google.com/file/d/14hXFa5BnweDSmSirWomLdgT5Rzw3gZaf/view?usp%3Dsharing&followup=https://drive.google.com/file/d/14hXFa5BnweDSmSirWomLdgT5Rzw3gZaf/view?usp%3Dsharing&ec=GAZAGQ
2021,,Result (F.E. R-2016) Sem-II_Choice Base_May-2021 LOT-1,https://accounts.google.com/ServiceLogin?service=wise&passive=1209600&osid=1&continue=https://drive.google.com/file/d/10PqVqWNmFzUUqGtqiFzWlx10bir5w8Lj/view?usp%3Dsharing&followup=https://drive.google.com/file/d/10PqVqWNmFzUUqGtqiFzWlx10bir5w8Lj/view?usp%3Dsharing&ec=GAZAGQ
2021,,Result (F.E. R-2016) Sem-I_Choice Base_May-2021 LOT-1,https://accounts.google.com/ServiceLogin?service=wise&passive=1209600&osid=1&continue=https://drive.google.com/file/d/17-izHeLdX2Wp4JFFGBE58L8UoybYdmGZ/view?usp%3Dsharing&followup=https://drive.google.com/file/d/17-izHeLdX2Wp4JFFGBE58L8UoybYdmGZ/view?usp%3Dsharing&ec=GAZAGQ
2021,,Result BE (CIVIL Engg. R-2016)_Sem VIII_CBCS_June-2021,https://accounts.google.com/ServiceLogin?service=wise&passive=1209600&osid=1&continue=https://drive.google.com/file/d/1Y-rPyS0FgzvWTNgeGfe3lIn-yDlO2-Dl/view?usp%3Dsharing&followup=https://drive.google.com/file/d/1Y-rPyS0FgzvWTNgeGfe3lIn-yDlO2-Dl/view?usp%3Dsharing&ec=GAZAGQ
2021,2021-04-05,Result TE (Electrical Engg. R-2016)_Sem-V_CBCS_January-2021,https://accounts.google.com/ServiceLogin?service=wise&passive=1209600&osid=1&continue=https://drive.google.com/file/d/1iERHNuchKE4Rm8cK9tIZdTs0J07SW67C/view?usp%3Dsharing&followup=https://drive.google.com/file/d/1iERHNuchKE4Rm8cK9tIZdTs0J07SW67C/view?usp%3Dsharing&ec=GAZAGQ
2021,,Result SE (Electrical Engg. R-2016)_Sem-III_CBCS_January-2021,https://accounts.google.com/ServiceLogin?service=wise&passive=1209600&osid=1&continue=https://drive.google.com/file/d/1jIlvzEgTYqjY9HeJxwkLB6pVramlE-Hk/view?usp%3Dsharing&followup=https://drive.google.com/file/d/1jIlvzEgTYqjY9HeJxwkLB6pVramlE-Hk/view?usp%3Dsharing&ec=GAZAGQ
2021,,"Result SE (Electrical Engg. R-2019)_Sem-III_""C"" Scheme_January-2021",https://accounts.google.com/ServiceLogin?service=wise&passive=1209600&osid=1&continue=https://drive.google.com/file/d/1KXlrj7Nnj4UsCBcc9rGun9YEJVFGow1v/view?usp%3Dsharing&followup=https://drive.google.com/file/d/1KXlrj7Nnj4UsCBcc9rGun9YEJVFGow1v/view?usp%3Dsharing&ec=GAZAGQ
2021,2021-03-22,Result TE (Computer Engg. R-2016)_Sem-V_Choice Base_January-2021,https://accounts.google.com/ServiceLogin?service=wise&passive=1209600&osid=1&continue=https://drive.google.com/file/d/1V4VTcLFKfR7nC2xPZsHKyWk4CJInt7CE/view?usp%3Dsharing&followup=https://drive.google.com/file/d/1V4VTcLFKfR7nC2xPZsHKyWk4CJInt7CE/view?usp%3Dsharing&ec=GAZAGQ
2021,,"Result SE (Computer Engg. R-2019)_Sem-III_""C"" Scheme_January-2021",https://accounts.google.com/ServiceLogin?service=wise&passive=1209600&osid=1&continue=https://drive.google.com/file/d/1_jorb1AYakS5QS9XgW6IzztHehmV2KPC/view?usp%3Dsharing&followup=https://drive.google.com/file/d/1_jorb1AYakS5QS9XgW6IzztHehmV2KPC/view?usp%3Dsharing&ec=GAZAGQ
2021,2021-03-16,Result SE (Civil Engg. R-2016)_Sem-IV_Choice Base_December-2020,https://accounts.google.com/ServiceLogin?service=wise&passive=1209600&osid=1&continue=https://drive.google.com/file/d/1ORqL4iOiooSpH3g-nwR_Ep_R-SD5dvjN/view?usp%3Dsharing&followup=https://drive.google.com/file/d/1ORqL4iOiooSpH3g-nwR_Ep_R-SD5dvjN/view?usp%3Dsharing&ec=GAZAGQ
2021,,Result SE (Civil Engg. R-2012)_Sem-IV_CBGS_December-2020,https://accounts.google.com/ServiceLogin?service=wise&passive=1209600&osid=1&continue=https://drive.google.com/file/d/1-4LDdcHUuyIe2K4RKctm4zXAwktl7rP8/view?usp%3Dsharing&followup=https://drive.google.com/file/d/1-4LDdcHUuyIe2K4RKctm4zXAwktl7rP8/view?usp%3Dsharing&ec=GAZAGQ
2021,,Result TE (Civil Engg. R-2016)_Sem-V_Choice Base_January-2021 (Reg & KT),https://accounts.google.com/ServiceLogin?service=wise&passive=1209600&osid=1&continue=https://drive.google.com/file/d/1xCK7__YZsv_iO0Lbt_yEmjUKnb4smDpm/view?usp%3Dsharing&followup=https://drive.google.com/file/d/1xCK7__YZsv_iO0Lbt_yEmjUKnb4smDpm/view?usp%3Dsharing&ec=GAZAGQ
2021,,Result TE (Civil Engg. R-2012)_Sem-V_CBGS_January-2021,https://accounts.google.com/ServiceLogin?service=wise&passive=1209600&osid=1&continue=https://drive.google.com/file/d/18rv9vaTjlGVHdCHhpzjOLbRty2SlDXZw/view?usp%3Dsharing&followup=https://drive.google.com/file/d/18rv9vaTjlGVHdCHhpzjOLbRty2SlDXZw/view?usp%3Dsharing&ec=GAZAGQ
2021,,"Result SE (Civil Engg. R-2019)_Sem-III_""C"" Scheme_January-2021",https://accounts.google.com/ServiceLogin?service=wise&passive=1209600&osid=1&continue=https://drive.google.com/file/d/1hCmbUPY3nytQE7hQ6opUpj0KDpkCySC5/view?usp%3Dsharing&followup=https://drive.google.com/file/d/1hCmbUPY3nytQE7hQ6opUpj0KDpkCySC5/view?usp%3Dsharing&ec=GAZAGQ
2021,,Result SE (Civil Engg. R-2016)_Sem-III_Choice Base_January-2021(KT),https://accounts.google.com/ServiceLogin?service=wise&passive=1209600&osid=1&continue=https://drive.google.com/file/d/1c-4XULszs2FJ4oK0d3880HdV8nkFdhtF/view?usp%3Dsharing&followup=https://drive.google.com/file/d/1c-4XULszs2FJ4oK0d3880HdV8nkFdhtF/view?usp%3Dsharing&ec=GAZAGQ
2021,,Result TE (Mechanical Engg. R-2012)_Sem-VI_Choice Base_December-2020,https://accounts.google.com/ServiceLogin?service=wise&passive=1209600&osid=1&continue=https://drive.google.com/file/d/1a0NdzsG2AR7IoQTzg_HndAbKD5T6obyZ/view?usp%3Dsharing&followup=https://drive.google.com/file/d/1a0NdzsG2AR7IoQTzg_HndAbKD5T6obyZ/view?usp%3Dsharing&ec=GAZAGQ
2021,,Result TE (Mechanical Engg. R-2012)_Sem-VI_CBGS_December-2020,https://accounts.google.com/ServiceLogin?service=wise&passive=1209600&osid=1&continue=https://drive.google.com/file/d/1OVLIdnF_Gn4-ZlaEusyBF7X7L-0u4kVo/view?usp%3Dsharing&followup=https://drive.google.com/file/d/1OVLIdnF_Gn4-ZlaEusyBF7X7L-0u4kVo/view?usp%3Dsharing&ec=GAZAGQ
2021,,Result SE (Mechanical Engg. R-2016)_Sem-IV_Choice Base_December-2020,https://accounts.google.com/ServiceLogin?service=wise&passive=1209600&osid=1&continue=https://drive.google.com/file/d/1wXhWP2s66PUc3Xc1NsTjJwzWNfH5Fy0_/view?usp%3Dsharing&followup=https://drive.google.com/file/d/1wXhWP2s66PUc3Xc1NsTjJwzWNfH5Fy0_/view?usp%3Dsharing&ec=GAZAGQ
2021,,Result SE (Mechanical Engg. R-2016)_Sem-IV_Choice Base_December-2020,https://drive.google.com/file/d/1wXhWP2s66PUc3Xc1NsTjJwzWNfH5Fy0_/view?usp=sharing
2021,,Result SE (Mechanical Engg. R-2012)_Sem-IV_CBGS_December-2020,https://accounts.google.com/ServiceLogin?service=wise&passive=1209600&osid=1&continue=https://drive.google.com/file/d/1o1W90W7naIlSBkUQWOeoJObg8EEcVUpK/view?usp%3Dsharing&followup=https://drive.google.com/file/d/1o1W90W7naIlSBkUQWOeoJObg8EEcVUpK/view?usp%3Dsharing&ec=GAZAGQ
2021,,Result BE (Mechanical Engg. R-2016)_Sem-VII_Choice Base_January-2021,https://accounts.google.com/ServiceLogin?service=wise&passive=1209600&osid=1&continue=https://drive.google.com/file/d/1p1IH9-ZswUtP2DdDfoGl9eI2e9WMHHo4/view?usp%3Dsharing&followup=https://drive.google.com/file/d/1p1IH9-ZswUtP2DdDfoGl9eI2e9WMHHo4/view?usp%3Dsharing&ec=GAZAGQ
2021,,Result BE (ExTC Engg. R-2016)_Sem-VII_Choice Base_January-2021,https://accounts.google.com/ServiceLogin?service=wise&passive=1209600&osid=1&continue=https://drive.google.com/file/d/1grTaDomW9XPJ_uPTPvBGEXoBESu2MCHy/view?usp%3Dsharing&followup=https://drive.google.com/file/d/1grTaDomW9XPJ_uPTPvBGEXoBESu2MCHy/view?usp%3Dsharing&ec=GAZAGQ
2021,2021-03-12,Revaluation Result FE (R-2016)_Sem-II_Choice Base_Dec-2019,https://accounts.google.com/ServiceLogin?service=wise&passive=1209600&osid=1&continue=https://drive.google.com/file/d/19_oe_-2gmcSaYzFANhjLOaCvAD-L0Oaz/view?usp%3Dsharing&followup=https://drive.google.com/file/d/19_oe_-2gmcSaYzFANhjLOaCvAD-L0Oaz/view?usp%3Dsharing&ec=GAZAGQ
2021,2021-03-08,Result BE (Electrical Engg. R-2016)_Sem-VII_Choice Base_January-2021,https://accounts.google.com/ServiceLogin?service=wise&passive=1209600&osid=1&continue=https://drive.google.com/file/d/19NSNYftr8_aNeUaLY4i4CSxPSOjMRaKL/view?usp%3Dsharing&followup=https://drive.google.com/file/d/19NSNYftr8_aNeUaLY4i4CSxPSOjMRaKL/view?usp%3Dsharing&ec=GAZAGQ
2021,2021-03-05,Result BE (Civil Engg. R-2016)_Sem-VII_Choice Base_January-2021,https://accounts.google.com/ServiceLogin?service=wise&passive=1209600&osid=1&continue=https://drive.google.com/file/d/1O7yy_HCnCqvwHI83zLnnDSWfU86DfXmi/view?usp%3Dsharing&followup=https://drive.google.com/file/d/1O7yy_HCnCqvwHI83zLnnDSWfU86DfXmi/view?usp%3Dsharing&ec=GAZAGQ
2021,2021-03-03,Result BE (Computer Engg. R-2016)_Sem-VII_Choice Base_January-2021,https://accounts.google.com/ServiceLogin?service=wise&passive=1209600&osid=1&continue=https://drive.google.com/file/d/1QPNy3O6dmtbyz4ZOn8G5ig3misjTu3vA/view?usp%3Dsharing&followup=https://drive.google.com/file/d/1QPNy3O6dmtbyz4ZOn8G5ig3misjTu3vA/view?usp%3Dsharing&ec=GAZAGQ
2021,2021-02-21,Amendment Result TE (Mechanical Engg. R-2016)_Sem-VI_CBCS_May-2020,https://accounts.google.com/ServiceLogin?service=wise&passive=1209600&osid=1&continue=https://drive.google.com/file/d/1WX6oxvicFr9VOueQfl3buenKYAx011i_/view?usp%3Dsharing&followup=https://drive.google.com/file/d/1WX6oxvicFr9VOueQfl3buenKYAx011i_/view?usp%3Dsharing&ec=GAZAGQ
2021,,Amendment Result SE (Mechanical Engg. R-2016)_Sem-IV_CBCS_May-2020,https://accounts.google.com/ServiceLogin?service=wise&passive=1209600&osid=1&continue=https://drive.google.com/file/d/1mWPxV-CXYPfqIVl5Fh8TMFR8rQmeh0ck/view?usp%3Dsharing&followup=https://drive.google.com/file/d/1mWPxV-CXYPfqIVl5Fh8TMFR8rQmeh0ck/view?usp%3Dsharing&ec=GAZAGQ
2021,,Amendment Result TE (ExTC Engg. R-2016)_Sem-VI_CBCS_May-2020,https://accounts.google.com/ServiceLogin?service=wise&passive=1209600&osid=1&continue=https://drive.google.com/file/d/1Gx5k-yau4f9TNRbZZWRWCfK7pb-f8wJp/view?usp%3Dsharing&followup=https://drive.google.com/file/d/1Gx5k-yau4f9TNRbZZWRWCfK7pb-f8wJp/view?usp%3Dsharing&ec=GAZAGQ
2021,,Amendment Result SE (ExTC Engg. R-2016)_Sem-IV_CBCS_May-2020,https://accounts.google.com/ServiceLogin?service=wise&passive=1209600&osid=1&continue=https://drive.google.com/file/d/1xr4UWFwpDfIcQZ2hpAgJ3svMSV2OjH2A/view?usp%3Dsharing&followup=https://drive.google.com/file/d/1xr4UWFwpDfIcQZ2hpAgJ3svMSV2OjH2A/view?usp%3Dsharing&ec=GAZAGQ
2021,,Amendment Result TE (Electrical Engg. R-2016)_Sem-VI_CBCS_May-2020,https://drive.google.com/file/d/18BkCpZESMfQPIGlzfE-E5wDMyjxTOikJ/view?usp=sharing
2021,,Amendment Result SE (Electrical Engg. R-2016)_Sem-IV_CBCS_May-2020,https://accounts.google.com/ServiceLogin?service=wise&passive=1209600&osid=1&continue=https://drive.google.com/file/d/1f61vc7m7RR-Flws05c3dzCRo6uI5o3eA/view?usp%3Dsharing&followup=https://drive.google.com/file/d/1f61vc7m7RR-Flws05c3dzCRo6uI5o3eA/view?usp%3Dsharing&ec=GAZAGQ
2021,,Amendment Result TE (Computer Engg. R-2016)_Sem-VI_CBCS_May-2020,https://accounts.google.com/ServiceLogin?service=wise&passive=1209600&osid=1&continue=https://drive.google.com/file/d/1zuLjH-GuRlr9nG8htypwYHLabuteeTO1/view?usp%3Dsharing&followup=https://drive.google.com/file/d/1zuLjH-GuRlr9nG8htypwYHLabuteeTO1/view?usp%3Dsharing&ec=GAZAGQ
2021,,Amendment Result SE (Computer Engg. R-2016)_Sem-IV_CBCS_May-2020,https://accounts.google.com/ServiceLogin?service=wise&passive=1209600&osid=1&continue=https://drive.google.com/file/d/1cT5Ped3TcMD-YfPhz4aNQSR0mlylehax/view?usp%3Dsharing&followup=https://drive.google.com/file/d/1cT5Ped3TcMD-YfPhz4aNQSR0mlylehax/view?usp%3Dsharing&ec=GAZAGQ
2021,,Amendment Result TE (Civil Engg. R-2016)_Sem-VI_CBCS_May-2020,https://accounts.google.com/ServiceLogin?service=wise&passive=1209600&osid=1&continue=https://drive.google.com/file/d/1mvzqz93clkWpGlelA-sxDRPOroGdp_8l/view?usp%3Dsharing&followup=https://drive.google.com/file/d/1mvzqz93clkWpGlelA-sxDRPOroGdp_8l/view?usp%3Dsharing&ec=GAZAGQ
2021,,Amendment Result SE (Civil Engg. R-2016)_Sem-IV_CBCS_May-2020,https://accounts.google.com/ServiceLogin?service=wise&passive=1209600&osid=1&continue=https://drive.google.com/file/d/14vwmdMPc0jmR_95IN0nLb-fDXvmZkQ_g/view?usp%3Dsharing&followup=https://drive.google.com/file/d/14vwmdMPc0jmR_95IN0nLb-fDXvmZkQ_g/view?usp%3Dsharing&ec=GAZAGQ
2021,2021-01-26,Result (F.E. R-2016) Sem-II_Choice Base_Dec-2020 LOT-2 ( Spl backlog),https://accounts.google.com/ServiceLogin?service=wise&passive=1209600&osid=1&continue=https://drive.google.com/file/d/1RnZ59PucJSWWZKmzVikodFLyE1HSVWie/view?usp%3Dsharing&followup=https://drive.google.com/file/d/1RnZ59PucJSWWZKmzVikodFLyE1HSVWie/view?usp%3Dsharing&ec=GAZAGQ
2021,2021-01-21,Result (F.E. R-2016) Sem-II_Choice Base_Dec-2020 LOT-1 ( Spl backlog),https://accounts.google.com/ServiceLogin?service=wise&passive=1209600&osid=1&continue=https://drive.google.com/file/d/1h2t4epA77zFIdcT2BK6baU9cIMXCA_xO/view?usp%3Dsharing&followup=https://drive.google.com/file/d/1h2t4epA77zFIdcT2BK6baU9cIMXCA_xO/view?usp%3Dsharing&ec=GAZAGQ
2021,,Result (F.E. R-2016) Sem-I_Choice Base_Dec-2020 LOT-2 ( Spl backlog),https://accounts.google.com/ServiceLogin?service=wise&passive=1209600&osid=1&continue=https://drive.google.com/file/d/1BPsCpswm2i7qjWBACuQg0f7vs90ykM5H/view?usp%3Dsharing&followup=https://drive.google.com/file/d/1BPsCpswm2i7qjWBACuQg0f7vs90ykM5H/view?usp%3Dsharing&ec=GAZAGQ
2021,,Result (F.E. R-2016) Sem-I_Choice Base_Dec-2020 LOT-1 ( Spl backlog),https://accounts.google.com/ServiceLogin?service=wise&passive=1209600&osid=1&continue=https://drive.google.com/file/d/10LHh1TjA_Bf1hQiXKFoO-rFMMoCVSw3I/view?usp%3Dsharing&followup=https://drive.google.com/file/d/10LHh1TjA_Bf1hQiXKFoO-rFMMoCVSw3I/view?usp%3Dsharing&ec=GAZAGQ
2021,2021-01-06,Result (F.E. R-2012)_Sem-II_CBGS_Dec-2020 ( Spl backlog),https://accounts.google.com/ServiceLogin?service=wise&passive=1209600&osid=1&continue=https://drive.google.com/file/d/1ocZwEXz7jbU9ZwnkVmIVzPtu_d83-KFj/view?usp%3Dsharing&followup=https://drive.google.com/file/d/1ocZwEXz7jbU9ZwnkVmIVzPtu_d83-KFj/view?usp%3Dsharing&ec=GAZAGQ
2021,2021-01-04,Result (F.E. R-2012)_Sem-I_CBGS_Dec-2020 ( Spl backlog),https://accounts.google.com/ServiceLogin?service=wise&passive=1209600&osid=1&continue=https://drive.google.com/file/d/1f66QtXFQE61dM9TIOQH0bTbavrruzTg_/view?usp%3Dsharing&followup=https://drive.google.com/file/d/1f66QtXFQE61dM9TIOQH0bTbavrruzTg_/view?usp%3Dsharing&ec=GAZAGQ
2020,2020-12-29,Result TE (ExTC Engg. R-2016)_Sem-V_Choice Base_Dec-2020 ( Spl backlog),https://accounts.google.com/ServiceLogin?service=wise&passive=1209600&osid=1&continue=https://drive.google.com/file/d/1uHhC0l-g3cknvUgL8qc1ldjvtvB5h_1I/view?usp%3Dsharing&followup=https://drive.google.com/file/d/1uHhC0l-g3cknvUgL8qc1ldjvtvB5h_1I/view?usp%3Dsharing&ec=GAZAGQ
2020,2020-12-25,Result TE (ExTC Engg. R-2016)_Sem-VI_Choice Base_Dec-2020 ( Spl backlog),https://accounts.google.com/ServiceLogin?service=wise&passive=1209600&osid=1&continue=https://drive.google.com/file/d/1IEzuPYJwlYU6l9WSrrF-kvsK1zjHwEu1/view?usp%3Dsharing&followup=https://drive.google.com/file/d/1IEzuPYJwlYU6l9WSrrF-kvsK1zjHwEu1/view?usp%3Dsharing&ec=GAZAGQ
2020,,Result SE (ExTC Engg. R-2016)_Sem-IV_Choice Base_Dec-2020 ( Spl backlog),https://accounts.google.com/ServiceLogin?service=wise&passive=1209600&osid=1&continue=https://drive.google.com/file/d/1QIPevBEsVihLtjPZ3mhvTt6jweuw1uBO/view?usp%3Dsharing&followup=https://drive.google.com/file/d/1QIPevBEsVihLtjPZ3mhvTt6jweuw1uBO/view?usp%3Dsharing&ec=GAZAGQ
2020,,Result SE (ExTC Engg. R-2016)_Sem-III_Choice Base_Dec-2020 ( Spl backlog),https://accounts.google.com/ServiceLogin?service=wise&passive=1209600&osid=1&continue=https://drive.google.com/file/d/182L9zcK7umIJmm0kM85jHYKpZGXYFfqV/view?usp%3Dsharing&followup=https://drive.google.com/file/d/182L9zcK7umIJmm0kM85jHYKpZGXYFfqV/view?usp%3Dsharing&ec=GAZAGQ
2020,,Result TE (ExTC Engg. R-2012)_Sem-VI_CBGS_Dec-2020 ( Spl backlog),https://accounts.google.com/ServiceLogin?service=wise&passive=1209600&osid=1&continue=https://drive.google.com/file/d/1MXJUrmRIxCIzgFB0YMRCG8mSDQIBZrZW/view?usp%3Dsharing&followup=https://drive.google.com/file/d/1MXJUrmRIxCIzgFB0YMRCG8mSDQIBZrZW/view?usp%3Dsharing&ec=GAZAGQ
2020,,Result TE (Mechanical Engg. R-2016)_Sem-V_Choice Base_Dec-2020 ( Spl backlog),https://accounts.google.com/ServiceLogin?service=wise&passive=1209600&osid=1&continue=https://drive.google.com/file/d/139q492_FDZFHoN8lYKz8u8S0YIOZH0jA/view?usp%3Dsharing&followup=https://drive.google.com/file/d/139q492_FDZFHoN8lYKz8u8S0YIOZH0jA/view?usp%3Dsharing&ec=GAZAGQ
2020,,Result SE (Mechanical Engg. R-2016)_Sem-IV_Choice Base_Dec-2020 ( Spl backlog),https://accounts.google.com/ServiceLogin?service=wise&passive=1209600&osid=1&continue=https://drive.google.com/file/d/1S-toIc03Uw14pq-MDzJ3o6V43oLvpy_z/view?usp%3Dsharing&followup=https://drive.google.com/file/d/1S-toIc03Uw14pq-MDzJ3o6V43oLvpy_z/view?usp%3Dsharing&ec=GAZAGQ
2020,,Result SE (Mechanical Engg. R-2016)_Sem-III_Choice Base_Dec-2020 ( Spl backlog),https://accounts.google.com/ServiceLogin?service=wise&passive=1209600&osid=1&continue=https://drive.google.com/file/d/1olY99cKoDqZV7oSVWuFouqehhbsp6RL2/view?usp%3Dsharing&followup=https://drive.google.com/file/d/1olY99cKoDqZV7oSVWuFouqehhbsp6RL2/view?usp%3Dsharing&ec=GAZAGQ
2020,,Result TE (Mechanical Engg. R-2012)_Sem-VI_CBGS_Dec-2020 ( Spl backlog),https://accounts.google.com/ServiceLogin?service=wise&passive=1209600&osid=1&continue=https://drive.google.com/file/d/1kVVpzp1wt1MFIuaarPpIJj5MGTq-nPj9/view?usp%3Dsharing&followup=https://drive.google.com/file/d/1kVVpzp1wt1MFIuaarPpIJj5MGTq-nPj9/view?usp%3Dsharing&ec=GAZAGQ
2020,,Result TE (Mechanical Engg. R-2012)_Sem-V_CBGS_Dec-2020 ( Spl backlog),https://drive.google.com/file/d/1-K-qcVvutLqyULnuF859lkoph4tIldPh/view?usp=sharing
2020,,Result SE (Mechanical Engg. R-2012)_Sem-IV_CBGS_Dec-2020 ( Spl backlog),https://accounts.google.com/ServiceLogin?service=wise&passive=1209600&osid=1&continue=https://drive.google.com/file/d/1IhXh-vpGO2rRFcrO1O3nRqeSSQqgugRP/view?usp%3Dsharing&followup=https://drive.google.com/file/d/1IhXh-vpGO2rRFcrO1O3nRqeSSQqgugRP/view?usp%3Dsharing&ec=GAZAGQ
2020,,Result SE (Mechanical Engg. R-2012)_Sem-III_CBGS_Dec-2020 ( Spl backlog),https://accounts.google.com/ServiceLogin?service=wise&passive=1209600&osid=1&continue=https://drive.google.com/file/d/10RxO6d1c2RY2CwvRqJbmQ_wOswkabikD/view?usp%3Dsharing&followup=https://drive.google.com/file/d/10RxO6d1c2RY2CwvRqJbmQ_wOswkabikD/view?usp%3Dsharing&ec=GAZAGQ
2020,,Result TE (Electrical Engg. R-2016)_Sem-VI_Choice Base_Dec-2020 ( Spl backlog),https://accounts.google.com/ServiceLogin?service=wise&passive=1209600&osid=1&continue=https://drive.google.com/file/d/13d5rh7OgJJBY3td7WiNaAzAxcioliujs/view?usp%3Dsharing&followup=https://drive.google.com/file/d/13d5rh7OgJJBY3td7WiNaAzAxcioliujs/view?usp%3Dsharing&ec=GAZAGQ
2020,,Result TE (Electrical Engg. R-2016)_Sem-V_Choice Base_Dec-2020 ( Spl backlog),https://accounts.google.com/ServiceLogin?service=wise&passive=1209600&osid=1&continue=https://drive.google.com/file/d/1B-XmegAZoUFC9sHVWP4ZINRpQcQwdMFC/view?usp%3Dsharing&followup=https://drive.google.com/file/d/1B-XmegAZoUFC9sHVWP4ZINRpQcQwdMFC/view?usp%3Dsharing&ec=GAZAGQ
2020,,Result SE (Electrical Engg. R-2016)_Sem-IV_Choice Base_Dec-2020 ( Spl backlog),https://accounts.google.com/ServiceLogin?service=wise&passive=1209600&osid=1&continue=https://drive.google.com/file/d/1p0Sdu5TD6mCkBX-Qr7G8Vfoo_Tdkt85t/view?usp%3Dsharing&followup=https://drive.google.com/file/d/1p0Sdu5TD6mCkBX-Qr7G8Vfoo_Tdkt85t/view?usp%3Dsharing&ec=GAZAGQ
2020,,Result SE (Electrical Engg. R-2016)_Sem-III_Choice Base_Dec-2020 ( Spl backlog),https://accounts.google.com/ServiceLogin?service=wise&passive=1209600&osid=1&continue=https://drive.google.com/file/d/1XKExZaIdYJnu1AJvzQ4WZfYXPXnOQTtG/view?usp%3Dsharing&followup=https://drive.google.com/file/d/1XKExZaIdYJnu1AJvzQ4WZfYXPXnOQTtG/view?usp%3Dsharing&ec=GAZAGQ
2020,,Result TE (Electrical Engg. R-2012)_Sem-VI_CBGS_Dec-2020 ( Spl backlog),https://accounts.google.com/ServiceLogin?service=wise&passive=1209600&osid=1&continue=https://drive.google.com/file/d/1fHCHr6MEgZWe2erhZBJAbzsQuX1BW9Si/view?usp%3Dsharing&followup=https://drive.google.com/file/d/1fHCHr6MEgZWe2erhZBJAbzsQuX1BW9Si/view?usp%3Dsharing&ec=GAZAGQ
2020,,Result SE (Electrical Engg. R-2012)_Sem-IV_CBGS_Dec-2020 ( Spl backlog),https://accounts.google.com/ServiceLogin?service=wise&passive=1209600&osid=1&continue=https://drive.google.com/file/d/1wdnoVN1-olAVlIivL8iZPM9Kpy0hE5Gx/view?usp%3Dsharing&followup=https://drive.google.com/file/d/1wdnoVN1-olAVlIivL8iZPM9Kpy0hE5Gx/view?usp%3Dsharing&ec=GAZAGQ
2020,,Result TE (Computer Engg. R-2016)_Sem-VI_Choice Base_Dec-2020 ( Spl backlog),https://accounts.google.com/ServiceLogin?service=wise&passive=1209600&osid=1&continue=https://drive.google.com/file/d/1F7xPoxpI_0GHTcUbs4d85vgdHGPxocP-/view?usp%3Dsharing&followup=https://drive.google.com/file/d/1F7xPoxpI_0GHTcUbs4d85vgdHGPxocP-/view?usp%3Dsharing&ec=GAZAGQ
2020,,Result TE (Computer Engg. R-2016)_Sem-V_Choice Base_Dec-2020 ( Spl backlog),https://accounts.google.com/ServiceLogin?service=wise&passive=1209600&osid=1&continue=https://drive.google.com/file/d/1pGjCTr4KduzY_qDuBjqCupenID8K4Z9u/view?usp%3Dsharing&followup=https://drive.google.com/file/d/1pGjCTr4KduzY_qDuBjqCupenID8K4Z9u/view?usp%3Dsharing&ec=GAZAGQ
2020,,Result SE (Computer Engg. R-2016)_Sem-IV_Choice Base_Dec-2020 ( Spl backlog),https://accounts.google.com/ServiceLogin?service=wise&passive=1209600&osid=1&continue=https://drive.google.com/file/d/1-IDxijc_3SzaRMZn5dz-OTdvb2VV5MNI/view?usp%3Dsharing&followup=https://drive.google.com/file/d/1-IDxijc_3SzaRMZn5dz-OTdvb2VV5MNI/view?usp%3Dsharing&ec=GAZAGQ
2020,,Result SE (Computer Engg. R-2016)_Sem-III_Choice Base_Dec-2020 ( Spl backlog),https://accounts.google.com/ServiceLogin?service=wise&passive=1209600&osid=1&continue=https://drive.google.com/file/d/1OQDv6yGHzfXjWFV_MFJtDmtOuOhe-vQ_/view?usp%3Dsharing&followup=https://drive.google.com/file/d/1OQDv6yGHzfXjWFV_MFJtDmtOuOhe-vQ_/view?usp%3Dsharing&ec=GAZAGQ
2020,,Result TE (Computer Engg. R-2012)_Sem-VI_CBGS_Dec-2020 ( Spl backlog),https://accounts.google.com/ServiceLogin?service=wise&passive=1209600&osid=1&continue=https://drive.google.com/file/d/1ru9H6sxYtgHUjwc7gjyI6mM_H0lXPfD9/view?usp%3Dsharing&followup=https://drive.google.com/file/d/1ru9H6sxYtgHUjwc7gjyI6mM_H0lXPfD9/view?usp%3Dsharing&ec=GAZAGQ
2020,,Result TE (Computer Engg. R-2012)_Sem-V_CBGS_Dec-2020 ( Spl backlog),https://accounts.google.com/ServiceLogin?service=wise&passive=1209600&osid=1&continue=https://drive.google.com/file/d/1SxyJavfFZyKSea4YHeRq09mqaSXAGPvW/view?usp%3Dsharing&followup=https://drive.google.com/file/d/1SxyJavfFZyKSea4YHeRq09mqaSXAGPvW/view?usp%3Dsharing&ec=GAZAGQ
2020,,Result SE (Computer Engg. R-2012)_Sem-IV_CBGS_Dec-2020 ( Spl backlog),https://accounts.google.com/ServiceLogin?service=wise&passive=1209600&osid=1&continue=https://drive.google.com/file/d/1g5IHjzaXzo8JSMX7zs2joAjSJ0HmCUh3/view?usp%3Dsharing&followup=https://drive.google.com/file/d/1g5IHjzaXzo8JSMX7zs2joAjSJ0HmCUh3/view?usp%3Dsharing&ec=GAZAGQ
2020,,Result SE (Computer Engg. R-2012)_Sem-III_CBGS_Dec-2020 ( Spl backlog),https://accounts.google.com/ServiceLogin?service=wise&passive=1209600&osid=1&continue=https://drive.google.com/file/d/1BgC8vDf26hyXwJk4u0U_mVpYf8Dv6gw0/view?usp%3Dsharing&followup=https://drive.google.com/file/d/1BgC8vDf26hyXwJk4u0U_mVpYf8Dv6gw0/view?usp%3Dsharing&ec=GAZAGQ
2020,,Result TE (Civil Engg. R-2016)_Sem-VI_Choice Base_Dec-2020 ( Spl backlog),https://accounts.google.com/ServiceLogin?service=wise&passive=1209600&osid=1&continue=https://drive.google.com/file/d/1oyxR7Hqu4MSI-J2d2cReuKA7ds09ZAa0/view?usp%3Dsharing&followup=https://drive.google.com/file/d/1oyxR7Hqu4MSI-J2d2cReuKA7ds09ZAa0/view?usp%3Dsharing&ec=GAZAGQ
2020,,Result TE (Civil Engg. R-2016)_Sem-V_Choice Base_Dec-2020 ( Spl backlog),https://accounts.google.com/ServiceLogin?service=wise&passive=1209600&osid=1&continue=https://drive.google.com/file/d/13fJC-NxYsTK7D4nQ8jPfUNaBJRFWOVg5/view?usp%3Dsharing&followup=https://drive.google.com/file/d/13fJC-NxYsTK7D4nQ8jPfUNaBJRFWOVg5/view?usp%3Dsharing&ec=GAZAGQ
2020,,Result SE (Civil Engg. R-2016)_Sem-IV_Choice Base_Dec-2020 ( Spl backlog),https://accounts.google.com/ServiceLogin?service=wise&passive=1209600&osid=1&continue=https://drive.google.com/file/d/1XFzpY89OYUrfu4E68hSak4U3hCHSBL23/view?usp%3Dsharing&followup=https://drive.google.com/file/d/1XFzpY89OYUrfu4E68hSak4U3hCHSBL23/view?usp%3Dsharing&ec=GAZAGQ
2020,,Result SE (Civil Engg. R-2016)_Sem-III_Choice Base_Dec-2020 ( Spl backlog),https://accounts.google.com/ServiceLogin?service=wise&passive=1209600&osid=1&continue=https://drive.google.com/file/d/1NKq5b3elp40lNmJ7I6e9_okU9i_pG_bL/view?usp%3Dsharing&followup=https://drive.google.com/file/d/1NKq5b3elp40lNmJ7I6e9_okU9i_pG_bL/view?usp%3Dsharing&ec=GAZAGQ
2020,,Result TE (Civil Engg. R-2012)_Sem-VI_CBGS_Dec-2020 ( Spl backlog),https://accounts.google.com/ServiceLogin?service=wise&passive=1209600&osid=1&continue=https://drive.google.com/file/d/1BMD267XEjRFeTkXDlpJGpjhALiBUEuUq/view?usp%3Dsharing&followup=https://drive.google.com/file/d/1BMD267XEjRFeTkXDlpJGpjhALiBUEuUq/view?usp%3Dsharing&ec=GAZAGQ
2020,,Result TE (Civil Engg. R-2012)_Sem-V_CBGS_Dec-2020 ( Spl backlog),https://accounts.google.com/ServiceLogin?service=wise&passive=1209600&osid=1&continue=https://drive.google.com/file/d/1045Qx9WH4oEqWYirimF9ssqSOYaGVPnG/view?usp%3Dsharing&followup=https://drive.google.com/file/d/1045Qx9WH4oEqWYirimF9ssqSOYaGVPnG/view?usp%3Dsharing&ec=GAZAGQ
2020,,Result SE (Civil Engg. R-2012)_Sem-IV_CBGS_Dec-2020 ( Spl backlog),https://accounts.google.com/ServiceLogin?service=wise&passive=1209600&osid=1&continue=https://drive.google.com/file/d/1L3WjooDggCBB-cKfNFxGNHMEzOniPJ_4/view?usp%3Dsharing&followup=https://drive.google.com/file/d/1L3WjooDggCBB-cKfNFxGNHMEzOniPJ_4/view?usp%3Dsharing&ec=GAZAGQ
2020,,Result SE (Civil Engg. R-2012)_Sem-III_CBGS_Dec-2020 ( Spl backlog),https://accounts.google.com/ServiceLogin?service=wise&passive=1209600&osid=1&continue=https://drive.google.com/file/d/1uGshPlhCoKC5aORKTjUyE03wHvm_VFOF/view?usp%3Dsharing&followup=https://drive.google.com/file/d/1uGshPlhCoKC5aORKTjUyE03wHvm_VFOF/view?usp%3Dsharing&ec=GAZAGQ
2020,2020-12-09,Result TE (Computer Engg. R-2016)_Sem-VI_Choice Base_Oct-2020,https://accounts.google.com/ServiceLogin?service=wise&passive=1209600&osid=1&continue=https://drive.google.com/file/d/13LnELjox-gzQ3qkY6vFCi4WHbM5wxb2W/view?usp%3Dsharing&followup=https://drive.google.com/file/d/13LnELjox-gzQ3qkY6vFCi4WHbM5wxb2W/view?usp%3Dsharing&ec=GAZAGQ
2020,,Result TE (Computer Engg. R-2016)_Sem-V_Choice Base_Oct-2020,https://accounts.google.com/ServiceLogin?service=wise&passive=1209600&osid=1&continue=https://drive.google.com/file/d/1edylOdrJFYmNr_0lY6H__TW8_OM6ni3D/view?usp%3Dsharing&followup=https://drive.google.com/file/d/1edylOdrJFYmNr_0lY6H__TW8_OM6ni3D/view?usp%3Dsharing&ec=GAZAGQ
2020,,Result TE (Computer Engg. R-2012)_Sem-VI_CBGS_Oct-2020,https://accounts.google.com/ServiceLogin?service=wise&passive=1209600&osid=1&continue=https://drive.google.com/file/d/1gIy_oD0LhuUgUAMQDiyC_2Llt49jr2Nw/view?usp%3Dsharing&followup=https://drive.google.com/file/d/1gIy_oD0LhuUgUAMQDiyC_2Llt49jr2Nw/view?usp%3Dsharing&ec=GAZAGQ
2020,,Result TE (Computer Engg. R-2012)_Sem-V_CBGS_Oct-2020,https://accounts.google.com/ServiceLogin?service=wise&passive=1209600&osid=1&continue=https://drive.google.com/file/d/1Wdpc-PCjVAbh5w6RLeDDGKGobeftGGBr/view?usp%3Dsharing&followup=https://drive.google.com/file/d/1Wdpc-PCjVAbh5w6RLeDDGKGobeftGGBr/view?usp%3Dsharing&ec=GAZAGQ
2020,,Result TE (Civil Engg. R-2016)_Sem-VI_Choice Base_Oct-2020,https://accounts.google.com/ServiceLogin?service=wise&passive=1209600&osid=1&continue=https://drive.google.com/file/d/1Hxk2Y81zzCTsyjxfIP2ygtk0vCY2f70a/view?usp%3Dsharing&followup=https://drive.google.com/file/d/1Hxk2Y81zzCTsyjxfIP2ygtk0vCY2f70a/view?usp%3Dsharing&ec=GAZAGQ
2020,,Result TE (Civil Engg. R-2016)_Sem-V_Choice Base_Oct-2020,https://accounts.google.com/ServiceLogin?service=wise&passive=1209600&osid=1&continue=https://drive.google.com/file/d/1CgJBPGBOEAsytIAUIh6AtEK92mE2q7sp/view?usp%3Dsharing&followup=https://drive.google.com/file/d/1CgJBPGBOEAsytIAUIh6AtEK92mE2q7sp/view?usp%3Dsharing&ec=GAZAGQ
2020,,Result TE (Civil Engg. R-2012)_Sem-VI_CBGS_Oct-2020,https://accounts.google.com/ServiceLogin?service=wise&passive=1209600&osid=1&continue=https://drive.google.com/file/d/12vJmrWFfG48KieG8gCKe5l7joVpkW5cI/view?usp%3Dsharing&followup=https://drive.google.com/file/d/12vJmrWFfG48KieG8gCKe5l7joVpkW5cI/view?usp%3Dsharing&ec=GAZAGQ
2020,,Result TE (Civil Engg. R-2012)_Sem-V_CBGS_Oct-2020,https://accounts.google.com/ServiceLogin?service=wise&passive=1209600&osid=1&continue=https://drive.google.com/file/d/15SqRm1oe-oqFqt2tGhimoTY_4sZuzat6/view?usp%3Dsharing&followup=https://drive.google.com/file/d/15SqRm1oe-oqFqt2tGhimoTY_4sZuzat6/view?usp%3Dsharing&ec=GAZAGQ
2020,,Result TE (Electrical Engg. R-2012)_Sem-VI_CBGS_Oct-2020,https://accounts.google.com/ServiceLogin?service=wise&passive=1209600&osid=1&continue=https://drive.google.com/file/d/113FLpif_515z3Qo63pd7fAbhge-mzMcT/view?usp%3Dsharing&followup=https://drive.google.com/file/d/113FLpif_515z3Qo63pd7fAbhge-mzMcT/view?usp%3Dsharing&ec=GAZAGQ
2020,,Result TE (Electrical Engg. R-2016)_Sem-VI_Choice Base_Oct-2020,https://accounts.google.com/ServiceLogin?service=wise&passive=1209600&osid=1&continue=https://drive.google.com/file/d/1yCjVg6BlAm0npO-RqScOnhbsrYIfc-Th/view?usp%3Dsharing&followup=https://drive.google.com/file/d/1yCjVg6BlAm0npO-RqScOnhbsrYIfc-Th/view?usp%3Dsharing&ec=GAZAGQ
2020,,Result TE (ExTC Engg. R-2012)_Sem-VI_CBGS_Oct-2020,https://accounts.google.com/ServiceLogin?service=wise&passive=1209600&osid=1&continue=https://drive.google.com/file/d/1km3-C3o3al2jdLYz9XbetOZ1an5ypH8F/view?usp%3Dsharing&followup=https://drive.google.com/file/d/1km3-C3o3al2jdLYz9XbetOZ1an5ypH8F/view?usp%3Dsharing&ec=GAZAGQ
2020,,Result TE (Mechanical Engg. R-2016)_Sem-VI_Choice Base_Oct-2020,https://accounts.google.com/ServiceLogin?service=wise&passive=1209600&osid=1&continue=https://drive.google.com/file/d/1wh5n8YAc9KwZMitBTNLYCobJirdCzQDt/view?usp%3Dsharing&followup=https://drive.google.com/file/d/1wh5n8YAc9KwZMitBTNLYCobJirdCzQDt/view?usp%3Dsharing&ec=GAZAGQ
2020,,Result TE (Mechanical Engg. R-2016)_Sem-V_(Mstd) Choice Base_Oct-2020,https://accounts.google.com/ServiceLogin?service=wise&passive=1209600&osid=1&continue=https://drive.google.com/file/d/1RvejrpNB-XrMW1hEzJ8shScvShzj9-kq/view?usp%3Dsharing&followup=https://drive.google.com/file/d/1RvejrpNB-XrMW1hEzJ8shScvShzj9-kq/view?usp%3Dsharing&ec=GAZAGQ
2020,,Result TE (Mechanical Engg. R-2016)_Sem-V_(Jig) Choice Base_Oct-2020,https://accounts.google.com/ServiceLogin?service=wise&passive=1209600&osid=1&continue=https://drive.google.com/file/d/1OPuXedZA1k6Pz4hS2iiebDsaV7LNE_NH/view?usp%3Dsharing&followup=https://drive.google.com/file/d/1OPuXedZA1k6Pz4hS2iiebDsaV7LNE_NH/view?usp%3Dsharing&ec=GAZAGQ
2020,,Result TE (Mechanical Engg. R-2012)_Sem-VI CBGS_Oct-2020,https://accounts.google.com/ServiceLogin?service=wise&passive=1209600&osid=1&continue=https://drive.google.com/file/d/1H-Yw39hkE9bElSHJD1OgW5u-gy-zq7zi/view?usp%3Dsharing&followup=https://drive.google.com/file/d/1H-Yw39hkE9bElSHJD1OgW5u-gy-zq7zi/view?usp%3Dsharing&ec=GAZAGQ
2020,,Result TE (Mechanical Engg. R-2012)_Sem-V CBGS_Oct-2020,https://accounts.google.com/ServiceLogin?service=wise&passive=1209600&osid=1&continue=https://drive.google.com/file/d/10oYNBC5h0EiEMwy6upHznX2x_wZyiVCy/view?usp%3Dsharing&followup=https://drive.google.com/file/d/10oYNBC5h0EiEMwy6upHznX2x_wZyiVCy/view?usp%3Dsharing&ec=GAZAGQ
2020,2020-11-24,Result BE (ExTC Engg. R-2012)_Sem-VIII_Choice Base_Oct-2020,https://accounts.google.com/ServiceLogin?service=wise&passive=1209600&osid=1&continue=https://drive.google.com/file/d/1TTlIFNItTJmXd2zuHudqlxx-RV9FpsDX/view?usp%3Dsharing&followup=https://drive.google.com/file/d/1TTlIFNItTJmXd2zuHudqlxx-RV9FpsDX/view?usp%3Dsharing&ec=GAZAGQ
2020,,Result BE (Mechanical Engg. R-2012)_Sem-VIII_Choice Base_Oct-2020,https://accounts.google.com/ServiceLogin?service=wise&passive=1209600&osid=1&continue=https://drive.google.com/file/d/1hxPXOwJ0FfayTuXJjzfhgnmVOVKhra2k/view?usp%3Dsharing&followup=https://drive.google.com/file/d/1hxPXOwJ0FfayTuXJjzfhgnmVOVKhra2k/view?usp%3Dsharing&ec=GAZAGQ
2020,2020-11-23,Result BE (Civil Engg. R-2012)_Sem-VIII_CBGS_Oct-2020,https://accounts.google.com/ServiceLogin?service=wise&passive=1209600&osid=1&continue=https://drive.google.com/file/d/1IQ7AMl-yzXRaaBzt-_wN2IzLguUcHt1g/view?usp%3Dsharing&followup=https://drive.google.com/file/d/1IQ7AMl-yzXRaaBzt-_wN2IzLguUcHt1g/view?usp%3Dsharing&ec=GAZAGQ
2020,,Result BE (Electrical Engg. R-2016)_Sem-VIII_Choice Base_Oct-2020,https://accounts.google.com/ServiceLogin?service=wise&passive=1209600&osid=1&continue=https://drive.google.com/file/d/1Lx7knhvmNJbEJFxFD_cug4dXruhvprLN/view?usp%3Dsharing&followup=https://drive.google.com/file/d/1Lx7knhvmNJbEJFxFD_cug4dXruhvprLN/view?usp%3Dsharing&ec=GAZAGQ
2020,2020-11-20,Result BE (Civil Engg. R-2016)_Sem-VIII_Choice Base_Oct-2020,https://accounts.google.com/ServiceLogin?service=wise&passive=1209600&osid=1&continue=https://drive.google.com/file/d/1blSJKCEwrmeVm-OlPsR6-BvhsWLq4t0e/view?usp%3Dsharing&followup=https://drive.google.com/file/d/1blSJKCEwrmeVm-OlPsR6-BvhsWLq4t0e/view?usp%3Dsharing&ec=GAZAGQ
2020,,Result BE (Computer Engg. R-2012)_Sem-VIII_CBGS_Oct-2020,https://accounts.google.com/ServiceLogin?service=wise&passive=1209600&osid=1&continue=https://drive.google.com/file/d/1ADSJ3kWouqywIunnuWYoge4aDu2SvhyL/view?usp%3Dsharing&followup=https://drive.google.com/file/d/1ADSJ3kWouqywIunnuWYoge4aDu2SvhyL/view?usp%3Dsharing&ec=GAZAGQ
2020,2020-11-18,Result BE (Computer Engg. R-2016)_Sem-VIII_Choice Base_Oct-2020,https://accounts.google.com/ServiceLogin?service=wise&passive=1209600&osid=1&continue=https://drive.google.com/file/d/1Mg1Xl6xrWGteC_6NThfDS2fzqPBRVyTe/view?usp%3Dsharing&followup=https://drive.google.com/file/d/1Mg1Xl6xrWGteC_6NThfDS2fzqPBRVyTe/view?usp%3Dsharing&ec=GAZAGQ
2020,,Result BE (Mechanical Engg. R-2012)_Sem-VIII_CBGS_Oct-2020,https://accounts.google.com/ServiceLogin?service=wise&passive=1209600&osid=1&continue=https://drive.google.com/file/d/1EUVsSyFQy0CDddjP60WCEgA-C6MJH6VD/view?usp%3Dsharing&followup=https://drive.google.com/file/d/1EUVsSyFQy0CDddjP60WCEgA-C6MJH6VD/view?usp%3Dsharing&ec=GAZAGQ
2020,,Result BE (Computer Engg. R-2012)_Sem-VII_CBGS_Oct-2020,https://accounts.google.com/ServiceLogin?service=wise&passive=1209600&osid=1&continue=https://drive.google.com/file/d/1PWe2KyYKTHNvuyN6f5r7S-aSW65iOij4/view?usp%3Dsharing&followup=https://drive.google.com/file/d/1PWe2KyYKTHNvuyN6f5r7S-aSW65iOij4/view?usp%3Dsharing&ec=GAZAGQ
2020,,Result BE (Mechanical Engg. R-2012)_Sem-VII_CBGS_Oct-2020,https://accounts.google.com/ServiceLogin?service=wise&passive=1209600&osid=1&continue=https://drive.google.com/file/d/1NyKtQu3L7WnMopTPLrC9IGrMSi8R0iyw/view?usp%3Dsharing&followup=https://drive.google.com/file/d/1NyKtQu3L7WnMopTPLrC9IGrMSi8R0iyw/view?usp%3Dsharing&ec=GAZAGQ
2020,,Result BE (Civil Engg. R-2012)_Sem-VII_CBGS_Oct-2020,https://accounts.google.com/ServiceLogin?service=wise&passive=1209600&osid=1&continue=https://drive.google.com/file/d/14ec1I6nzKxJP4ZZ6WI4g_KMCCDuD04Zb/view?usp%3Dsharing&followup=https://drive.google.com/file/d/14ec1I6nzKxJP4ZZ6WI4g_KMCCDuD04Zb/view?usp%3Dsharing&ec=GAZAGQ
2020,,Result BE (Computer Engg. R-2016)_Sem-VII_Choice Base_Oct-2020,https://accounts.google.com/ServiceLogin?service=wise&passive=1209600&osid=1&continue=https://drive.google.com/file/d/1yfHjG7Clq8BPsvlWdj6om5sAd9saEazd/view?usp%3Dsharing&followup=https://drive.google.com/file/d/1yfHjG7Clq8BPsvlWdj6om5sAd9saEazd/view?usp%3Dsharing&ec=GAZAGQ
2020,,Result BE (Electrical Engg. R-2016)_Sem-VII_Choice Base_Oct-2020,https://accounts.google.com/ServiceLogin?service=wise&passive=1209600&osid=1&continue=https://drive.google.com/file/d/1UT3PStfg4AkNO_eVR_9ZPFJRdAEISoj3/view?usp%3Dsharing&followup=https://drive.google.com/file/d/1UT3PStfg4AkNO_eVR_9ZPFJRdAEISoj3/view?usp%3Dsharing&ec=GAZAGQ
2020,,Result BE (ExTC Engg. R-2016)_Sem-VII_Choice Base_Oct-2020,https://accounts.google.com/ServiceLogin?service=wise&passive=1209600&osid=1&continue=https://drive.google.com/file/d/1bl8uFXqY4DiISjsasnS7mFH3D0sMaF4O/view?usp%3Dsharing&followup=https://drive.google.com/file/d/1bl8uFXqY4DiISjsasnS7mFH3D0sMaF4O/view?usp%3Dsharing&ec=GAZAGQ
2020,,Result BE (Mechanical Engg. R-2016)_Sem-VII_Choice Base_Oct-2020,https://accounts.google.com/ServiceLogin?service=wise&passive=1209600&osid=1&continue=https://drive.google.com/file/d/1MXs3qH5gq6q_8qgUGM9gyNUyAr3mEaM-/view?usp%3Dsharing&followup=https://drive.google.com/file/d/1MXs3qH5gq6q_8qgUGM9gyNUyAr3mEaM-/view?usp%3Dsharing&ec=GAZAGQ
2020,2020-11-10,Result BE (Civil Engg. R-2016)_Sem-VII_Choice Base_Oct-2020,https://accounts.google.com/ServiceLogin?service=wise&passive=1209600&osid=1&continue=https://drive.google.com/file/d/1BFd7IE2Llo6CSFEk6JRJLIR1Pni4lGPP/view?usp%3Dsharing&followup=https://drive.google.com/file/d/1BFd7IE2Llo6CSFEk6JRJLIR1Pni4lGPP/view?usp%3Dsharing&ec=GAZAGQ
2020,2020-11-02,Revaluation Result FE (R-2016)_Sem-I_Choice Base_Dec-2019,https://accounts.google.com/ServiceLogin?service=wise&passive=1209600&osid=1&continue=https://drive.google.com/file/d/1EQ_zOcBiezmjdxv54sYCQxTQ6IYdxM0a/view?usp%3Dsharing&followup=https://drive.google.com/file/d/1EQ_zOcBiezmjdxv54sYCQxTQ6IYdxM0a/view?usp%3Dsharing&ec=GAZAGQ
2020,,Revaluation Result BE (Civil Engg. R-2016)_Sem-VII_Choice Base_Dec-2019,https://accounts.google.com/ServiceLogin?service=wise&passive=1209600&osid=1&continue=https://drive.google.com/file/d/1UEMGxdKvabO_kYouhcB47WO9n_6IOInz/view?usp%3Dsharing&followup=https://drive.google.com/file/d/1UEMGxdKvabO_kYouhcB47WO9n_6IOInz/view?usp%3Dsharing&ec=GAZAGQ
2020,2020-09-20,Result TE (Civil Engg. R-2016)_Sem-VI_Choice Base (Regular)_May-2020,https://accounts.google.com/ServiceLogin?service=wise&passive=1209600&osid=1&continue=https://drive.google.com/file/d/1-UkT2HMYpeSWf3K9tTiUSyw1yN5PTnlH/view?usp%3Dsharing&followup=https://drive.google.com/file/d/1-UkT2HMYpeSWf3K9tTiUSyw1yN5PTnlH/view?usp%3Dsharing&ec=GAZAGQ
2020,,Result SE (Civil Engg. R-2016)_Sem-IV_Choice Base (Regular)_May-2020,https://accounts.google.com/ServiceLogin?service=wise&passive=1209600&osid=1&continue=https://drive.google.com/file/d/1uBVjfLJ3Q_bXj9bigrzQo2UB_BeL0wsI/view?usp%3Dsharing&followup=https://drive.google.com/file/d/1uBVjfLJ3Q_bXj9bigrzQo2UB_BeL0wsI/view?usp%3Dsharing&ec=GAZAGQ
2020,,Revaluation Result BE (ExTC Engg. R-2016)_Sem-VII_Choice Base_Dec-2019,https://accounts.google.com/ServiceLogin?service=wise&passive=1209600&osid=1&continue=https://drive.google.com/file/d/1wpKjNTi-D6Qh6-2NR_son3QTUFH0YNY8/view?usp%3Dsharing&followup=https://drive.google.com/file/d/1wpKjNTi-D6Qh6-2NR_son3QTUFH0YNY8/view?usp%3Dsharing&ec=GAZAGQ
2020,2020-09-17,Revaluation Result BE (Mechanical  Engg. R-2016)_Sem-VII_Choice Base_Dec-2019,https://accounts.google.com/ServiceLogin?service=wise&passive=1209600&osid=1&continue=https://drive.google.com/file/d/1AMMBOTBxyQJd15BGhsRqkql0JLN5GRSr/view?usp%3Dsharing&followup=https://drive.google.com/file/d/1AMMBOTBxyQJd15BGhsRqkql0JLN5GRSr/view?usp%3Dsharing&ec=GAZAGQ
2020,,Revaluation Result BE (Computer Engg. R-2016)_Sem-VII_Choice Base_Dec-2019,https://accounts.google.com/ServiceLogin?service=wise&passive=1209600&osid=1&continue=https://drive.google.com/file/d/1MucYE7Ma6paWcBj26tD4qP5gUyiwaLs6/view?usp%3Dsharing&followup=https://drive.google.com/file/d/1MucYE7Ma6paWcBj26tD4qP5gUyiwaLs6/view?usp%3Dsharing&ec=GAZAGQ
2020,,Revaluation Result BE (Electrical Engg. R-2016)_Sem-VII_Choice Base_Dec-2019,https://accounts.google.com/ServiceLogin?service=wise&passive=1209600&osid=1&continue=https://drive.google.com/file/d/1CwvVLS7GKuFdgKZlVbTg2YClnn7j0p8P/view?usp%3Dsharing&followup=https://drive.google.com/file/d/1CwvVLS7GKuFdgKZlVbTg2YClnn7j0p8P/view?usp%3Dsharing&ec=GAZAGQ
2020,2020-09-12,Result TE (ExTC  Engg. R-2016)_Sem-VI_Choice Base (Regular)_May-2020,https://accounts.google.com/ServiceLogin?service=wise&passive=1209600&osid=1&continue=https://drive.google.com/file/d/1kL78faRbMBh5OoGiy67LFBJ0UBhdpTLB/view?usp%3Dsharing&followup=https://drive.google.com/file/d/1kL78faRbMBh5OoGiy67LFBJ0UBhdpTLB/view?usp%3Dsharing&ec=GAZAGQ
2020,,Result SE (ExTC  Engg. R-2016)_Sem-IV_Choice Base (Regular)_May-2020,https://accounts.google.com/ServiceLogin?service=wise&passive=1209600&osid=1&continue=https://drive.google.com/file/d/1o-wZoo12o3LRqJsglr-aggMg4aA2styJ/view?usp%3Dsharing&followup=https://drive.google.com/file/d/1o-wZoo12o3LRqJsglr-aggMg4aA2styJ/view?usp%3Dsharing&ec=GAZAGQ
2020,,Result TE (Electrical Engg. R-2016)_Sem-VI_Choice Base (Regular)_May-2020,https://accounts.google.com/ServiceLogin?service=wise&passive=1209600&osid=1&continue=https://drive.google.com/file/d/1Q6LpZ0Tjt_zDkGammXdozn6RoB32BTxK/view?usp%3Dsharing&followup=https://drive.google.com/file/d/1Q6LpZ0Tjt_zDkGammXdozn6RoB32BTxK/view?usp%3Dsharing&ec=GAZAGQ
2020,,Result SE (Electrical Engg. R-2016)_Sem-IV_Choice Base (Regular)_May-2020,https://accounts.google.com/ServiceLogin?service=wise&passive=1209600&osid=1&continue=https://drive.google.com/file/d/1TMuJ5cy3M1V7mBlJR-4uAZwG8r4R5BUY/view?usp%3Dsharing&followup=https://drive.google.com/file/d/1TMuJ5cy3M1V7mBlJR-4uAZwG8r4R5BUY/view?usp%3Dsharing&ec=GAZAGQ
2020,2020-09-11,Updated Result SE (Mechanical Engg. R-2016)_Sem-IV_Choice Base (KT)_May-2019,https://accounts.google.com/ServiceLogin?service=wise&passive=1209600&osid=1&continue=https://drive.google.com/file/d/1VnFEIjYTeppPd8-GzMog0VBPcGm-3vl0/view?usp%3Dsharing&followup=https://drive.google.com/file/d/1VnFEIjYTeppPd8-GzMog0VBPcGm-3vl0/view?usp%3Dsharing&ec=GAZAGQ
2020,,Updated Result SE (Mechanical Engg. R-2016)_Sem-IV_Choice Base (KT)_Dec-2018,https://accounts.google.com/ServiceLogin?service=wise&passive=1209600&osid=1&continue=https://drive.google.com/file/d/1U-_RsPBTdUleEhLwxCUmKcARah_mHRkt/view?usp%3Dsharing&followup=https://drive.google.com/file/d/1U-_RsPBTdUleEhLwxCUmKcARah_mHRkt/view?usp%3Dsharing&ec=GAZAGQ
2020,,Updated Result SE (Mechanical Engg. R-2016)_Sem-IV_Choice Base (Regular)_May-2018,https://accounts.google.com/ServiceLogin?service=wise&passive=1209600&osid=1&continue=https://drive.google.com/file/d/1pgpf-6j-SB9MWxu6VpEDx6O93siKLWgp/view?usp%3Dsharing&followup=https://drive.google.com/file/d/1pgpf-6j-SB9MWxu6VpEDx6O93siKLWgp/view?usp%3Dsharing&ec=GAZAGQ
2020,,Updated Result TE (CIVIL Engg. R-2016)_Sem-V_Choice Base (KT)_Dec-2019,https://accounts.google.com/ServiceLogin?service=wise&passive=1209600&osid=1&continue=https://drive.google.com/file/d/1XOK2sfR3Dk3NskA9hqtv9hOoLoTQXc7j/view?usp%3Dsharing&followup=https://drive.google.com/file/d/1XOK2sfR3Dk3NskA9hqtv9hOoLoTQXc7j/view?usp%3Dsharing&ec=GAZAGQ
2020,2020-09-08,Result SE (Mechanical Engg. R-2016)_Sem-IV_Choice Base (Regular)_May-2020,https://accounts.google.com/ServiceLogin?service=wise&passive=1209600&osid=1&continue=https://drive.google.com/file/d/19yTjPF6spT2MvpJmyeq8AeG3mb8lZdlv/view?usp%3Dsharing&followup=https://drive.google.com/file/d/19yTjPF6spT2MvpJmyeq8AeG3mb8lZdlv/view?usp%3Dsharing&ec=GAZAGQ
2020,,Result TE (Mechanical Engg. R-2016)_Sem-VI_Choice Base (Regular)_May-2020,https://accounts.google.com/ServiceLogin?service=wise&passive=1209600&osid=1&continue=https://drive.google.com/file/d/1BhyjZvVUIxY5FqpSFCd-Z24STjJQD36x/view?usp%3Dsharing&followup=https://drive.google.com/file/d/1BhyjZvVUIxY5FqpSFCd-Z24STjJQD36x/view?usp%3Dsharing&ec=GAZAGQ
2020,,Result TE (Computer Engg. R-2016)_Sem-VI_Choice Base (Regular)_May-2020,https://accounts.google.com/ServiceLogin?service=wise&passive=1209600&osid=1&continue=https://drive.google.com/file/d/1_x9fo7cOlllejLvfLywpCN5oru3Ss1g-/view?usp%3Dsharing&followup=https://drive.google.com/file/d/1_x9fo7cOlllejLvfLywpCN5oru3Ss1g-/view?usp%3Dsharing&ec=GAZAGQ
2020,2020-09-03,Result SE (Computer Engg. R-2016)_Sem-IV_Choice Base (Regular)_May-2020,https://accounts.google.com/ServiceLogin?service=wise&passive=1209600&osid=1&continue=https://drive.google.com/file/d/1cL47zJff2K4Pu1zdiD2raZT_9vM8nVGv/view?usp%3Dsharing&followup=https://drive.google.com/file/d/1cL47zJff2K4Pu1zdiD2raZT_9vM8nVGv/view?usp%3Dsharing&ec=GAZAGQ
2020,2020-08-29,Revaluation Result TE (Civil Engg. R-2016)_Sem-V_Choice Base(Regular & KT)_Dec-2019,https://accounts.google.com/ServiceLogin?service=wise&passive=1209600&osid=1&continue=https://drive.google.com/file/d/1bv2GuvUTwBD3biEttJYByKPQZK4ey_iy/view?usp%3Dsharing&followup=https://drive.google.com/file/d/1bv2GuvUTwBD3biEttJYByKPQZK4ey_iy/view?usp%3Dsharing&ec=GAZAGQ
2020,,Revaluation Result SE (Civil Engg. R-2016)_Sem-IV_Choice Base_Dec-2019,https://accounts.google.com/ServiceLogin?service=wise&passive=1209600&osid=1&continue=https://drive.google.com/file/d/1sXMsXP6FdxPOBeOk8ykA76B1G1ssORaL/view?usp%3Dsharing&followup=https://drive.google.com/file/d/1sXMsXP6FdxPOBeOk8ykA76B1G1ssORaL/view?usp%3Dsharing&ec=GAZAGQ
2020,,Revaluation Result SE (Civil Engg. R-2016)_Sem-III_Choice Base(Regular & KT)_Dec-2019,https://accounts.google.com/ServiceLogin?service=wise&passive=1209600&osid=1&continue=https://drive.google.com/file/d/1t_pS6u0OG873_B3He2EK2-qYjiECK7TJ/view?usp%3Dsharing&followup=https://drive.google.com/file/d/1t_pS6u0OG873_B3He2EK2-qYjiECK7TJ/view?usp%3Dsharing&ec=GAZAGQ
2020,2020-08-26,Revaluation Result SE (Computer Engg. R-2016)_Sem-III_Choice Base(KT)_Dec-2019,https://accounts.google.com/ServiceLogin?service=wise&passive=1209600&osid=1&continue=https://drive.google.com/file/d/1-MMH7v60iMRTBABWjz8Ght89fAibrHou/view?usp%3Dsharing&followup=https://drive.google.com/file/d/1-MMH7v60iMRTBABWjz8Ght89fAibrHou/view?usp%3Dsharing&ec=GAZAGQ
2020,2020-08-22,Revaluation Result SE (Computer Engg. R-2016)_Sem-IV_Choice Base_Dec-2019,https://accounts.google.com/ServiceLogin?service=wise&passive=1209600&osid=1&continue=https://drive.google.com/file/d/18BNfUULP2IOaCZ74wU4VgDIq4M5Aiaan/view?usp%3Dsharing&followup=https://drive.google.com/file/d/18BNfUULP2IOaCZ74wU4VgDIq4M5Aiaan/view?usp%3Dsharing&ec=GAZAGQ
2020,,Revaluation Result TE (Civil Engg. R-2016)_Sem-VI_Choice Base_Dec-2019,https://accounts.google.com/ServiceLogin?service=wise&passive=1209600&osid=1&continue=https://drive.google.com/file/d/1KzOWZbT1bs140VLDN0zDoIL8TJiyzIAV/view?usp%3Dsharing&followup=https://drive.google.com/file/d/1KzOWZbT1bs140VLDN0zDoIL8TJiyzIAV/view?usp%3Dsharing&ec=GAZAGQ
2020,,Revaluation Result SE (Civil Engg. R-2012)_Sem-IV_CBGS_Dec-2019,https://accounts.google.com/ServiceLogin?service=wise&passive=1209600&osid=1&continue=https://drive.google.com/file/d/1Zpdrq19pKpddma7Dh-kdeiVx3NcGGPd-/view?usp%3Dsharing&followup=https://drive.google.com/file/d/1Zpdrq19pKpddma7Dh-kdeiVx3NcGGPd-/view?usp%3Dsharing&ec=GAZAGQ
2020,,Revaluation Result SE (Civil Engg. R-2012)_Sem-III_CBGS_Dec-2019,https://accounts.google.com/ServiceLogin?service=wise&passive=1209600&osid=1&continue=https://drive.google.com/file/d/1RLGtwDxKMsqzECQmgqcfQVNKj80brbKW/view?usp%3Dsharing&followup=https://drive.google.com/file/d/1RLGtwDxKMsqzECQmgqcfQVNKj80brbKW/view?usp%3Dsharing&ec=GAZAGQ
2020,,Revaluation Result TE (Mechanical Engg. R-2016)_Sem-VI_Choice Base (KT)_Dec-2019,https://accounts.google.com/ServiceLogin?service=wise&passive=1209600&osid=1&continue=https://drive.google.com/file/d/110bbzoUyUVBQhOedjHyd77hYEhYHZ_0p/view?usp%3Dsharing&followup=https://drive.google.com/file/d/110bbzoUyUVBQhOedjHyd77hYEhYHZ_0p/view?usp%3Dsharing&ec=GAZAGQ
2020,,Revaluation Result TE (Mechanical Engg. R-2016)_Sem-V_Choice Base (Regular & KT)_Dec-2019,https://accounts.google.com/ServiceLogin?service=wise&passive=1209600&osid=1&continue=https://drive.google.com/file/d/11bR3tLQ3tAw6B6NNKa6BAMJCSGhsuGAR/view?usp%3Dsharing&followup=https://drive.google.com/file/d/11bR3tLQ3tAw6B6NNKa6BAMJCSGhsuGAR/view?usp%3Dsharing&ec=GAZAGQ
2020,,Revaluation Result TE (Mechanical Engg. R-2012)_Sem-V_CBGS (KT)_Dec-2019,https://accounts.google.com/ServiceLogin?service=wise&passive=1209600&osid=1&continue=https://drive.google.com/file/d/146DGrx9JuF8VF4FqMA6vUj3SQ3ibz8r1/view?usp%3Dsharing&followup=https://drive.google.com/file/d/146DGrx9JuF8VF4FqMA6vUj3SQ3ibz8r1/view?usp%3Dsharing&ec=GAZAGQ
2020,,Revaluation Result SE (Mechanical Engg. R-2016)_Sem-IV_Choice Base (KT)_Dec-2019,https://accounts.google.com/ServiceLogin?service=wise&passive=1209600&osid=1&continue=https://drive.google.com/file/d/1_Dg-_z9IEphWAvxgok4rwAy1hy_JesYG/view?usp%3Dsharing&followup=https://drive.google.com/file/d/1_Dg-_z9IEphWAvxgok4rwAy1hy_JesYG/view?usp%3Dsharing&ec=GAZAGQ
2020,,Revaluation Result SE (Mechanical Engg. R-2016)_Sem-III_Choice Base (Regular & KT)_Dec-2019,https://accounts.google.com/ServiceLogin?service=wise&passive=1209600&osid=1&continue=https://drive.google.com/file/d/16mxeHgb5ASoCCq9TMlPJTo5_axVI27aG/view?usp%3Dsharing&followup=https://drive.google.com/file/d/16mxeHgb5ASoCCq9TMlPJTo5_axVI27aG/view?usp%3Dsharing&ec=GAZAGQ
2020,,Revaluation Result TE (Computer Engg. R-2016)_Sem-VI_Choice Base (KT)_Dec-2019,https://accounts.google.com/ServiceLogin?service=wise&passive=1209600&osid=1&continue=https://drive.google.com/file/d/156HeV5HGEyLXUt21ZBgYmpxBCRMUdtqJ/view?usp%3Dsharing&followup=https://drive.google.com/file/d/156HeV5HGEyLXUt21ZBgYmpxBCRMUdtqJ/view?usp%3Dsharing&ec=GAZAGQ
2020,,Revaluation Result TE (Computer Engg. R-2016)_Sem-V_Choice Base (Regular & KT)_Dec-2019,https://accounts.google.com/ServiceLogin?service=wise&passive=1209600&osid=1&continue=https://drive.google.com/file/d/1sUfkKhNb4bYVOCLoSWWhBDr6NlPKheCm/view?usp%3Dsharing&followup=https://drive.google.com/file/d/1sUfkKhNb4bYVOCLoSWWhBDr6NlPKheCm/view?usp%3Dsharing&ec=GAZAGQ
2020,,Revaluation Result SE (Computer Engg. R-2012)_Sem-IV_CBGS_Dec-2019,https://accounts.google.com/ServiceLogin?service=wise&passive=1209600&osid=1&continue=https://drive.google.com/file/d/1nfyJ0ofJkScd0yukuwTUiGcJQXd6n7FL/view?usp%3Dsharing&followup=https://drive.google.com/file/d/1nfyJ0ofJkScd0yukuwTUiGcJQXd6n7FL/view?usp%3Dsharing&ec=GAZAGQ
2020,,Revaluation Result SE (Computer Engg. R-2016)_Sem-III_Choice Base (Regular)_Dec-2019,https://accounts.google.com/ServiceLogin?service=wise&passive=1209600&osid=1&continue=https://drive.google.com/file/d/1KoSG1vj4XF_qvBftk-r1ussvxAOLHFxI/view?usp%3Dsharing&followup=https://drive.google.com/file/d/1KoSG1vj4XF_qvBftk-r1ussvxAOLHFxI/view?usp%3Dsharing&ec=GAZAGQ
2020,,Revaluation Result SE (Computer Engg. R-2012)_Sem-III_CBGS_Dec-2019,https://accounts.google.com/ServiceLogin?service=wise&passive=1209600&osid=1&continue=https://drive.google.com/file/d/13rpsPqwwhyiDQqr5ywMzSN-1oO6yOVwz/view?usp%3Dsharing&followup=https://drive.google.com/file/d/13rpsPqwwhyiDQqr5ywMzSN-1oO6yOVwz/view?usp%3Dsharing&ec=GAZAGQ
2020,,Revaluation Result TE (Electrical Engg. R-2016)_Sem-VI_Choice Base (KT)_Dec-2019,https://accounts.google.com/ServiceLogin?service=wise&passive=1209600&osid=1&continue=https://drive.google.com/file/d/1JZmAaxkzU1-0SGHuf8h3mLcqZDejervw/view?usp%3Dsharing&followup=https://drive.google.com/file/d/1JZmAaxkzU1-0SGHuf8h3mLcqZDejervw/view?usp%3Dsharing&ec=GAZAGQ
2020,,Revaluation Result TE (Electrical Engg. R-2016)_Sem-V_Choice Base (Regular &KT)_Dec-2019,https://accounts.google.com/ServiceLogin?service=wise&passive=1209600&osid=1&continue=https://drive.google.com/file/d/1YCMqTDGh42Dtebb1UhYeimU9m9HhuTFl/view?usp%3Dsharing&followup=https://drive.google.com/file/d/1YCMqTDGh42Dtebb1UhYeimU9m9HhuTFl/view?usp%3Dsharing&ec=GAZAGQ
2020,,Revaluation Result SE (Electrical Engg. R-2016)_Sem-IV_Choice Base (KT)_Dec-2019,https://accounts.google.com/ServiceLogin?service=wise&passive=1209600&osid=1&continue=https://drive.google.com/file/d/1WX-9t0TGP1Cm7m0Mc_9nndhy6dI_RLLc/view?usp%3Dsharing&followup=https://drive.google.com/file/d/1WX-9t0TGP1Cm7m0Mc_9nndhy6dI_RLLc/view?usp%3Dsharing&ec=GAZAGQ
2020,,Revaluation Result SE (Electrical Engg. R-2016)_Sem-III_Choice Base (Regular &KT)_Dec-2019,https://accounts.google.com/ServiceLogin?service=wise&passive=1209600&osid=1&continue=https://drive.google.com/file/d/1fbrmXuvTbKfK80HBtVSIJKj0zgysIZmj/view?usp%3Dsharing&followup=https://drive.google.com/file/d/1fbrmXuvTbKfK80HBtVSIJKj0zgysIZmj/view?usp%3Dsharing&ec=GAZAGQ
2020,,Revaluation Result TE (ExTC Engg. R-2016)_Sem-V_Choice Base (Regular)_Dec-2019,https://accounts.google.com/ServiceLogin?service=wise&passive=1209600&osid=1&continue=https://drive.google.com/file/d/1PocIKKyWT0MIC0zY9QNyRM7JYrGl1myq/view?usp%3Dsharing&followup=https://drive.google.com/file/d/1PocIKKyWT0MIC0zY9QNyRM7JYrGl1myq/view?usp%3Dsharing&ec=GAZAGQ
2020,,Revaluation Result SE (ExTC Engg. R-2016)_Sem-IV_Choice Base (KT)_Dec-2019,https://accounts.google.com/ServiceLogin?service=wise&passive=1209600&osid=1&continue=https://drive.google.com/file/d/1ZWP2HBhiTlgDYxV9TnnR46xpcGtgkojq/view?usp%3Dsharing&followup=https://drive.google.com/file/d/1ZWP2HBhiTlgDYxV9TnnR46xpcGtgkojq/view?usp%3Dsharing&ec=GAZAGQ
2020,,Revaluation Result SE (ExTC Engg. R-2016)_Sem-III_Choice Base (Regular &KT)_Dec-2019,https://accounts.google.com/ServiceLogin?service=wise&passive=1209600&osid=1&continue=https://drive.google.com/file/d/16wLurjWQXJp4v116x7iIorMBqQLF-Z-t/view?usp%3Dsharing&followup=https://drive.google.com/file/d/16wLurjWQXJp4v116x7iIorMBqQLF-Z-t/view?usp%3Dsharing&ec=GAZAGQ
2020,2020-04-26,Result TE (Computer Engg. R-2016)_Sem-VI_KT Choice Base_Dec-2019,https://accounts.google.com/ServiceLogin?service=wise&passive=1209600&osid=1&continue=https://drive.google.com/file/d/1EWfWGN2wPPOpbHeV-7-HtE1oKWuThBps/view?usp%3Dsharing&followup=https://drive.google.com/file/d/1EWfWGN2wPPOpbHeV-7-HtE1oKWuThBps/view?usp%3Dsharing&ec=GAZAGQ
2020,2020-04-13,Result TE (Mechanical Engg. R-2016)_Sem-VI_Choice Base ( KT)_Dec-2019,https://accounts.google.com/ServiceLogin?service=wise&passive=1209600&osid=1&continue=https://drive.google.com/file/d/1k_nGFq3DEhgePHZ7-2gLNpeVRKqk-SCu/view?usp%3Dsharing&followup=https://drive.google.com/file/d/1k_nGFq3DEhgePHZ7-2gLNpeVRKqk-SCu/view?usp%3Dsharing&ec=GAZAGQ
2020,,Updated Result TE (Mechanical Engg. R-2016)_Sem-V_Choice Base (Regular & KT)_Dec-2019,https://accounts.google.com/ServiceLogin?service=wise&passive=1209600&osid=1&continue=https://drive.google.com/file/d/16w7FOGHQo7GZYytzTsyQMmdoEngeR5WJ/view?usp%3Dsharing&followup=https://drive.google.com/file/d/16w7FOGHQo7GZYytzTsyQMmdoEngeR5WJ/view?usp%3Dsharing&ec=GAZAGQ
2020,,Result SE (Mechanical Engg. R-2016)_Sem-IV_Choice Base ( KT)_Dec-2019,https://accounts.google.com/ServiceLogin?service=wise&passive=1209600&osid=1&continue=https://drive.google.com/file/d/1EsqYL6QJAAmfdUiHAW6tA_4SoB1YFtH0/view?usp%3Dsharing&followup=https://drive.google.com/file/d/1EsqYL6QJAAmfdUiHAW6tA_4SoB1YFtH0/view?usp%3Dsharing&ec=GAZAGQ
2020,,Result SE (Electrical Engg. R-2016)_Sem-IV_Choice Base ( KT)_Dec-2019,https://accounts.google.com/ServiceLogin?service=wise&passive=1209600&osid=1&continue=https://drive.google.com/file/d/1qsWLbtZceHNu2phbi0-IobopZ_6TpthV/view?usp%3Dsharing&followup=https://drive.google.com/file/d/1qsWLbtZceHNu2phbi0-IobopZ_6TpthV/view?usp%3Dsharing&ec=GAZAGQ
2020,,Result SE (Electrical Engg. R-2016)_Sem-III_Choice Base (Regular & KT)_Dec-2019,https://accounts.google.com/ServiceLogin?service=wise&passive=1209600&osid=1&continue=https://drive.google.com/file/d/1mLpjEHy8fsjSAYAQHTJrLpX9wvtqZWmF/view?usp%3Dsharing&followup=https://drive.google.com/file/d/1mLpjEHy8fsjSAYAQHTJrLpX9wvtqZWmF/view?usp%3Dsharing&ec=GAZAGQ
2020,,Result TE (Electrical Engg. R-2016)_Sem-VI_Choice Base ( KT)_Dec-2019,https://accounts.google.com/ServiceLogin?service=wise&passive=1209600&osid=1&continue=https://drive.google.com/file/d/1YEqAB_oGAv5IZhS5znorwKrgpFtRePOG/view?usp%3Dsharing&followup=https://drive.google.com/file/d/1YEqAB_oGAv5IZhS5znorwKrgpFtRePOG/view?usp%3Dsharing&ec=GAZAGQ
2020,,Result TE (Electrical Engg. R-2016)_Sem-V_Choice Base (Regular & KT)_Dec-2019,https://accounts.google.com/ServiceLogin?service=wise&passive=1209600&osid=1&continue=https://drive.google.com/file/d/1JzYSEsYIHPQn1OHbFyVpRf0PnzgW-L1f/view?usp%3Dsharing&followup=https://drive.google.com/file/d/1JzYSEsYIHPQn1OHbFyVpRf0PnzgW-L1f/view?usp%3Dsharing&ec=GAZAGQ
2020,2020-03-17,Result SE (CIVIL Engg. R-2016)_Sem-IV_Choice Base ( KT)_Dec-2019,https://accounts.google.com/ServiceLogin?service=wise&passive=1209600&osid=1&continue=https://drive.google.com/file/d/1koe_j3eQ2XyMm7RQjcjeA2v0qOMBAvfq/view?usp%3Dsharing&followup=https://drive.google.com/file/d/1koe_j3eQ2XyMm7RQjcjeA2v0qOMBAvfq/view?usp%3Dsharing&ec=GAZAGQ
2020,,Result SE (CIVIL Engg. R-2016)_Sem-III_Choice Base (Regular & KT)_Dec-2019,https://accounts.google.com/ServiceLogin?service=wise&passive=1209600&osid=1&continue=https://drive.google.com/file/d/1AipQZHBUxm5OjgM00KBKPCqqTxuOLhOR/view?usp%3Dsharing&followup=https://drive.google.com/file/d/1AipQZHBUxm5OjgM00KBKPCqqTxuOLhOR/view?usp%3Dsharing&ec=GAZAGQ
2020,,Result TE (CIVIL Engg. R-2016)_Sem-V_Choice Base (Regular & KT)_Dec-2019,https://accounts.google.com/ServiceLogin?service=wise&passive=1209600&osid=1&continue=https://drive.google.com/file/d/1fH8zAHnQzocVRaTSKy51IN73c2ASfDO-/view?usp%3Dsharing&followup=https://drive.google.com/file/d/1fH8zAHnQzocVRaTSKy51IN73c2ASfDO-/view?usp%3Dsharing&ec=GAZAGQ
2020,,Result TE (CIVIL Engg. R-2016)_Sem-VI_Choice Base (KT)_Dec-2019,https://accounts.google.com/ServiceLogin?service=wise&passive=1209600&osid=1&continue=https://drive.google.com/file/d/1HAlTO6r3SGfivu2Fq9uOJi2_cYX6VxFj/view?usp%3Dsharing&followup=https://drive.google.com/file/d/1HAlTO6r3SGfivu2Fq9uOJi2_cYX6VxFj/view?usp%3Dsharing&ec=GAZAGQ
2020,2020-02-28,Result TE (ExTC Engg. R-2016)_Sem-VI_Choice Base (KT)_Dec-2019,https://accounts.google.com/ServiceLogin?service=wise&passive=1209600&osid=1&continue=https://drive.google.com/file/d/1R643aUSAZWmvoAaDIqgsMTYwIPI3vdse/view?usp%3Dsharing&followup=https://drive.google.com/file/d/1R643aUSAZWmvoAaDIqgsMTYwIPI3vdse/view?usp%3Dsharing&ec=GAZAGQ
2020,,Result TE (ExTC Engg. R-2016)_Sem-V_Choice Base (Regular)_Dec-2019,https://accounts.google.com/ServiceLogin?service=wise&passive=1209600&osid=1&continue=https://drive.google.com/file/d/19DAHt-NvYesjaIM9_dK4rxkiKvQ0TsoI/view?usp%3Dsharing&followup=https://drive.google.com/file/d/19DAHt-NvYesjaIM9_dK4rxkiKvQ0TsoI/view?usp%3Dsharing&ec=GAZAGQ
2020,,Result SE (ExTC Engg. R-2016)_Sem-IV_Choice Base (KT)_Dec-2019,https://accounts.google.com/ServiceLogin?service=wise&passive=1209600&osid=1&continue=https://drive.google.com/file/d/1qTUcExpL-qHJSRXKvUoNKr2UYiXlOEU4/view?usp%3Dsharing&followup=https://drive.google.com/file/d/1qTUcExpL-qHJSRXKvUoNKr2UYiXlOEU4/view?usp%3Dsharing&ec=GAZAGQ
2020,,Result SE (ExTC Engg. R-2016)_Sem-III_Choice Base (KT)_Dec-2019,https://accounts.google.com/ServiceLogin?service=wise&passive=1209600&osid=1&continue=https://drive.google.com/file/d/1xJ2Cl4arQt8goSQVg1msZ0LmCPV-sYGH/view?usp%3Dsharing&followup=https://drive.google.com/file/d/1xJ2Cl4arQt8goSQVg1msZ0LmCPV-sYGH/view?usp%3Dsharing&ec=GAZAGQ
2020,,Result SE (ExTC Engg. R-2016)_Sem-III_Choice Base (Regular)_Dec-2019,https://accounts.google.com/ServiceLogin?service=wise&passive=1209600&osid=1&continue=https://drive.google.com/file/d/1VJ_ZQszA1XnoS-N-QtwQqT-NPXvy4896/view?usp%3Dsharing&followup=https://drive.google.com/file/d/1VJ_ZQszA1XnoS-N-QtwQqT-NPXvy4896/view?usp%3Dsharing&ec=GAZAGQ
2020,2020-02-25,Result TE (Computer Engg. R-2016)_Sem-V_Choice Base (Regular)_Dec-2019,https://accounts.google.com/ServiceLogin?service=wise&passive=1209600&osid=1&continue=https://drive.google.com/file/d/1FonzXOI85U5FQ9EvszDbuE5mYVhKN3Fj/view?usp%3Dsharing&followup=https://drive.google.com/file/d/1FonzXOI85U5FQ9EvszDbuE5mYVhKN3Fj/view?usp%3Dsharing&ec=GAZAGQ
2020,,Result SE (Computer Engg. R-2016)_Sem-IV_Choice Base (KT)_Dec-2019,https://accounts.google.com/ServiceLogin?service=wise&passive=1209600&osid=1&continue=https://drive.google.com/file/d/1yOoXPB9Q9m7wqEVXg7G-LM2OGvbBodBe/view?usp%3Dsharing&followup=https://drive.google.com/file/d/1yOoXPB9Q9m7wqEVXg7G-LM2OGvbBodBe/view?usp%3Dsharing&ec=GAZAGQ
2020,,Result SE (Computer Engg. R-2016)_Sem-III_Choice Base (KT)_Dec-2019,https://accounts.google.com/ServiceLogin?service=wise&passive=1209600&osid=1&continue=https://drive.google.com/file/d/1Uj-3LsAFWroKS5dbGnjLrMrzw6CCMg8u/view?usp%3Dsharing&followup=https://drive.google.com/file/d/1Uj-3LsAFWroKS5dbGnjLrMrzw6CCMg8u/view?usp%3Dsharing&ec=GAZAGQ
2020,,Result SE (Computer Engg. R-2016)_Sem-III_Choice Base (Regular)_Dec-2019,https://accounts.google.com/ServiceLogin?service=wise&passive=1209600&osid=1&continue=https://drive.google.com/file/d/1s7TNlJkpew-fe4EYR19KvGSXzXDvdslT/view?usp%3Dsharing&followup=https://drive.google.com/file/d/1s7TNlJkpew-fe4EYR19KvGSXzXDvdslT/view?usp%3Dsharing&ec=GAZAGQ
2020,2020-02-21,Result TE (Mechanical Engg. R-2012)_Sem-VI_CBGS_Dec-2019,https://accounts.google.com/ServiceLogin?service=wise&passive=1209600&osid=1&continue=https://drive.google.com/file/d/10G_slz3PMJQfpWGiQV6HE4RONSHBzz0B/view?usp%3Dsharing&followup=https://drive.google.com/file/d/10G_slz3PMJQfpWGiQV6HE4RONSHBzz0B/view?usp%3Dsharing&ec=GAZAGQ
2020,,Result TE (Mechanical Engg. R-2012)_Sem-V_CBGS_Dec-2019,https://accounts.google.com/ServiceLogin?service=wise&passive=1209600&osid=1&continue=https://drive.google.com/file/d/14_xLIu2OoizZ6bCJhhS2L2Jyl-KNb_s0/view?usp%3Dsharing&followup=https://drive.google.com/file/d/14_xLIu2OoizZ6bCJhhS2L2Jyl-KNb_s0/view?usp%3Dsharing&ec=GAZAGQ
2020,,Result SE (Mechanical Engg. R-2012)_Sem-IV_CBGS_Dec-2019,https://accounts.google.com/ServiceLogin?service=wise&passive=1209600&osid=1&continue=https://drive.google.com/file/d/1G5Q41VES-787pCFBmHEv3SpOf-nS12Gr/view?usp%3Dsharing&followup=https://drive.google.com/file/d/1G5Q41VES-787pCFBmHEv3SpOf-nS12Gr/view?usp%3Dsharing&ec=GAZAGQ
2020,,Result SE (Mechanical Engg. R-2012)_Sem-III_CBGS_Dec-2019,https://accounts.google.com/ServiceLogin?service=wise&passive=1209600&osid=1&continue=https://drive.google.com/file/d/1iONKIAxqzPt1EtbAPmiGmjfLNj_Ey3xy/view?usp%3Dsharing&followup=https://drive.google.com/file/d/1iONKIAxqzPt1EtbAPmiGmjfLNj_Ey3xy/view?usp%3Dsharing&ec=GAZAGQ
2020,2020-02-16,Result TE (Civil Engg. R-2012)_Sem-VI_CBGS_Dec-2019,https://accounts.google.com/ServiceLogin?service=wise&passive=1209600&osid=1&continue=https://drive.google.com/file/d/1Qhp489ztkDjWa9LrW3I6VEFQVtL4pbcQ/view?usp%3Dsharing&followup=https://drive.google.com/file/d/1Qhp489ztkDjWa9LrW3I6VEFQVtL4pbcQ/view?usp%3Dsharing&ec=GAZAGQ
2020,,Result TE (Civil Engg. R-2012)_Sem-V_CBGS_Dec-2019,https://accounts.google.com/ServiceLogin?service=wise&passive=1209600&osid=1&continue=https://drive.google.com/file/d/1NId16TkObS7Kc9UofBm6E6wYmpnBowAC/view?usp%3Dsharing&followup=https://drive.google.com/file/d/1NId16TkObS7Kc9UofBm6E6wYmpnBowAC/view?usp%3Dsharing&ec=GAZAGQ
2020,,Result SE (Civil Engg. R-2012)_Sem-IV_CBGS_Dec-2019,https://accounts.google.com/ServiceLogin?service=wise&passive=1209600&osid=1&continue=https://drive.google.com/file/d/1Vjl6Yh0BjSRbmiO79S6wVml2f8eL-pvL/view?usp%3Dsharing&followup=https://drive.google.com/file/d/1Vjl6Yh0BjSRbmiO79S6wVml2f8eL-pvL/view?usp%3Dsharing&ec=GAZAGQ
2020,,Result SE (Civil Engg. R-2012)_Sem-III_CBGS_Dec-2019,https://accounts.google.com/ServiceLogin?service=wise&passive=1209600&osid=1&continue=https://drive.google.com/file/d/1YyGV_Fqxhf4FkrbHZUDwmdlQE2MmCpZq/view?usp%3Dsharing&followup=https://drive.google.com/file/d/1YyGV_Fqxhf4FkrbHZUDwmdlQE2MmCpZq/view?usp%3Dsharing&ec=GAZAGQ
2020,,Result TE (Electrical Engg. R-2012)_Sem-VI_CBGS_Dec-2019,https://accounts.google.com/ServiceLogin?service=wise&passive=1209600&osid=1&continue=https://drive.google.com/file/d/1CAtgvJhNBMzBK7HHOFmuukBLXg-gQq60/view?usp%3Dsharing&followup=https://drive.google.com/file/d/1CAtgvJhNBMzBK7HHOFmuukBLXg-gQq60/view?usp%3Dsharing&ec=GAZAGQ
2020,,Result SE (Electrical Engg. R-2012)_Sem-IV_CBGS_Dec-2019,https://accounts.google.com/ServiceLogin?service=wise&passive=1209600&osid=1&continue=https://drive.google.com/file/d/1IlCc_UNogmFjIYqaTSu8TKaD9J7-0u1s/view?usp%3Dsharing&followup=https://drive.google.com/file/d/1IlCc_UNogmFjIYqaTSu8TKaD9J7-0u1s/view?usp%3Dsharing&ec=GAZAGQ
2020,2020-02-03,Result FE (R-2012)_Sem-II_CBGS_Dec-2019,https://accounts.google.com/ServiceLogin?service=wise&passive=1209600&osid=1&continue=https://drive.google.com/file/d/1DYFYVTY8jhMem04qXVKpUgiG0W9mnoVC/view?usp%3Dsharing&followup=https://drive.google.com/file/d/1DYFYVTY8jhMem04qXVKpUgiG0W9mnoVC/view?usp%3Dsharing&ec=GAZAGQ
2020,2020-01-28,Result SE (ExTC Engg. R-2012)_Sem-III_CBGS_Dec-2019,https://accounts.google.com/ServiceLogin?service=wise&passive=1209600&osid=1&continue=https://drive.google.com/file/d/1E06kGTc649AX0pAlHmzGfyBgzhcpOTGg/view?usp%3Dsharing&followup=https://drive.google.com/file/d/1E06kGTc649AX0pAlHmzGfyBgzhcpOTGg/view?usp%3Dsharing&ec=GAZAGQ
2020,2020-01-26,Result TE (ExTC Engg. R-2012)_Sem-VI_CBGS_Dec-2019,https://accounts.google.com/ServiceLogin?service=wise&passive=1209600&osid=1&continue=https://drive.google.com/file/d/1bu_eqd-SSlu68okKyLZtBRyOP7cShzEs/view?usp%3Dsharing&followup=https://drive.google.com/file/d/1bu_eqd-SSlu68okKyLZtBRyOP7cShzEs/view?usp%3Dsharing&ec=GAZAGQ
2020,,Result TE (ExTC Engg. R-2012)_Sem-V_CBGS_Dec-2019,https://accounts.google.com/ServiceLogin?service=wise&passive=1209600&osid=1&continue=https://drive.google.com/file/d/1rmy0g7ui8Oq7PQk7-mrA9gjYyIm6fZ-2/view?usp%3Dsharing&followup=https://drive.google.com/file/d/1rmy0g7ui8Oq7PQk7-mrA9gjYyIm6fZ-2/view?usp%3Dsharing&ec=GAZAGQ
2020,,Result SE (ExTC Engg. R-2012)_Sem-IV_CBGS_Dec-2019,https://accounts.google.com/ServiceLogin?service=wise&passive=1209600&osid=1&continue=https://drive.google.com/file/d/1RK7aRPI2nizJ1FQh7VdoD6N0VMCKwwHt/view?usp%3Dsharing&followup=https://drive.google.com/file/d/1RK7aRPI2nizJ1FQh7VdoD6N0VMCKwwHt/view?usp%3Dsharing&ec=GAZAGQ
2020,,Result TE (Computer Engg. R-2012)_Sem-VI_CBGS_Dec-2019,https://accounts.google.com/ServiceLogin?service=wise&passive=1209600&osid=1&continue=https://drive.google.com/file/d/1OsFK1OQbB76p7D1eAfsHoK0v3LeLgRh6/view?usp%3Dsharing&followup=https://drive.google.com/file/d/1OsFK1OQbB76p7D1eAfsHoK0v3LeLgRh6/view?usp%3Dsharing&ec=GAZAGQ
2020,,Result TE (Computer Engg. R-2012)_Sem-V_CBGS_Dec-2019,https://accounts.google.com/ServiceLogin?service=wise&passive=1209600&osid=1&continue=https://drive.google.com/file/d/1w2YdO_CXna373d2CkTaE1GjSHgKsy_qV/view?usp%3Dsharing&followup=https://drive.google.com/file/d/1w2YdO_CXna373d2CkTaE1GjSHgKsy_qV/view?usp%3Dsharing&ec=GAZAGQ
2020,,Result SE (Computer Engg. R-2012)_Sem-IV_CBGS_Dec-2019,https://accounts.google.com/ServiceLogin?service=wise&passive=1209600&osid=1&continue=https://drive.google.com/file/d/1kMG5Ia2-_IY_2nLopXuxwjYChJdLcd1w/view?usp%3Dsharing&followup=https://drive.google.com/file/d/1kMG5Ia2-_IY_2nLopXuxwjYChJdLcd1w/view?usp%3Dsharing&ec=GAZAGQ
2020,,Result SE (Computer Engg. R-2012)_Sem-III_CBGS_Dec-2019,https://accounts.google.com/ServiceLogin?service=wise&passive=1209600&osid=1&continue=https://drive.google.com/file/d/1iQqiuHj2Eo4Ng5MJvdmNI--8VIGCT5eF/view?usp%3Dsharing&followup=https://drive.google.com/file/d/1iQqiuHj2Eo4Ng5MJvdmNI--8VIGCT5eF/view?usp%3Dsharing&ec=GAZAGQ
2020,2020-01-24,Result FE (R-2016)_Sem-II_Choice Base_Dec-2019 (LOT-2),https://accounts.google.com/ServiceLogin?service=wise&passive=1209600&osid=1&continue=https://drive.google.com/file/d/1vH53za1OgMlvADdBN0kYxLjy7J9ZFyOg/view?usp%3Dsharing&followup=https://drive.google.com/file/d/1vH53za1OgMlvADdBN0kYxLjy7J9ZFyOg/view?usp%3Dsharing&ec=GAZAGQ
2020,,Result FE (R-2016)_Sem-II_Choice Base_Dec-2019 (LOT-1),https://accounts.google.com/ServiceLogin?service=wise&passive=1209600&osid=1&continue=https://drive.google.com/file/d/15sL9oxgqSGDBom2DSMK7BcICzzmwr-_0/view?usp%3Dsharing&followup=https://drive.google.com/file/d/15sL9oxgqSGDBom2DSMK7BcICzzmwr-_0/view?usp%3Dsharing&ec=GAZAGQ
2020,2020-01-17,Result BE (ExTC Engg. R-2012)_Sem-VIII_CBGS_Dec-2019,https://accounts.google.com/ServiceLogin?service=wise&passive=1209600&osid=1&continue=https://drive.google.com/file/d/1VScByQzB8SiLM-RxX0WUC050bhuQ9kkd/view?usp%3Dsharing&followup=https://drive.google.com/file/d/1VScByQzB8SiLM-RxX0WUC050bhuQ9kkd/view?usp%3Dsharing&ec=GAZAGQ
2020,2020-01-15,Result BE (ExTC Engg. R-2012)_Sem-VII_CBGS_Dec-2019,https://accounts.google.com/ServiceLogin?service=wise&passive=1209600&osid=1&continue=https://drive.google.com/file/d/1dcqsqXPX1j6zV_9y0Cu99pFVLGn0aYoM/view?usp%3Dsharing&followup=https://drive.google.com/file/d/1dcqsqXPX1j6zV_9y0Cu99pFVLGn0aYoM/view?usp%3Dsharing&ec=GAZAGQ
2020,2020-01-13,Result BE (Civil Engg. R-2012)_Sem-VIII_CBGS_Dec-2019,https://accounts.google.com/ServiceLogin?service=wise&passive=1209600&osid=1&continue=https://drive.google.com/file/d/17TCpeq8Pc58qgo_oetEuZ-_7fRrK5yxV/view?usp%3Dsharing&followup=https://drive.google.com/file/d/17TCpeq8Pc58qgo_oetEuZ-_7fRrK5yxV/view?usp%3Dsharing&ec=GAZAGQ
2020,,Result BE (Mechanical Engg. R-2012)_Sem-VIII_CBGS_Dec-2019,https://accounts.google.com/ServiceLogin?service=wise&passive=1209600&osid=1&continue=https://drive.google.com/file/d/15qYKRFNAKYWIsn4aBrbYzSNVAjTludwG/view?usp%3Dsharing&followup=https://drive.google.com/file/d/15qYKRFNAKYWIsn4aBrbYzSNVAjTludwG/view?usp%3Dsharing&ec=GAZAGQ
2020,2020-01-10,Revaluation Result FE (R-2012)_Sem-I_CBGS_May-2019,https://accounts.google.com/ServiceLogin?service=wise&passive=1209600&osid=1&continue=https://drive.google.com/file/d/1sIkc73EN1FPF_JsaGD6W_xUoB8UoFAMM/view?usp%3Dsharing&followup=https://drive.google.com/file/d/1sIkc73EN1FPF_JsaGD6W_xUoB8UoFAMM/view?usp%3Dsharing&ec=GAZAGQ
2020,,Revaluation Result FE (R-2016)_Sem-I_Choice Base_May-2019,https://accounts.google.com/ServiceLogin?service=wise&passive=1209600&osid=1&continue=https://drive.google.com/file/d/1Y4zcbPOSGPe-Zy_l5bveJsKCYpNvOadJ/view?usp%3Dsharing&followup=https://drive.google.com/file/d/1Y4zcbPOSGPe-Zy_l5bveJsKCYpNvOadJ/view?usp%3Dsharing&ec=GAZAGQ
2020,,Revaluation Result FE (R-2012)_Sem-II_CBGS_May-2019,https://accounts.google.com/ServiceLogin?service=wise&passive=1209600&osid=1&continue=https://drive.google.com/file/d/1UBSUXLJwhHtOv71fkIZU6KItlHPL4WEv/view?usp%3Dsharing&followup=https://drive.google.com/file/d/1UBSUXLJwhHtOv71fkIZU6KItlHPL4WEv/view?usp%3Dsharing&ec=GAZAGQ
2020,2020-01-09,Result BE (EXTC Engg. R-2019)_Sem-VII_Choice Base_Dec-2019,https://accounts.google.com/ServiceLogin?service=wise&passive=1209600&osid=1&continue=https://drive.google.com/file/d/1J9ShssS2Hf3UU87GRs27uYUSPIkMYp-n/view?usp%3Dsharing&followup=https://drive.google.com/file/d/1J9ShssS2Hf3UU87GRs27uYUSPIkMYp-n/view?usp%3Dsharing&ec=GAZAGQ
2020,2020-01-08,Result BE (Electrical Engg. R-2012) Sem-VII_CBGS_Dec-2019,https://accounts.google.com/ServiceLogin?service=wise&passive=1209600&osid=1&continue=https://drive.google.com/file/d/1LKxn5nJW1lEsKUA3BvE-CTHl-VSmuOib/view?usp%3Dsharing&followup=https://drive.google.com/file/d/1LKxn5nJW1lEsKUA3BvE-CTHl-VSmuOib/view?usp%3Dsharing&ec=GAZAGQ
2020,2020-01-07,Result BE (Electrical Engg. R-2019)_Sem-VII_Choice Base_Dec-2019,https://accounts.google.com/ServiceLogin?service=wise&passive=1209600&osid=1&continue=https://drive.google.com/file/d/1SrT_4NlHTt9aRDiUcYOddKG_vMoMJYFz/view?usp%3Dsharing&followup=https://drive.google.com/file/d/1SrT_4NlHTt9aRDiUcYOddKG_vMoMJYFz/view?usp%3Dsharing&ec=GAZAGQ
2020,2020-01-06,Result BE (Mechanical Engg. R-2019)_Sem-VII_Choice Base_Dec-2019,https://accounts.google.com/ServiceLogin?service=wise&passive=1209600&osid=1&continue=https://drive.google.com/file/d/1f3S6Je0cRjtJWLTJj_2BoLmywTo2Piyn/view?usp%3Dsharing&followup=https://drive.google.com/file/d/1f3S6Je0cRjtJWLTJj_2BoLmywTo2Piyn/view?usp%3Dsharing&ec=GAZAGQ
2020,2020-01-05,Result FE (R-2016)_Sem-I_Choice Base_Dec-2019 (LOT-2),https://accounts.google.com/ServiceLogin?service=wise&passive=1209600&osid=1&continue=https://drive.google.com/file/d/1c_ounGDT7etFWzfEaWZsV_awEkfb9HpB/view?usp%3Dsharing&followup=https://drive.google.com/file/d/1c_ounGDT7etFWzfEaWZsV_awEkfb9HpB/view?usp%3Dsharing&ec=GAZAGQ
2020,,Result FE (R-2016)_Sem-I_Choice Base_Dec-2019 (LOT-1),https://accounts.google.com/ServiceLogin?service=wise&passive=1209600&osid=1&continue=https://drive.google.com/file/d/1eTF12aXqvye8qt8PHizg6y2Wa9-DX6oW/view?usp%3Dsharing&followup=https://drive.google.com/file/d/1eTF12aXqvye8qt8PHizg6y2Wa9-DX6oW/view?usp%3Dsharing&ec=GAZAGQ
2020,,Result BE (Civil Engg. R-2019)_Sem-VII_Choice Base_Dec-2019,https://accounts.google.com/ServiceLogin?service=wise&passive=1209600&osid=1&continue=https://drive.google.com/file/d/14BmStGw2l6w_7-XzFhn_ubeK4aTRrL_Y/view?usp%3Dsharing&followup=https://drive.google.com/file/d/14BmStGw2l6w_7-XzFhn_ubeK4aTRrL_Y/view?usp%3Dsharing&ec=GAZAGQ
2020,,Result BE (Computer Engg. R-2019)_Sem-VII_Choice Base_Dec-2019,https://accounts.google.com/ServiceLogin?service=wise&passive=1209600&osid=1&continue=https://drive.google.com/file/d/1cefJtfn2p96Qj1Gky2TPmVdKcQ6545OG/view?usp%3Dsharing&followup=https://drive.google.com/file/d/1cefJtfn2p96Qj1Gky2TPmVdKcQ6545OG/view?usp%3Dsharing&ec=GAZAGQ
2020,,Result BE (Computer Engg. R-2016)_Sem-VII_CBGS_Dec-2019,https://accounts.google.com/ServiceLogin?service=wise&passive=1209600&osid=1&continue=https://drive.google.com/file/d/1RH9BFEj1V0EmpTPJHlV5HKlai_mzuRk_/view?usp%3Dsharing&followup=https://drive.google.com/file/d/1RH9BFEj1V0EmpTPJHlV5HKlai_mzuRk_/view?usp%3Dsharing&ec=GAZAGQ
2020,,Result BE (Computer Engg. R-2016)_Sem-VIII_CBGS_Dec-2019,https://accounts.google.com/ServiceLogin?service=wise&passive=1209600&osid=1&continue=https://drive.google.com/file/d/1EjEKZFuZZ5YVdF26fETEZ6ytwCxellNU/view?usp%3Dsharing&followup=https://drive.google.com/file/d/1EjEKZFuZZ5YVdF26fETEZ6ytwCxellNU/view?usp%3Dsharing&ec=GAZAGQ
2019,2019-12-10,Revaluation Result FE (R-2016)_Sem-II_Choice Base_May-2019,https://accounts.google.com/ServiceLogin?service=wise&passive=1209600&osid=1&continue=https://drive.google.com/file/d/1BdoLHC6_abIXj499ruTtIWTf9y56cy1r/view?usp%3Dsharing&followup=https://drive.google.com/file/d/1BdoLHC6_abIXj499ruTtIWTf9y56cy1r/view?usp%3Dsharing&ec=GAZAGQ
2019,2019-10-23,Revaluation Result BE (Mechanical Engg. R-2012)_Sem-VIII_CBGS_May-2019,https://accounts.google.com/ServiceLogin?service=wise&passive=1209600&osid=1&continue=https://drive.google.com/file/d/1Z2uSkdP8a1BCtOSbZLmUWwzdkm-KdwxO/view?usp%3Dsharing&followup=https://drive.google.com/file/d/1Z2uSkdP8a1BCtOSbZLmUWwzdkm-KdwxO/view?usp%3Dsharing&ec=GAZAGQ
2019,,Revaluation Result BE (Civil Engg. R-2012)_Sem-VII_CBGS_May-2019,https://accounts.google.com/ServiceLogin?service=wise&passive=1209600&osid=1&continue=https://drive.google.com/file/d/1rhne3UyD4LOwOJ0QyzCKYVfBzHydrAP7/view?usp%3Dsharing&followup=https://drive.google.com/file/d/1rhne3UyD4LOwOJ0QyzCKYVfBzHydrAP7/view?usp%3Dsharing&ec=GAZAGQ
2019,,Revaluation Result BE (Electrical Engg. R-2012)_Sem-VIII_CBGS_May-2019,https://accounts.google.com/ServiceLogin?service=wise&passive=1209600&osid=1&continue=https://drive.google.com/file/d/1m3DM2_2j_ZgdHeS6qLj6nhfAzdRK12cw/view?usp%3Dsharing&followup=https://drive.google.com/file/d/1m3DM2_2j_ZgdHeS6qLj6nhfAzdRK12cw/view?usp%3Dsharing&ec=GAZAGQ
2019,2019-10-10,Revaluation Result BE (ExTC Engg. R-2012)_Sem-VII_CBGS_May-2019,https://accounts.google.com/ServiceLogin?service=wise&passive=1209600&osid=1&continue=https://drive.google.com/file/d/1IYiHZjOYfiUtQLhE22duNBn_14KDAbeb/view?usp%3Dsharing&followup=https://drive.google.com/file/d/1IYiHZjOYfiUtQLhE22duNBn_14KDAbeb/view?usp%3Dsharing&ec=GAZAGQ
2019,2019-10-04,Revaluation Result BE (Electrical Engg. R-2012)_Sem-VII_CBGS_May-2019,https://accounts.google.com/ServiceLogin?service=wise&passive=1209600&osid=1&continue=https://drive.google.com/file/d/12cvmLBN7bIB3sQY9X54gnSy5OBjBLbS8/view?usp%3Dsharing&followup=https://drive.google.com/file/d/12cvmLBN7bIB3sQY9X54gnSy5OBjBLbS8/view?usp%3Dsharing&ec=GAZAGQ
2019,,Revaluation Result BE (Civil Engg. R-2012)_Sem-VIII_CBGS_May-2019,https://accounts.google.com/ServiceLogin?service=wise&passive=1209600&osid=1&continue=https://drive.google.com/file/d/1g6GFt6nwQtpyiR0O4fkWmx-WRd6cS-h7/view?usp%3Dsharing&followup=https://drive.google.com/file/d/1g6GFt6nwQtpyiR0O4fkWmx-WRd6cS-h7/view?usp%3Dsharing&ec=GAZAGQ
2019,,Revaluation Result BE (ExTC Engg. R-2012)_Sem-VIII_CBGS_May-2019,https://accounts.google.com/ServiceLogin?service=wise&passive=1209600&osid=1&continue=https://drive.google.com/file/d/18tF_AaUIX-RdKSUe-zxIqRPSIXXUs8Dm/view?usp%3Dsharing&followup=https://drive.google.com/file/d/18tF_AaUIX-RdKSUe-zxIqRPSIXXUs8Dm/view?usp%3Dsharing&ec=GAZAGQ
2019,,Revaluation Result BE (Computer Engg. R-2012)_Sem-VIII_CBGS_May-2019,https://accounts.google.com/ServiceLogin?service=wise&passive=1209600&osid=1&continue=https://drive.google.com/file/d/1elzYXVYHQod7ECQ0BVuX4Y3B2SiDvInC/view?usp%3Dsharing&followup=https://drive.google.com/file/d/1elzYXVYHQod7ECQ0BVuX4Y3B2SiDvInC/view?usp%3Dsharing&ec=GAZAGQ
2019,2019-10-02,RR Result (FE.R-2016)_Sem-II_Choice Base_May-2019,https://accounts.google.com/ServiceLogin?service=wise&passive=1209600&osid=1&continue=https://drive.google.com/file/d/1oVD8VBsEK3hGAJxe-pTQPt6O5-rTauu7/view?usp%3Dsharing&followup=https://drive.google.com/file/d/1oVD8VBsEK3hGAJxe-pTQPt6O5-rTauu7/view?usp%3Dsharing&ec=GAZAGQ
2019,2019-09-27,Revaluation Result TE (Civil Engg. R-2016)_Sem-VI_Choice Base_May-2019,https://accounts.google.com/ServiceLogin?service=wise&passive=1209600&osid=1&continue=https://drive.google.com/file/d/1_SQjvQKQWncS5kXVVbjW7gsWj4w9ycpo/view?usp%3Dsharing&followup=https://drive.google.com/file/d/1_SQjvQKQWncS5kXVVbjW7gsWj4w9ycpo/view?usp%3Dsharing&ec=GAZAGQ
2019,2019-09-24,Revaluation Result SE (Civil Engg. R-2016)_Sem-IV_Choice Base_May-2019,https://accounts.google.com/ServiceLogin?service=wise&passive=1209600&osid=1&continue=https://drive.google.com/file/d/1gNscu9CD93K5TQmmw5pWiC8kTAud6DHG/view?usp%3Dsharing&followup=https://drive.google.com/file/d/1gNscu9CD93K5TQmmw5pWiC8kTAud6DHG/view?usp%3Dsharing&ec=GAZAGQ
2019,2019-09-23,Revaluation Result TE (Civil Engg. R-2016)_Sem-V_Choice Base_May-2019,https://accounts.google.com/ServiceLogin?service=wise&passive=1209600&osid=1&continue=https://drive.google.com/file/d/1KIaRlwerhUIH4Qyswyg7uLUVbpxgx0FO/view?usp%3Dsharing&followup=https://drive.google.com/file/d/1KIaRlwerhUIH4Qyswyg7uLUVbpxgx0FO/view?usp%3Dsharing&ec=GAZAGQ
2019,,Revaluation Result SE (Civil Engg. R-2016)_Sem-III_Choice Base_May-2019,https://accounts.google.com/ServiceLogin?service=wise&passive=1209600&osid=1&continue=https://drive.google.com/file/d/12zropb6M78tth_zvP5bsoRVYJ8f5otpE/view?usp%3Dsharing&followup=https://drive.google.com/file/d/12zropb6M78tth_zvP5bsoRVYJ8f5otpE/view?usp%3Dsharing&ec=GAZAGQ
2019,2019-09-18,Revaluation Result SE (ExTC Engg. R-2016)_Sem-IV_Choice Base_May-2019,https://accounts.google.com/ServiceLogin?service=wise&passive=1209600&osid=1&continue=https://drive.google.com/file/d/1oH2zM1mCBkcw3ScqqP6VUfNoMMXa2Y4D/view?usp%3Dsharing&followup=https://drive.google.com/file/d/1oH2zM1mCBkcw3ScqqP6VUfNoMMXa2Y4D/view?usp%3Dsharing&ec=GAZAGQ
2019,,Revaluation Result SE (ExTC Engg. R-2016)_Sem-III_Choice Base_May-2019,https://accounts.google.com/ServiceLogin?service=wise&passive=1209600&osid=1&continue=https://drive.google.com/file/d/1lljbyk4UZhS4friV0XG0qCVNeUW5yWqn/view?usp%3Dsharing&followup=https://drive.google.com/file/d/1lljbyk4UZhS4friV0XG0qCVNeUW5yWqn/view?usp%3Dsharing&ec=GAZAGQ
2019,,Revaluation Result SE (ExTC Engg. R-2012)_Sem-IV_CBGS_May-2019,https://accounts.google.com/ServiceLogin?service=wise&passive=1209600&osid=1&continue=https://drive.google.com/file/d/162kJWx_Z-YDdVwhGXn1d2QMZn3kHajtL/view?usp%3Dsharing&followup=https://drive.google.com/file/d/162kJWx_Z-YDdVwhGXn1d2QMZn3kHajtL/view?usp%3Dsharing&ec=GAZAGQ
2019,2019-09-17,Revaluation Result SE (Electrical Engg. R-2016)_Sem-IV_Choice Base_May-2019,https://accounts.google.com/ServiceLogin?service=wise&passive=1209600&osid=1&continue=https://drive.google.com/file/d/1AmGjjFTWr4wGZJVsDL3-8LOmu9t-DjNp/view?usp%3Dsharing&followup=https://drive.google.com/file/d/1AmGjjFTWr4wGZJVsDL3-8LOmu9t-DjNp/view?usp%3Dsharing&ec=GAZAGQ
2019,,Revaluation Result SE (Electrical Engg. R-2016)_Sem-III_Choice Base_May-2019,https://accounts.google.com/ServiceLogin?service=wise&passive=1209600&osid=1&continue=https://drive.google.com/file/d/1f5KR6rStuP2V-pig4P8JZtIAG45Sb5jZ/view?usp%3Dsharing&followup=https://drive.google.com/file/d/1f5KR6rStuP2V-pig4P8JZtIAG45Sb5jZ/view?usp%3Dsharing&ec=GAZAGQ
2019,,Revaluation Result SE (Electrical Engg. R-2012)_Sem-IV_CBGS_May-2019,https://accounts.google.com/ServiceLogin?service=wise&passive=1209600&osid=1&continue=https://drive.google.com/file/d/1GsY_bSfOkRz3ZZjaMNrWJjh1TlnZU3Vf/view?usp%3Dsharing&followup=https://drive.google.com/file/d/1GsY_bSfOkRz3ZZjaMNrWJjh1TlnZU3Vf/view?usp%3Dsharing&ec=GAZAGQ
2019,,Revaluation Result SE (Computer Engg. R-2012)_Sem-IV_CBGS_May-2019,https://accounts.google.com/ServiceLogin?service=wise&passive=1209600&osid=1&continue=https://drive.google.com/file/d/165_GqLaew2B3O5nD4qWhfJsdiWrmICyN/view?usp%3Dsharing&followup=https://drive.google.com/file/d/165_GqLaew2B3O5nD4qWhfJsdiWrmICyN/view?usp%3Dsharing&ec=GAZAGQ
2019,,Revaluation Result SE (Computer Engg. R-2016)_Sem-III_Choice Base_May-2019,https://accounts.google.com/ServiceLogin?service=wise&passive=1209600&osid=1&continue=https://drive.google.com/file/d/1AjQBseeljcWPj6WbDzcymPFU92g1xBzx/view?usp%3Dsharing&followup=https://drive.google.com/file/d/1AjQBseeljcWPj6WbDzcymPFU92g1xBzx/view?usp%3Dsharing&ec=GAZAGQ
2019,,Revaluation Result SE (Computer Engg. R-2012)_Sem-III_CBGS_May-2019,https://accounts.google.com/ServiceLogin?service=wise&passive=1209600&osid=1&continue=https://drive.google.com/file/d/1rgsF95TwfJfyOga8rKbPoo3W_dy3r4Vq/view?usp%3Dsharing&followup=https://drive.google.com/file/d/1rgsF95TwfJfyOga8rKbPoo3W_dy3r4Vq/view?usp%3Dsharing&ec=GAZAGQ
2019,2019-09-15,RR Result (FE.R-2016)_Sem-II_Choice Base_May-2019,https://accounts.google.com/ServiceLogin?service=wise&passive=1209600&osid=1&continue=https://drive.google.com/file/d/1Wys2Gg3ETU19bpzz-JBsvnzmnyhM2NKi/view?usp%3Dsharing&followup=https://drive.google.com/file/d/1Wys2Gg3ETU19bpzz-JBsvnzmnyhM2NKi/view?usp%3Dsharing&ec=GAZAGQ
2019,2019-09-14,Revaluation Result SE (Mechanical Engg. R-2016)_Sem-III_Choice Base_May-2019,https://accounts.google.com/ServiceLogin?service=wise&passive=1209600&osid=1&continue=https://drive.google.com/file/d/1fd4JALKTcnhHYnOsJHe01FEvrGEOqR3I/view?usp%3Dsharing&followup=https://drive.google.com/file/d/1fd4JALKTcnhHYnOsJHe01FEvrGEOqR3I/view?usp%3Dsharing&ec=GAZAGQ
2019,2019-09-13,Revaluation Result TE (Computer Engg. R-2016)_Sem-VI_Choice Base_May-2019,https://accounts.google.com/ServiceLogin?service=wise&passive=1209600&osid=1&continue=https://drive.google.com/file/d/1w_VnF_42gcGPsFkiDdm5j3XA0ta2v1ad/view?usp%3Dsharing&followup=https://drive.google.com/file/d/1w_VnF_42gcGPsFkiDdm5j3XA0ta2v1ad/view?usp%3Dsharing&ec=GAZAGQ
2019,2019-09-11,Revaluation Result TE (Mechanical Engg. R-2016)_Sem-VI_Choice Base_May-2019,https://accounts.google.com/ServiceLogin?service=wise&passive=1209600&osid=1&continue=https://drive.google.com/file/d/1ELt0loz7yE27-YChSUZsfANKMTv2F5QG/view?usp%3Dsharing&followup=https://drive.google.com/file/d/1ELt0loz7yE27-YChSUZsfANKMTv2F5QG/view?usp%3Dsharing&ec=GAZAGQ
2019,,Revaluation Result SE (Mechanical Engg. R-2016)_Sem-IV_Choice Base_May-2019,https://accounts.google.com/ServiceLogin?service=wise&passive=1209600&osid=1&continue=https://drive.google.com/file/d/1tPTw0jGttXYXBDyS5Q-acvzthBY96bQi/view?usp%3Dsharing&followup=https://drive.google.com/file/d/1tPTw0jGttXYXBDyS5Q-acvzthBY96bQi/view?usp%3Dsharing&ec=GAZAGQ
2019,,Revaluation Result TE (Civil Engg. R-2012)_Sem-V_CBGS_May-2019,https://accounts.google.com/ServiceLogin?service=wise&passive=1209600&osid=1&continue=https://drive.google.com/file/d/1JQD2_6Gg7B4hKciAUwPTNQYTtl5CFWvg/view?usp%3Dsharing&followup=https://drive.google.com/file/d/1JQD2_6Gg7B4hKciAUwPTNQYTtl5CFWvg/view?usp%3Dsharing&ec=GAZAGQ
2019,2019-08-31,Revaluation Result TE (Mechanical Engg. R-2016)_Sem-V_Choice Base_May-2019,https://accounts.google.com/ServiceLogin?service=wise&passive=1209600&osid=1&continue=https://drive.google.com/file/d/1BiZkmU6xsTYR5lO5jC4H0sE2E7D8EbGA/view?usp%3Dsharing&followup=https://drive.google.com/file/d/1BiZkmU6xsTYR5lO5jC4H0sE2E7D8EbGA/view?usp%3Dsharing&ec=GAZAGQ
2019,,Revaluation Result TE (Civil Engg. R-2012)_Sem-VI_CBGS_May-2019,https://accounts.google.com/ServiceLogin?service=wise&passive=1209600&osid=1&continue=https://drive.google.com/file/d/1sQhTKtYa7mMceTRcgR0ywlKpMHp1YEAC/view?usp%3Dsharing&followup=https://drive.google.com/file/d/1sQhTKtYa7mMceTRcgR0ywlKpMHp1YEAC/view?usp%3Dsharing&ec=GAZAGQ
2019,,Revaluation Result SE (Civil Engg. R-2012)_Sem-IV_CBGS_May-2019,https://accounts.google.com/ServiceLogin?service=wise&passive=1209600&osid=1&continue=https://drive.google.com/file/d/1mjCXbilYdJpadTgTbjFCk8npgdxy8uSs/view?usp%3Dsharing&followup=https://drive.google.com/file/d/1mjCXbilYdJpadTgTbjFCk8npgdxy8uSs/view?usp%3Dsharing&ec=GAZAGQ
2019,,Revaluation Result SE (Civil Engg. R-2012)_Sem-III_CBGS_May-2019,https://accounts.google.com/ServiceLogin?service=wise&passive=1209600&osid=1&continue=https://drive.google.com/file/d/1zdVgVn9IiGKJ2hRMkQw5oHCclH4DFi8k/view?usp%3Dsharing&followup=https://drive.google.com/file/d/1zdVgVn9IiGKJ2hRMkQw5oHCclH4DFi8k/view?usp%3Dsharing&ec=GAZAGQ
2019,,Revaluation Result TE (Mechanical Engg. R-2012)_Sem-VI_CBGS_May-2019,https://accounts.google.com/ServiceLogin?service=wise&passive=1209600&osid=1&continue=https://drive.google.com/file/d/1fIrbT7X5DaIUadY6XaJT5_zpdIONLkc9/view?usp%3Dsharing&followup=https://drive.google.com/file/d/1fIrbT7X5DaIUadY6XaJT5_zpdIONLkc9/view?usp%3Dsharing&ec=GAZAGQ
2019,,Revaluation Result SE (Mechanical Engg. R-2012)_Sem-IV_CBGS_May-2019,https://accounts.google.com/ServiceLogin?service=wise&passive=1209600&osid=1&continue=https://drive.google.com/file/d/1VQwE0qLhGCmmffWM97LkwGdV82K6t78f/view?usp%3Dsharing&followup=https://drive.google.com/file/d/1VQwE0qLhGCmmffWM97LkwGdV82K6t78f/view?usp%3Dsharing&ec=GAZAGQ
2019,,Revaluation Result SE (Mechanical Engg. R-2012)_Sem-III_CBGS_May-2019,https://accounts.google.com/ServiceLogin?service=wise&passive=1209600&osid=1&continue=https://drive.google.com/file/d/1E_7bE7qX7pq3xh4Dfys3sP7auejyk638/view?usp%3Dsharing&followup=https://drive.google.com/file/d/1E_7bE7qX7pq3xh4Dfys3sP7auejyk638/view?usp%3Dsharing&ec=GAZAGQ
2019,2019-08-30,Revaluation Result TE (Electrical Engg. R-2016)_Sem-VI_Choice Base_May-2019,https://accounts.google.com/ServiceLogin?service=wise&passive=1209600&osid=1&continue=https://drive.google.com/file/d/1MWm_WN62fARwpevXrEqMM5CBN2W_pAyT/view?usp%3Dsharing&followup=https://drive.google.com/file/d/1MWm_WN62fARwpevXrEqMM5CBN2W_pAyT/view?usp%3Dsharing&ec=GAZAGQ
2019,2019-08-28,Revaluation Result TE (Electrical Engg. R-2016)_Sem-V_Choice Base_May-2019,https://accounts.google.com/ServiceLogin?service=wise&passive=1209600&osid=1&continue=https://drive.google.com/file/d/14vaiyhi6LYAvoUWrKjOvge6ofpwyHTYR/view?usp%3Dsharing&followup=https://drive.google.com/file/d/14vaiyhi6LYAvoUWrKjOvge6ofpwyHTYR/view?usp%3Dsharing&ec=GAZAGQ
2019,2019-08-23,Revaluation Result TE (Computer Engg. R-2016)_Sem-V_Choice Base_May-2019,https://accounts.google.com/ServiceLogin?service=wise&passive=1209600&osid=1&continue=https://drive.google.com/file/d/1BN9nHYc4kYeXDsrN_xo8FlZ-b_fZ4iD8/view?usp%3Dsharing&followup=https://drive.google.com/file/d/1BN9nHYc4kYeXDsrN_xo8FlZ-b_fZ4iD8/view?usp%3Dsharing&ec=GAZAGQ
2019,2019-08-22,RR Result  (FE.R-2016)_Sem-I_Choice Base_May-2019,https://accounts.google.com/ServiceLogin?service=wise&passive=1209600&osid=1&continue=https://drive.google.com/file/d/1BVGVLt3H-BB_znwliNd4UggyPif8NMI9/view?usp%3Dsharing&followup=https://drive.google.com/file/d/1BVGVLt3H-BB_znwliNd4UggyPif8NMI9/view?usp%3Dsharing&ec=GAZAGQ
2019,,Revaluation Result TE (ExTC Engg. R-2016)_Sem-VI_Choice Base_May-2019,https://accounts.google.com/ServiceLogin?service=wise&passive=1209600&osid=1&continue=https://drive.google.com/file/d/17dbHMZqyJQD8_SYv6pYwx4JhvxOuN22i/view?usp%3Dsharing&followup=https://drive.google.com/file/d/17dbHMZqyJQD8_SYv6pYwx4JhvxOuN22i/view?usp%3Dsharing&ec=GAZAGQ
2019,,Revaluation Result TE (ExTC Engg. R-2012)_Sem-VI_CBGS_May-2019,https://accounts.google.com/ServiceLogin?service=wise&passive=1209600&osid=1&continue=https://drive.google.com/file/d/14B2fs4hCbNYd5odMfE5jQkafUg6-b0O4/view?usp%3Dsharing&followup=https://drive.google.com/file/d/14B2fs4hCbNYd5odMfE5jQkafUg6-b0O4/view?usp%3Dsharing&ec=GAZAGQ
2019,,Revaluation Result TE (ExTC Engg. R-2012)_Sem-V_CBGS_May-2019,https://accounts.google.com/ServiceLogin?service=wise&passive=1209600&osid=1&continue=https://drive.google.com/file/d/1evvhzGOfNmxFTKDuPpeAFT1-JC5RG3i6/view?usp%3Dsharing&followup=https://drive.google.com/file/d/1evvhzGOfNmxFTKDuPpeAFT1-JC5RG3i6/view?usp%3Dsharing&ec=GAZAGQ
2019,2019-08-07,Result TE (Electrical Engg. R-2012)_Sem-VI_CBGS_May-2019,https://accounts.google.com/ServiceLogin?service=wise&passive=1209600&osid=1&continue=https://drive.google.com/file/d/1BJ0EPwNl4K1SFMSiniN5_mE5Bfy8tUD3/view?usp%3Dsharing&followup=https://drive.google.com/file/d/1BJ0EPwNl4K1SFMSiniN5_mE5Bfy8tUD3/view?usp%3Dsharing&ec=GAZAGQ
2019,,Result TE (Electrical Engg. R-2016)_Sem-VI_Choice Base_May-2019,https://accounts.google.com/ServiceLogin?service=wise&passive=1209600&osid=1&continue=https://drive.google.com/file/d/14pwe_-8rcAvWiM6hhlrNMep7Dn4yKSlb/view?usp%3Dsharing&followup=https://drive.google.com/file/d/14pwe_-8rcAvWiM6hhlrNMep7Dn4yKSlb/view?usp%3Dsharing&ec=GAZAGQ
2019,,Result TE (Electrical Engg. R-2012)_Sem-V_CBGS_May-2019,https://accounts.google.com/ServiceLogin?service=wise&passive=1209600&osid=1&continue=https://drive.google.com/file/d/1jhmNoRKOc3EY5ls0NRvMlkppQcyx1FR6/view?usp%3Dsharing&followup=https://drive.google.com/file/d/1jhmNoRKOc3EY5ls0NRvMlkppQcyx1FR6/view?usp%3Dsharing&ec=GAZAGQ
2019,,Result TE (Electrical Engg. R-2016)_Sem-V_Choice Base_May-2019,https://accounts.google.com/ServiceLogin?service=wise&passive=1209600&osid=1&continue=https://drive.google.com/file/d/1P37lWL1AHPNu0_-tbyFYOncmmabS1bNr/view?usp%3Dsharing&followup=https://drive.google.com/file/d/1P37lWL1AHPNu0_-tbyFYOncmmabS1bNr/view?usp%3Dsharing&ec=GAZAGQ
2019,,Result SE (Electrical Engg. R-2012)_Sem-IV_CBGS_May-2019,https://accounts.google.com/ServiceLogin?service=wise&passive=1209600&osid=1&continue=https://drive.google.com/file/d/1Scm_MIbjfmx6APYLHEwG3nzsr0mGG-m-/view?usp%3Dsharing&followup=https://drive.google.com/file/d/1Scm_MIbjfmx6APYLHEwG3nzsr0mGG-m-/view?usp%3Dsharing&ec=GAZAGQ
2019,,Result SE (Electrical Engg. R-2016)_Sem-IV_Choice Base_May-2019,https://accounts.google.com/ServiceLogin?service=wise&passive=1209600&osid=1&continue=https://drive.google.com/file/d/1uRueGLtHg0jHg7hI4TcuwOinJ1Frje7k/view?usp%3Dsharing&followup=https://drive.google.com/file/d/1uRueGLtHg0jHg7hI4TcuwOinJ1Frje7k/view?usp%3Dsharing&ec=GAZAGQ
2019,,Result SE (Electrical Engg. R-2016)_Sem-III_Choice Base_May-2019,https://accounts.google.com/ServiceLogin?service=wise&passive=1209600&osid=1&continue=https://drive.google.com/file/d/10vKw9VjscbbD7i9sj0iV36Y-DJVMTNZQ/view?usp%3Dsharing&followup=https://drive.google.com/file/d/10vKw9VjscbbD7i9sj0iV36Y-DJVMTNZQ/view?usp%3Dsharing&ec=GAZAGQ
2019,2019-07-31,Result TE (Civil Engg. R-2012)_Sem-VI_CBGS_May-2019,https://accounts.google.com/ServiceLogin?service=wise&passive=1209600&osid=1&continue=https://drive.google.com/file/d/1UcaY1V6L3n7ByOLvx1aTOwQlRdaXRfgl/view?usp%3Dsharing&followup=https://drive.google.com/file/d/1UcaY1V6L3n7ByOLvx1aTOwQlRdaXRfgl/view?usp%3Dsharing&ec=GAZAGQ
2019,,Result TE (Civil Engg. R-2016)_Sem-VI_Choice Base_May-2019,https://accounts.google.com/ServiceLogin?service=wise&passive=1209600&osid=1&continue=https://drive.google.com/file/d/1xWCM8b73VEdza3-PR9uz6Hd4kE2P0aBi/view?usp%3Dsharing&followup=https://drive.google.com/file/d/1xWCM8b73VEdza3-PR9uz6Hd4kE2P0aBi/view?usp%3Dsharing&ec=GAZAGQ
2019,,Result TE (Civil Engg. R-2012)_Sem-V_CBGS_May-2019,https://accounts.google.com/ServiceLogin?service=wise&passive=1209600&osid=1&continue=https://drive.google.com/file/d/11NmwsFd4n-__vk1Sj8C4zPew4VOkON8-/view?usp%3Dsharing&followup=https://drive.google.com/file/d/11NmwsFd4n-__vk1Sj8C4zPew4VOkON8-/view?usp%3Dsharing&ec=GAZAGQ
2019,,Result TE (Civil Engg. R-2016)_Sem-V_Choice Base_May-2019,https://accounts.google.com/ServiceLogin?service=wise&passive=1209600&osid=1&continue=https://drive.google.com/file/d/1lcYvEHjMhvKEuQMCiITErCX0MJuXmN4o/view?usp%3Dsharing&followup=https://drive.google.com/file/d/1lcYvEHjMhvKEuQMCiITErCX0MJuXmN4o/view?usp%3Dsharing&ec=GAZAGQ
2019,,Result SE (Civil Engg. R-2012)_Sem-IV_CBGS_May-2019,https://accounts.google.com/ServiceLogin?service=wise&passive=1209600&osid=1&continue=https://drive.google.com/file/d/1gYIFr-smh2XiQaHJi2VMAgB46WRB6Enk/view?usp%3Dsharing&followup=https://drive.google.com/file/d/1gYIFr-smh2XiQaHJi2VMAgB46WRB6Enk/view?usp%3Dsharing&ec=GAZAGQ
2019,,Result SE (Civil Engg. R-2016)_Sem-IV_Choice Base_May-2019,https://accounts.google.com/ServiceLogin?service=wise&passive=1209600&osid=1&continue=https://drive.google.com/file/d/1MR2LFx-LGYYNQJKlnvqMDXXGIOjvm94T/view?usp%3Dsharing&followup=https://drive.google.com/file/d/1MR2LFx-LGYYNQJKlnvqMDXXGIOjvm94T/view?usp%3Dsharing&ec=GAZAGQ
2019,,Result SE (Civil Engg. R-2012)_Sem-III_CBGS_May-2019,https://accounts.google.com/ServiceLogin?service=wise&passive=1209600&osid=1&continue=https://drive.google.com/file/d/1rpA1w1fcUMuYHS8nqWZYkyF0oGvtPfGS/view?usp%3Dsharing&followup=https://drive.google.com/file/d/1rpA1w1fcUMuYHS8nqWZYkyF0oGvtPfGS/view?usp%3Dsharing&ec=GAZAGQ
2019,,Result SE (Civil Engg. R-2016)_Sem-III_Choice Base_May-2019,https://accounts.google.com/ServiceLogin?service=wise&passive=1209600&osid=1&continue=https://drive.google.com/file/d/183fLrc-uhC452oa9jmxIxA1sIxcMgG-L/view?usp%3Dsharing&followup=https://drive.google.com/file/d/183fLrc-uhC452oa9jmxIxA1sIxcMgG-L/view?usp%3Dsharing&ec=GAZAGQ
2019,2019-07-26,Result TE (Mechanical Engg. R-2012)_Sem-VI_CBSGS_May-2019,https://accounts.google.com/ServiceLogin?service=wise&passive=1209600&osid=1&continue=https://drive.google.com/file/d/1Oq9CmRkyMG91Z39Zz7yNKV3pzFs4UgaF/view?usp%3Dsharing&followup=https://drive.google.com/file/d/1Oq9CmRkyMG91Z39Zz7yNKV3pzFs4UgaF/view?usp%3Dsharing&ec=GAZAGQ
2019,,Result TE (Mechanical Engg. R-2016)_Sem-VI_Choice Based_May-2019,https://accounts.google.com/ServiceLogin?service=wise&passive=1209600&osid=1&continue=https://drive.google.com/file/d/19-bljUcB1iEJ-sTZvneLyeA7AiWn6WbW/view?usp%3Dsharing&followup=https://drive.google.com/file/d/19-bljUcB1iEJ-sTZvneLyeA7AiWn6WbW/view?usp%3Dsharing&ec=GAZAGQ
2019,,Result TE (Mechanical Engg. R-2012)_Sem-V_CBSGS_May-2019,https://accounts.google.com/ServiceLogin?service=wise&passive=1209600&osid=1&continue=https://drive.google.com/file/d/1dmKnha-EZpnlM_fgYc6DkK6NDVS-nqie/view?usp%3Dsharing&followup=https://drive.google.com/file/d/1dmKnha-EZpnlM_fgYc6DkK6NDVS-nqie/view?usp%3Dsharing&ec=GAZAGQ
2019,,Result TE (Mechanical Engg. R-2016)_Sem-V_Choice Based_May-2019,https://accounts.google.com/ServiceLogin?service=wise&passive=1209600&osid=1&continue=https://drive.google.com/file/d/1dsTR2Hw3Il96RehodXcZE5Ng7se9GU1b/view?usp%3Dsharing&followup=https://drive.google.com/file/d/1dsTR2Hw3Il96RehodXcZE5Ng7se9GU1b/view?usp%3Dsharing&ec=GAZAGQ
2019,,Result SE (Mechanical Engg. R-2016)_Sem-IV_Choice Based_May-2019,https://accounts.google.com/ServiceLogin?service=wise&passive=1209600&osid=1&continue=https://drive.google.com/file/d/1eOL1Yi3JQMZSYiutvw5exgsrccESHtst/view?usp%3Dsharing&followup=https://drive.google.com/file/d/1eOL1Yi3JQMZSYiutvw5exgsrccESHtst/view?usp%3Dsharing&ec=GAZAGQ
2019,,Result SE (Mechanical Engg. R-2012)_Sem-III_CBSGS_May-2019,https://accounts.google.com/ServiceLogin?service=wise&passive=1209600&osid=1&continue=https://drive.google.com/file/d/1fNZ4W5pKGfbaX4_rLZXkki0nse2sudaq/view?usp%3Dsharing&followup=https://drive.google.com/file/d/1fNZ4W5pKGfbaX4_rLZXkki0nse2sudaq/view?usp%3Dsharing&ec=GAZAGQ
2019,,Result SE (Mechanical Engg. R-2016)_Sem-III_Choice Based_May-2019,https://accounts.google.com/ServiceLogin?service=wise&passive=1209600&osid=1&continue=https://drive.google.com/file/d/1_AIge73IxxEUGBcYIv8Ief1KXI4TL0O0/view?usp%3Dsharing&followup=https://drive.google.com/file/d/1_AIge73IxxEUGBcYIv8Ief1KXI4TL0O0/view?usp%3Dsharing&ec=GAZAGQ
2019,2019-07-22,Result SE (EXTC Engg. R-2012)_Sem-III_CBSGS_May-2019,https://accounts.google.com/ServiceLogin?service=wise&passive=1209600&osid=1&continue=https://drive.google.com/file/d/1q1VI3vtm0M1pCtZ9AMy8vNq49AuklYRc/view?usp%3Dsharing&followup=https://drive.google.com/file/d/1q1VI3vtm0M1pCtZ9AMy8vNq49AuklYRc/view?usp%3Dsharing&ec=GAZAGQ
2019,,Result TE (EXTC Engg. R-2012)_Sem-VI_CBSGS_May-2019,https://accounts.google.com/ServiceLogin?service=wise&passive=1209600&osid=1&continue=https://drive.google.com/file/d/1gFczt5UHcTVguuTmLIk3AnQ2WJgimUJe/view?usp%3Dsharing&followup=https://drive.google.com/file/d/1gFczt5UHcTVguuTmLIk3AnQ2WJgimUJe/view?usp%3Dsharing&ec=GAZAGQ
2019,,Result TE (EXTC Engg. R-2016)_Sem-VI_Choice Based_May-2019,https://accounts.google.com/ServiceLogin?service=wise&passive=1209600&osid=1&continue=https://drive.google.com/file/d/1G1V8xhVrtZ9y-fTtGk6DuWiYdXDkAJM6/view?usp%3Dsharing&followup=https://drive.google.com/file/d/1G1V8xhVrtZ9y-fTtGk6DuWiYdXDkAJM6/view?usp%3Dsharing&ec=GAZAGQ
2019,,Result TE (EXTC Engg. R-2012)_Sem-V_CBSGS_May-2019,https://accounts.google.com/ServiceLogin?service=wise&passive=1209600&osid=1&continue=https://drive.google.com/file/d/1JPZUNYW85WRpEt03WRCisQCFI6yVlA5l/view?usp%3Dsharing&followup=https://drive.google.com/file/d/1JPZUNYW85WRpEt03WRCisQCFI6yVlA5l/view?usp%3Dsharing&ec=GAZAGQ
2019,,Result TE (EXTC Engg. R-2016)_Sem-V_Choice Based_May-2019,https://accounts.google.com/ServiceLogin?service=wise&passive=1209600&osid=1&continue=https://drive.google.com/file/d/1Etoz9FjGMcFJlsrADs5OBQekfEczuYEu/view?usp%3Dsharing&followup=https://drive.google.com/file/d/1Etoz9FjGMcFJlsrADs5OBQekfEczuYEu/view?usp%3Dsharing&ec=GAZAGQ
2019,,Result SE (EXTC Engg. R-2012)_Sem-IV_CBSGS_May-2019,https://accounts.google.com/ServiceLogin?service=wise&passive=1209600&osid=1&continue=https://drive.google.com/file/d/1DtcJQH3dQZRVZnSpfTMwYiIE5SPnGdnG/view?usp%3Dsharing&followup=https://drive.google.com/file/d/1DtcJQH3dQZRVZnSpfTMwYiIE5SPnGdnG/view?usp%3Dsharing&ec=GAZAGQ
2019,,Result SE (EXTC Engg. R-2016)_Sem-IV_Choice Based_May-2019,https://accounts.google.com/ServiceLogin?service=wise&passive=1209600&osid=1&continue=https://drive.google.com/file/d/1Q-6tWgmAvn6dOJ6Q3GL0hmwH6N8LjD4X/view?usp%3Dsharing&followup=https://drive.google.com/file/d/1Q-6tWgmAvn6dOJ6Q3GL0hmwH6N8LjD4X/view?usp%3Dsharing&ec=GAZAGQ
2019,,Result SE (EXTC Engg. R-2016)_Sem-III_Choice Based_May-2019,https://accounts.google.com/ServiceLogin?service=wise&passive=1209600&osid=1&continue=https://drive.google.com/file/d/17qu_JnVXoama2C-L0ti9ETlLYueZHMWt/view?usp%3Dsharing&followup=https://drive.google.com/file/d/17qu_JnVXoama2C-L0ti9ETlLYueZHMWt/view?usp%3Dsharing&ec=GAZAGQ
2019,2019-07-21,Result FE (R-2012)_Sem-II_CBGS_May-2019,https://accounts.google.com/ServiceLogin?service=wise&passive=1209600&osid=1&continue=https://drive.google.com/file/d/1GBOgSeE-xAiNgWvv7ZFbx12gd7HXubGG/view?usp%3Dsharing&followup=https://drive.google.com/file/d/1GBOgSeE-xAiNgWvv7ZFbx12gd7HXubGG/view?usp%3Dsharing&ec=GAZAGQ
2019,2019-07-20,Revaluation Result FE (R-2016)_Sem-II_Choice Base_Dec-2018,https://accounts.google.com/ServiceLogin?service=wise&passive=1209600&osid=1&continue=https://drive.google.com/file/d/1COLSxAcCVYYBvQny3wqQqX_QHFh0Ghzo/view?usp%3Dsharing&followup=https://drive.google.com/file/d/1COLSxAcCVYYBvQny3wqQqX_QHFh0Ghzo/view?usp%3Dsharing&ec=GAZAGQ
2019,,Revaluation Result FE (R-2016)_Sem-I_Choice Base_Dec-2018,https://accounts.google.com/ServiceLogin?service=wise&passive=1209600&osid=1&continue=https://drive.google.com/file/d/12jOyLaLbMJj4XdY50_2UKHxQtS1KRZx5/view?usp%3Dsharing&followup=https://drive.google.com/file/d/12jOyLaLbMJj4XdY50_2UKHxQtS1KRZx5/view?usp%3Dsharing&ec=GAZAGQ
2019,2019-07-18,Revaluation Result FE (R-2012)_Sem-II_CBGS_Dec-2018,https://accounts.google.com/ServiceLogin?service=wise&passive=1209600&osid=1&continue=https://drive.google.com/file/d/1uLnkd-_hMJRbB8r-5JxdLneLKOH_0Zgz/view?usp%3Dsharing&followup=https://drive.google.com/file/d/1uLnkd-_hMJRbB8r-5JxdLneLKOH_0Zgz/view?usp%3Dsharing&ec=GAZAGQ
2019,,Revaluation Result FE (R-2012)_Sem-I_CBGS_Dec-2018,https://accounts.google.com/ServiceLogin?service=wise&passive=1209600&osid=1&continue=https://drive.google.com/file/d/1iPnK4PKmzW-jWtELVueYxjjsUz-Ma6u6/view?usp%3Dsharing&followup=https://drive.google.com/file/d/1iPnK4PKmzW-jWtELVueYxjjsUz-Ma6u6/view?usp%3Dsharing&ec=GAZAGQ
2019,2019-07-17,Result FE (R-2016)_Sem-II_Choice Base_May-2019,https://accounts.google.com/ServiceLogin?service=wise&passive=1209600&osid=1&continue=https://drive.google.com/file/d/1mAV-5JnSxVcR6_D9zJLv1H2p3RXLZwXu/view?usp%3Dsharing&followup=https://drive.google.com/file/d/1mAV-5JnSxVcR6_D9zJLv1H2p3RXLZwXu/view?usp%3Dsharing&ec=GAZAGQ
2019,2019-07-15,Result TE (Computer Engg. R-2012)_Sem-VI_CBGS_May-2019,https://accounts.google.com/ServiceLogin?service=wise&passive=1209600&osid=1&continue=https://drive.google.com/file/d/1iT7Xul94V5zSVBPPIfPNGp8vtKxbAMWR/view?usp%3Dsharing&followup=https://drive.google.com/file/d/1iT7Xul94V5zSVBPPIfPNGp8vtKxbAMWR/view?usp%3Dsharing&ec=GAZAGQ
2019,,Result TE (Computer Engg. R-2016)_Sem-VI_Choice Base_May-2019,https://accounts.google.com/ServiceLogin?service=wise&passive=1209600&osid=1&continue=https://drive.google.com/file/d/1Ttvob6oTJerkgG-iLDYMWz7Lg08HUkNc/view?usp%3Dsharing&followup=https://drive.google.com/file/d/1Ttvob6oTJerkgG-iLDYMWz7Lg08HUkNc/view?usp%3Dsharing&ec=GAZAGQ
2019,,Result TE (Computer Engg. R-2012)_Sem-V_CBGS_May-2019,https://accounts.google.com/ServiceLogin?service=wise&passive=1209600&osid=1&continue=https://drive.google.com/file/d/188ZcEiyPZlnf7T8WfPx9ifO2ZvrxljpY/view?usp%3Dsharing&followup=https://drive.google.com/file/d/188ZcEiyPZlnf7T8WfPx9ifO2ZvrxljpY/view?usp%3Dsharing&ec=GAZAGQ
2019,,Result TE (Computer Engg. R-2016)_Sem-V_Choice Base_May-2019,https://accounts.google.com/ServiceLogin?service=wise&passive=1209600&osid=1&continue=https://drive.google.com/file/d/1HAQg-Xph9OF4_iJAke7io1RB1Xn0jx9h/view?usp%3Dsharing&followup=https://drive.google.com/file/d/1HAQg-Xph9OF4_iJAke7io1RB1Xn0jx9h/view?usp%3Dsharing&ec=GAZAGQ
2019,,Result SE (Computer Engg. R-2012)_Sem-IV_CBGS_May-2019,https://accounts.google.com/ServiceLogin?service=wise&passive=1209600&osid=1&continue=https://drive.google.com/file/d/1tHblG1u6AIrz_tk8z3IubjKvyRUZW87L/view?usp%3Dsharing&followup=https://drive.google.com/file/d/1tHblG1u6AIrz_tk8z3IubjKvyRUZW87L/view?usp%3Dsharing&ec=GAZAGQ
2019,,Result SE (Computer Engg. R-2016)_Sem-IV_Choice Base_May-2019,https://accounts.google.com/ServiceLogin?service=wise&passive=1209600&osid=1&continue=https://drive.google.com/file/d/10CfOotTHnUCny6SlAsvjNIqsjIJv5g_B/view?usp%3Dsharing&followup=https://drive.google.com/file/d/10CfOotTHnUCny6SlAsvjNIqsjIJv5g_B/view?usp%3Dsharing&ec=GAZAGQ
2019,,Result SE (Computer Engg. R-2012)_Sem-III_CBGS_May-2019,https://accounts.google.com/ServiceLogin?service=wise&passive=1209600&osid=1&continue=https://drive.google.com/file/d/1vkzxjdjJlYEoK3hVsrwYYl_1AsqxW4eE/view?usp%3Dsharing&followup=https://drive.google.com/file/d/1vkzxjdjJlYEoK3hVsrwYYl_1AsqxW4eE/view?usp%3Dsharing&ec=GAZAGQ
2019,,Result SE (Computer Engg. R-2016)_Sem-III_Choice Base_May-2019,https://accounts.google.com/ServiceLogin?service=wise&passive=1209600&osid=1&continue=https://drive.google.com/file/d/1o6-8Nqf22xgtzIFudzNZqvz7o9GWLC0Q/view?usp%3Dsharing&followup=https://drive.google.com/file/d/1o6-8Nqf22xgtzIFudzNZqvz7o9GWLC0Q/view?usp%3Dsharing&ec=GAZAGQ
2019,2019-07-14,Result FE (R-2016)_Sem-I_Choice Base May-2019,https://accounts.google.com/ServiceLogin?service=wise&passive=1209600&osid=1&continue=https://drive.google.com/file/d/1ULGP0tgOqR_aMyTJYhHBmGenXQ5C76vS/view?usp%3Dsharing&followup=https://drive.google.com/file/d/1ULGP0tgOqR_aMyTJYhHBmGenXQ5C76vS/view?usp%3Dsharing&ec=GAZAGQ
2019,2019-07-11,Result BE (Civil Engg. R-2012)_Sem-VIII_CBGS_May-2019,https://accounts.google.com/ServiceLogin?service=wise&passive=1209600&osid=1&continue=https://drive.google.com/file/d/1XL7Dfdwjja8F9vO2Kt0tInuhZH39Ll0G/view?usp%3Dsharing&followup=https://drive.google.com/file/d/1XL7Dfdwjja8F9vO2Kt0tInuhZH39Ll0G/view?usp%3Dsharing&ec=GAZAGQ
2019,2019-07-09,Result FE ( R-2012)_Sem-I_CBGS_May-2019,https://accounts.google.com/ServiceLogin?service=wise&passive=1209600&osid=1&continue=https://drive.google.com/file/d/1AhdXN0jIsuWfo4gExk15YpME5nUIXC4N/view?usp%3Dsharing&followup=https://drive.google.com/file/d/1AhdXN0jIsuWfo4gExk15YpME5nUIXC4N/view?usp%3Dsharing&ec=GAZAGQ
2019,,Result BE (ExTC Engg. R-2012)_Sem-VIII_CBGS_May-2019,https://accounts.google.com/ServiceLogin?service=wise&passive=1209600&osid=1&continue=https://drive.google.com/file/d/1KFRQMoz4EsAFz6CPZB2ELuoDVDKaCNmw/view?usp%3Dsharing&followup=https://drive.google.com/file/d/1KFRQMoz4EsAFz6CPZB2ELuoDVDKaCNmw/view?usp%3Dsharing&ec=GAZAGQ
2019,,Result BE (Electrical Engg. R-2012)_Sem-VIII_CBGS_May-2019,https://accounts.google.com/ServiceLogin?service=wise&passive=1209600&osid=1&continue=https://drive.google.com/file/d/1LwAPzIfAHwEMXFw3lHfYn9CcbpH8ClX5/view?usp%3Dsharing&followup=https://drive.google.com/file/d/1LwAPzIfAHwEMXFw3lHfYn9CcbpH8ClX5/view?usp%3Dsharing&ec=GAZAGQ
2019,,Result BE (Computer Engg. R-2012)_Sem-VIII_CBGS_May-2019,https://accounts.google.com/ServiceLogin?service=wise&passive=1209600&osid=1&continue=https://drive.google.com/file/d/1N7chmRJXHj-Xc5qfC9KVBRzBfS_jUaCa/view?usp%3Dsharing&followup=https://drive.google.com/file/d/1N7chmRJXHj-Xc5qfC9KVBRzBfS_jUaCa/view?usp%3Dsharing&ec=GAZAGQ
2019,,Result BE (Mechanical Engg. R-2012)_Sem-VII_CBGS_May-2019,https://accounts.google.com/ServiceLogin?service=wise&passive=1209600&osid=1&continue=https://drive.google.com/file/d/19MeNNmA3-ImChPBeV3tN9X5Eo-RYReTj/view?usp%3Dsharing&followup=https://drive.google.com/file/d/19MeNNmA3-ImChPBeV3tN9X5Eo-RYReTj/view?usp%3Dsharing&ec=GAZAGQ
2019,,Result BE (ExTC Engg. R-2012)_Sem-VII_CBGS_May-2019,https://accounts.google.com/ServiceLogin?service=wise&passive=1209600&osid=1&continue=https://drive.google.com/file/d/1zzua8GoGzxOyzl7ItYkTGjiOQ7uF5k7o/view?usp%3Dsharing&followup=https://drive.google.com/file/d/1zzua8GoGzxOyzl7ItYkTGjiOQ7uF5k7o/view?usp%3Dsharing&ec=GAZAGQ
2019,,Result BE (Civil Engg. R-2012)_Sem-VII_CBGS_May-2019,https://accounts.google.com/ServiceLogin?service=wise&passive=1209600&osid=1&continue=https://drive.google.com/file/d/1WKAa1j2sGvFzDuatJrGouy2bBpl7Sfvf/view?usp%3Dsharing&followup=https://drive.google.com/file/d/1WKAa1j2sGvFzDuatJrGouy2bBpl7Sfvf/view?usp%3Dsharing&ec=GAZAGQ
2019,2019-07-04,Result BE (Electrical Engg. R-2012)_Sem-VII_CBGS_May-2019,https://accounts.google.com/ServiceLogin?service=wise&passive=1209600&osid=1&continue=https://drive.google.com/file/d/1GYb9XKIz5IBhEUMgxtBEJRUTBkqX7zWv/view?usp%3Dsharing&followup=https://drive.google.com/file/d/1GYb9XKIz5IBhEUMgxtBEJRUTBkqX7zWv/view?usp%3Dsharing&ec=GAZAGQ
2019,,Result BE (Computer Engg. R-2012)_Sem-VII_CBGS_May-2019,https://accounts.google.com/ServiceLogin?service=wise&passive=1209600&osid=1&continue=https://drive.google.com/file/d/1_wVNouLGSyaaAAbNeG958OZ1HBisiNZc/view?usp%3Dsharing&followup=https://drive.google.com/file/d/1_wVNouLGSyaaAAbNeG958OZ1HBisiNZc/view?usp%3Dsharing&ec=GAZAGQ
2019,2019-06-28,Revaluation Result BE (Computer Engg. R-2012)_Sem-VII_CBGS,https://accounts.google.com/ServiceLogin?service=wise&passive=1209600&osid=1&continue=https://drive.google.com/file/d/1KMUIv1pHkuxXxPgTRK9uYhoV4w0Y2d_z/view?usp%3Dsharing&followup=https://drive.google.com/file/d/1KMUIv1pHkuxXxPgTRK9uYhoV4w0Y2d_z/view?usp%3Dsharing&ec=GAZAGQ
2019,,Revaluation Result BE (Mechanical Engg. R-2012)_Sem-VII_CBGS,https://accounts.google.com/ServiceLogin?service=wise&passive=1209600&osid=1&continue=https://drive.google.com/file/d/1HJj7P_t1Ca8sp6cbHAy0oIHckZQPe20I/view?usp%3Dsharing&followup=https://drive.google.com/file/d/1HJj7P_t1Ca8sp6cbHAy0oIHckZQPe20I/view?usp%3Dsharing&ec=GAZAGQ
2019,,Revaluation Result BE (ExTC Engg. R-2012)_Sem-VII_CBGS,https://accounts.google.com/ServiceLogin?service=wise&passive=1209600&osid=1&continue=https://drive.google.com/file/d/1kxPRivTgle3lKlFQw5LhoYiOeHhiMD4x/view?usp%3Dsharing&followup=https://drive.google.com/file/d/1kxPRivTgle3lKlFQw5LhoYiOeHhiMD4x/view?usp%3Dsharing&ec=GAZAGQ
2019,,Revaluation Result BE (Electrical Engg. R-2012)_Sem-VII_CBGS,https://accounts.google.com/ServiceLogin?service=wise&passive=1209600&osid=1&continue=https://drive.google.com/file/d/1pem1rIDeLxSR60xfCBbT8_YLrPzMFFjW/view?usp%3Dsharing&followup=https://drive.google.com/file/d/1pem1rIDeLxSR60xfCBbT8_YLrPzMFFjW/view?usp%3Dsharing&ec=GAZAGQ
2019,,Revaluation Result BE (Civil Engg. R-2012)_Sem-VII_CBGS,https://accounts.google.com/ServiceLogin?service=wise&passive=1209600&osid=1&continue=https://drive.google.com/file/d/1qtCIa6CX-GmgCYNyY9JsOHcQwAsg1SnE/view?usp%3Dsharing&followup=https://drive.google.com/file/d/1qtCIa6CX-GmgCYNyY9JsOHcQwAsg1SnE/view?usp%3Dsharing&ec=GAZAGQ
2019,2019-04-21,Revaluation Result SE (Mechanical Engg. R-2016)_Sem-IV_Choice Base,https://accounts.google.com/ServiceLogin?service=wise&passive=1209600&osid=1&continue=https://drive.google.com/file/d/13LnfmYx7gYUpKzw-zAnCGgRTdPIyNUxy/view?usp%3Dsharing&followup=https://drive.google.com/file/d/13LnfmYx7gYUpKzw-zAnCGgRTdPIyNUxy/view?usp%3Dsharing&ec=GAZAGQ
2019,2019-04-20,Revaluation Result TE (Mechanical Engg. R-2016)_Sem-V_Choice Base,https://accounts.google.com/ServiceLogin?service=wise&passive=1209600&osid=1&continue=https://drive.google.com/file/d/1E9Lm851OftBA3ax6BtRTqpf6tBfvdiAU/view?usp%3Dsharing&followup=https://drive.google.com/file/d/1E9Lm851OftBA3ax6BtRTqpf6tBfvdiAU/view?usp%3Dsharing&ec=GAZAGQ
2019,2019-04-18,Revaluation Result TE (Computer Engg. R-2016)_Sem-V_Choice Base,https://accounts.google.com/ServiceLogin?service=wise&passive=1209600&osid=1&continue=https://drive.google.com/file/d/1f8xF2n4cfrDf7aXALTIksFOw_4EErXpt/view?usp%3Dsharing&followup=https://drive.google.com/file/d/1f8xF2n4cfrDf7aXALTIksFOw_4EErXpt/view?usp%3Dsharing&ec=GAZAGQ
2019,2019-04-16,Revaluation Result TE (Mechanical Engg. R-2012)_Sem-VI_CBGS,https://accounts.google.com/ServiceLogin?service=wise&passive=1209600&osid=1&continue=https://drive.google.com/file/d/1z3LWP4KIi_yFtMy_97zeL8B2DVQHfmou/view?usp%3Dsharing&followup=https://drive.google.com/file/d/1z3LWP4KIi_yFtMy_97zeL8B2DVQHfmou/view?usp%3Dsharing&ec=GAZAGQ
2019,,Revaluation Result TE (Civil Engg. R-2012)_Sem-VI_CBGS,https://accounts.google.com/ServiceLogin?service=wise&passive=1209600&osid=1&continue=https://drive.google.com/file/d/1mNHRNExP79F6lo3ebBQI4seBvgGUuhOc/view?usp%3Dsharing&followup=https://drive.google.com/file/d/1mNHRNExP79F6lo3ebBQI4seBvgGUuhOc/view?usp%3Dsharing&ec=GAZAGQ
2019,2019-04-11,Result FE_RR (R-2016)_Sem-I_Choice Base,https://accounts.google.com/ServiceLogin?service=wise&passive=1209600&osid=1&continue=https://drive.google.com/file/d/1eyfx9nquKGosRJ2p_lf1WErga7QeZCM9/view?usp%3Dsharing&followup=https://drive.google.com/file/d/1eyfx9nquKGosRJ2p_lf1WErga7QeZCM9/view?usp%3Dsharing&ec=GAZAGQ
2019,,Result SE (Civil Engg._R-2016)_Sem-IV_Choice Base,https://accounts.google.com/ServiceLogin?service=wise&passive=1209600&osid=1&continue=https://drive.google.com/file/d/11VlEH1VLAnqMSzf8FVSDkgkkIA8vWd_J/view?usp%3Dsharing&followup=https://drive.google.com/file/d/11VlEH1VLAnqMSzf8FVSDkgkkIA8vWd_J/view?usp%3Dsharing&ec=GAZAGQ
2019,,Revaluation Result TE (Civil Engg. R-2012)_Sem-VI_CBGS,https://accounts.google.com/ServiceLogin?service=wise&passive=1209600&osid=1&continue=https://drive.google.com/file/d/1K-DpFFIAivuMw8prKqD7qeFYxDy9cigt/view?usp%3Dsharing&followup=https://drive.google.com/file/d/1K-DpFFIAivuMw8prKqD7qeFYxDy9cigt/view?usp%3Dsharing&ec=GAZAGQ
2019,,Revaluation Result TE (Civil Engg. R-2012)_Sem-V_CBGS,https://accounts.google.com/ServiceLogin?service=wise&passive=1209600&osid=1&continue=https://drive.google.com/file/d/1ZsayCcQeQ8ld_ykgarr3IEUFr0KkYVxn/view?usp%3Dsharing&followup=https://drive.google.com/file/d/1ZsayCcQeQ8ld_ykgarr3IEUFr0KkYVxn/view?usp%3Dsharing&ec=GAZAGQ
2019,,Revaluation Result SE (Civil Engg. R-2012)_Sem-IV_CBGS,https://accounts.google.com/ServiceLogin?service=wise&passive=1209600&osid=1&continue=https://drive.google.com/file/d/1N_9s5QED14cKQR0r0rcw3W_9pW18evht/view?usp%3Dsharing&followup=https://drive.google.com/file/d/1N_9s5QED14cKQR0r0rcw3W_9pW18evht/view?usp%3Dsharing&ec=GAZAGQ
2019,,Revaluation Result SE (Civil Engg. R-2012)_Sem-III_CBGS,https://accounts.google.com/ServiceLogin?service=wise&passive=1209600&osid=1&continue=https://drive.google.com/file/d/1YKHM-rPRXjb5t8yslNoAl13vHARCeyGu/view?usp%3Dsharing&followup=https://drive.google.com/file/d/1YKHM-rPRXjb5t8yslNoAl13vHARCeyGu/view?usp%3Dsharing&ec=GAZAGQ
2019,2019-04-03,Result BE_RR (Civil Engg. R-2012)_Sem-VII_CBGS,https://accounts.google.com/ServiceLogin?service=wise&passive=1209600&osid=1&continue=https://drive.google.com/file/d/1hrKEXPZFLRub9kEZndnJsodFKMSO0vfi/view?usp%3Dsharing&followup=https://drive.google.com/file/d/1hrKEXPZFLRub9kEZndnJsodFKMSO0vfi/view?usp%3Dsharing&ec=GAZAGQ
2019,,Revaluation Result SE (Computer Engg. R-2016)_Sem-III_Choice Base,https://accounts.google.com/ServiceLogin?service=wise&passive=1209600&osid=1&continue=https://drive.google.com/file/d/1phByEUmT4SCaqBtiBwQD8JpVwqdPebFr/view?usp%3Dsharing&followup=https://drive.google.com/file/d/1phByEUmT4SCaqBtiBwQD8JpVwqdPebFr/view?usp%3Dsharing&ec=GAZAGQ
2019,2019-04-02,Revaluation Result TE (Electrical Engg. R-2012)_Sem-VI_CBGS,https://accounts.google.com/ServiceLogin?service=wise&passive=1209600&osid=1&continue=https://drive.google.com/file/d/1xqNnAotp8JPCuEQOVfmbKh2E3EcVx2h_/view?usp%3Dsharing&followup=https://drive.google.com/file/d/1xqNnAotp8JPCuEQOVfmbKh2E3EcVx2h_/view?usp%3Dsharing&ec=GAZAGQ
2019,,Result FE (R-2012)_Sem-I-CBGS_Dec-2018,https://accounts.google.com/ServiceLogin?service=wise&passive=1209600&osid=1&continue=https://drive.google.com/file/d/1pasfKF87dwaJwsrKXccOtw89tdzF65zc/view?usp%3Dsharing&followup=https://drive.google.com/file/d/1pasfKF87dwaJwsrKXccOtw89tdzF65zc/view?usp%3Dsharing&ec=GAZAGQ
2019,2019-04-01,Revaluation Result TE (Mechanical Engg. R-2012)_Sem-V_CBGS,https://accounts.google.com/ServiceLogin?service=wise&passive=1209600&osid=1&continue=https://drive.google.com/file/d/17dNlq9tCJ3semAb8A4k7iAO2GDhY9daj/view?usp%3Dsharing&followup=https://drive.google.com/file/d/17dNlq9tCJ3semAb8A4k7iAO2GDhY9daj/view?usp%3Dsharing&ec=GAZAGQ
2019,2019-03-31,Revaluation Result TE (ExTC Engg. R-2016)_Sem-V_Choice Base,https://accounts.google.com/ServiceLogin?service=wise&passive=1209600&osid=1&continue=https://drive.google.com/file/d/1hx2MxbnTpceSrMqExY4WJwL05-WgHQip/view?usp%3Dsharing&followup=https://drive.google.com/file/d/1hx2MxbnTpceSrMqExY4WJwL05-WgHQip/view?usp%3Dsharing&ec=GAZAGQ
2019,,Revaluation Result SE (ExTC Engg. R-2016)_Sem-III_Choice Base,https://accounts.google.com/ServiceLogin?service=wise&passive=1209600&osid=1&continue=https://drive.google.com/file/d/1KoxT5LYgVoZUxxF1OPhrlh6RToSi2spx/view?usp%3Dsharing&followup=https://drive.google.com/file/d/1KoxT5LYgVoZUxxF1OPhrlh6RToSi2spx/view?usp%3Dsharing&ec=GAZAGQ
2019,,Revaluation Result TE (ExTC Engg. R-2012)_Sem-VI_CBGS,https://accounts.google.com/ServiceLogin?service=wise&passive=1209600&osid=1&continue=https://drive.google.com/file/d/1iYtAsc98Vo1wNIcTrYUYZeFQxYAbtm99/view?usp%3Dsharing&followup=https://drive.google.com/file/d/1iYtAsc98Vo1wNIcTrYUYZeFQxYAbtm99/view?usp%3Dsharing&ec=GAZAGQ
2019,2019-03-27,Revaluation Result SE (Mechanical Engg. R-2012)_Sem-IV_CBGS,https://accounts.google.com/ServiceLogin?service=wise&passive=1209600&osid=1&continue=https://drive.google.com/file/d/1eoVltHJoI8rHbUPPTMaCiTlwJINrd5xV/view?usp%3Dsharing&followup=https://drive.google.com/file/d/1eoVltHJoI8rHbUPPTMaCiTlwJINrd5xV/view?usp%3Dsharing&ec=GAZAGQ
2019,,Revaluation Result SE (Electrical Engg. R-2016)_Sem-V_Choice Base,https://accounts.google.com/ServiceLogin?service=wise&passive=1209600&osid=1&continue=https://drive.google.com/file/d/1GiR9uZ-tyGUqkTTZfUx0gJSmjdwr4Rbl/view?usp%3Dsharing&followup=https://drive.google.com/file/d/1GiR9uZ-tyGUqkTTZfUx0gJSmjdwr4Rbl/view?usp%3Dsharing&ec=GAZAGQ
2019,,Revaluation Result SE (Electrical Engg. R-2016)_Sem-IV_Choice Base,https://accounts.google.com/ServiceLogin?service=wise&passive=1209600&osid=1&continue=https://drive.google.com/file/d/1R3MqhH-xNELmUZxduAqqFxnanrE2krCy/view?usp%3Dsharing&followup=https://drive.google.com/file/d/1R3MqhH-xNELmUZxduAqqFxnanrE2krCy/view?usp%3Dsharing&ec=GAZAGQ
2019,,Revaluation Result SE (Electrical Engg. R-2016)_Sem-III_Choice Base,https://accounts.google.com/ServiceLogin?service=wise&passive=1209600&osid=1&continue=https://drive.google.com/file/d/19_6a2WysYae0etpXeZ0zxSYvJKLae41O/view?usp%3Dsharing&followup=https://drive.google.com/file/d/19_6a2WysYae0etpXeZ0zxSYvJKLae41O/view?usp%3Dsharing&ec=GAZAGQ
2019,,Revaluation Result SE (ExTC Engg. R-2016)_Sem-IV_Choice Base,https://accounts.google.com/ServiceLogin?service=wise&passive=1209600&osid=1&continue=https://drive.google.com/file/d/1MPuOlkG1SU9BlIK0KT9FNY_BhONm0j0_/view?usp%3Dsharing&followup=https://drive.google.com/file/d/1MPuOlkG1SU9BlIK0KT9FNY_BhONm0j0_/view?usp%3Dsharing&ec=GAZAGQ
2019,,Revaluation Result SE (ExTC Engg. R-2012)_Sem-IV_CBGS,https://accounts.google.com/ServiceLogin?service=wise&passive=1209600&osid=1&continue=https://drive.google.com/file/d/1xntrDXZ_UBPOIZr1hPZ1j2TF77R49Ugs/view?usp%3Dsharing&followup=https://drive.google.com/file/d/1xntrDXZ_UBPOIZr1hPZ1j2TF77R49Ugs/view?usp%3Dsharing&ec=GAZAGQ
2019,,Revaluation Result SE (ExTC Engg. R-2012)_Sem-III_CBGS,https://accounts.google.com/ServiceLogin?service=wise&passive=1209600&osid=1&continue=https://drive.google.com/file/d/1DTSkCfIwhhgsiREApeSCfu7c5NE97EBX/view?usp%3Dsharing&followup=https://drive.google.com/file/d/1DTSkCfIwhhgsiREApeSCfu7c5NE97EBX/view?usp%3Dsharing&ec=GAZAGQ
2019,,Revaluation Result SE (Computer Engg. R-2016)_Sem-IV_Choice Base,https://accounts.google.com/ServiceLogin?service=wise&passive=1209600&osid=1&continue=https://drive.google.com/file/d/19QfRqkXXNU0cO9aiiQzWYCwPsUFQrGVp/view?usp%3Dsharing&followup=https://drive.google.com/file/d/19QfRqkXXNU0cO9aiiQzWYCwPsUFQrGVp/view?usp%3Dsharing&ec=GAZAGQ
2019,2019-03-25,Result TE (Computer Engg. R-2016)_Sem-V_Choice Base,https://accounts.google.com/ServiceLogin?service=wise&passive=1209600&osid=1&continue=https://drive.google.com/file/d/1RjV3pPCO0cr8wossWzjXjssWkbhZ9koG/view?usp%3Dsharing&followup=https://drive.google.com/file/d/1RjV3pPCO0cr8wossWzjXjssWkbhZ9koG/view?usp%3Dsharing&ec=GAZAGQ
2019,,Result TE (Mechanical Engg. R-2016)_Sem-V_Choice Base,https://accounts.google.com/ServiceLogin?service=wise&passive=1209600&osid=1&continue=https://drive.google.com/file/d/1cO8UBVgrKIY8-PGpbnzi7t6pV1raVfWv/view?usp%3Dsharing&followup=https://drive.google.com/file/d/1cO8UBVgrKIY8-PGpbnzi7t6pV1raVfWv/view?usp%3Dsharing&ec=GAZAGQ
2019,2019-03-23,Revaluation Result SE (Computer Engg. R-2012)_Sem-III_CBGS,https://accounts.google.com/ServiceLogin?service=wise&passive=1209600&osid=1&continue=https://drive.google.com/file/d/1NXKvyL1rdgv1ycLUuBEODFtzRb8M5Yt6/view?usp%3Dsharing&followup=https://drive.google.com/file/d/1NXKvyL1rdgv1ycLUuBEODFtzRb8M5Yt6/view?usp%3Dsharing&ec=GAZAGQ
2019,2019-03-18,Revaluation Result TE (Computer Engg. R-2012)_Sem-VI_CBGS,https://accounts.google.com/ServiceLogin?service=wise&passive=1209600&osid=1&continue=https://drive.google.com/file/d/1gsug4GOzVIbQn5T7xXBwW5dbxf2lD2I-/view?usp%3Dsharing&followup=https://drive.google.com/file/d/1gsug4GOzVIbQn5T7xXBwW5dbxf2lD2I-/view?usp%3Dsharing&ec=GAZAGQ
2019,,Revaluation Result SE (Computer Engg. R-2016)_Sem-IV_Choice Base,https://drive.google.com/file/d/1gRmHTVjUeYdjtaaoycYwobYYAK3aIUK-/view?usp=sharing
2019,,Revaluation Result SE (Computer Engg. R-2012)_Sem-IV_CBGS,https://accounts.google.com/ServiceLogin?service=wise&passive=1209600&osid=1&continue=https://drive.google.com/file/d/1LT7Q6nYdx6UknHxzDPLmUgEzugeqPK9c/view?usp%3Dsharing&followup=https://drive.google.com/file/d/1LT7Q6nYdx6UknHxzDPLmUgEzugeqPK9c/view?usp%3Dsharing&ec=GAZAGQ
2019,,Revaluation Result SE (Electrical Engg. R-2012)_Sem-IV_CBGS,https://accounts.google.com/ServiceLogin?service=wise&passive=1209600&osid=1&continue=https://drive.google.com/file/d/119R7LJEFMvwfFypCcCi5Nsoc6G-_y4ef/view?usp%3Dsharing&followup=https://drive.google.com/file/d/119R7LJEFMvwfFypCcCi5Nsoc6G-_y4ef/view?usp%3Dsharing&ec=GAZAGQ
2019,2019-03-11,Result FE (R-2016)_Sem-I_Choice Base,https://accounts.google.com/ServiceLogin?service=wise&passive=1209600&osid=1&continue=https://drive.google.com/file/d/1WW6rGiHCTOBx6wT-Ozv9Ofm5V6OmatJT/view?usp%3Dsharing&followup=https://drive.google.com/file/d/1WW6rGiHCTOBx6wT-Ozv9Ofm5V6OmatJT/view?usp%3Dsharing&ec=GAZAGQ
2019,2019-03-06,Result BE (ExTC Engg.-R-2012)_Sem-VII_CBGS,https://accounts.google.com/ServiceLogin?service=wise&passive=1209600&osid=1&continue=https://drive.google.com/file/d/1mSWWT5jP-wvxoHuQ5UOpGcu7rbK9ZRMI/view?usp%3Dsharing&followup=https://drive.google.com/file/d/1mSWWT5jP-wvxoHuQ5UOpGcu7rbK9ZRMI/view?usp%3Dsharing&ec=GAZAGQ
2019,,Result BE (Electrical Engg.-R-2012)_Sem-VII_CBGS,https://accounts.google.com/ServiceLogin?service=wise&passive=1209600&osid=1&continue=https://drive.google.com/file/d/1azSJyHgb2a_SeNAxJPAKFRbr8wxRFMvm/view?usp%3Dsharing&followup=https://drive.google.com/file/d/1azSJyHgb2a_SeNAxJPAKFRbr8wxRFMvm/view?usp%3Dsharing&ec=GAZAGQ
2019,2019-03-05,Result BE (Mechanical Engg.-R-2012)_Sem-VII_CBGS,https://accounts.google.com/ServiceLogin?service=wise&passive=1209600&osid=1&continue=https://drive.google.com/file/d/1RUYjG3elCIwn2PJS6nPp4blXc0OG59i0/view?usp%3Dsharing&followup=https://drive.google.com/file/d/1RUYjG3elCIwn2PJS6nPp4blXc0OG59i0/view?usp%3Dsharing&ec=GAZAGQ
2019,2019-02-26,Result TE (Civil Engg._R-2012)_Sem-VI_CBSGS,https://accounts.google.com/ServiceLogin?service=wise&passive=1209600&osid=1&continue=https://drive.google.com/file/d/1IVOdJtSXz_GCBH_jpUceyFUrV2Xy2JMp/view?usp%3Dsharing&followup=https://drive.google.com/file/d/1IVOdJtSXz_GCBH_jpUceyFUrV2Xy2JMp/view?usp%3Dsharing&ec=GAZAGQ
2019,,Result TE (Civil Engg._R-2016)_Sem-V_Choice based,https://accounts.google.com/ServiceLogin?service=wise&passive=1209600&osid=1&continue=https://drive.google.com/file/d/1ON08_2QYLDwcj_kAuSc9fSUGf9dhbjxZ/view?usp%3Dsharing&followup=https://drive.google.com/file/d/1ON08_2QYLDwcj_kAuSc9fSUGf9dhbjxZ/view?usp%3Dsharing&ec=GAZAGQ
2018,2018-12-17,Revaluation Result FE (R-2016)_Sem-II-Choice Base May-2018,https://accounts.google.com/ServiceLogin?service=wise&passive=1209600&osid=1&continue=https://drive.google.com/file/d/1ut8xW4qTxhwTfPSiydexxOXHc2pnxItB/view?usp%3Dsharing&followup=https://drive.google.com/file/d/1ut8xW4qTxhwTfPSiydexxOXHc2pnxItB/view?usp%3Dsharing&ec=GAZAGQ
2018,,Revaluation Result FE (R-2012)_Sem-II-CBGS May-2018,https://accounts.google.com/ServiceLogin?service=wise&passive=1209600&osid=1&continue=https://drive.google.com/file/d/1OPRBuwqmCfb1yAQ5EmRigQYx-CU6jDbi/view?usp%3Dsharing&followup=https://drive.google.com/file/d/1OPRBuwqmCfb1yAQ5EmRigQYx-CU6jDbi/view?usp%3Dsharing&ec=GAZAGQ
2018,2018-12-07,Revaluation Result BE (Civil Engg. R-2012)_Sem-VIII-CBGS May-2018,https://accounts.google.com/ServiceLogin?service=wise&passive=1209600&osid=1&continue=https://drive.google.com/file/d/1z8lhiodRuxDB3pUlF6xrHLF-_vUL1jZY/view?usp%3Dsharing&followup=https://drive.google.com/file/d/1z8lhiodRuxDB3pUlF6xrHLF-_vUL1jZY/view?usp%3Dsharing&ec=GAZAGQ
2018,,Revaluation Result FE (R-2012)_Sem-I-CBGS_May-2018,https://accounts.google.com/ServiceLogin?service=wise&passive=1209600&osid=1&continue=https://drive.google.com/file/d/1Pthb-8MdozJ0CwwivKASRoYRsEFzh0zT/view?usp%3Dsharing&followup=https://drive.google.com/file/d/1Pthb-8MdozJ0CwwivKASRoYRsEFzh0zT/view?usp%3Dsharing&ec=GAZAGQ
2018,2018-10-17,Revaluation Result SE (Civil Engg._R-2016)_Sem-IV-Choice Base_May-2018,https://accounts.google.com/ServiceLogin?service=wise&passive=1209600&osid=1&continue=https://drive.google.com/file/d/1zMP3FSjcL_BqNdmQgavYtOZo9k8-r04v/view?usp%3Dsharing&followup=https://drive.google.com/file/d/1zMP3FSjcL_BqNdmQgavYtOZo9k8-r04v/view?usp%3Dsharing&ec=GAZAGQ
2018,,Revaluation Result SE (Mechanical Engg._R-2016)_Sem-IV-Choice Base_May-2018,https://accounts.google.com/ServiceLogin?service=wise&passive=1209600&osid=1&continue=https://drive.google.com/file/d/1hQR99BinCarFr4hPuimSAcXuUaMy441e/view?usp%3Dsharing&followup=https://drive.google.com/file/d/1hQR99BinCarFr4hPuimSAcXuUaMy441e/view?usp%3Dsharing&ec=GAZAGQ
2018,2018-10-15,Revaluation Result SE (Civil Engg._R-2012)_Sem-IV-CBGS_May-2018,https://accounts.google.com/ServiceLogin?service=wise&passive=1209600&osid=1&continue=https://drive.google.com/file/d/1_uZff4AXn-BszQiG-n3oyQuD5xlaa42O/view?usp%3Dsharing&followup=https://drive.google.com/file/d/1_uZff4AXn-BszQiG-n3oyQuD5xlaa42O/view?usp%3Dsharing&ec=GAZAGQ
2018,2018-10-13,Revaluation Result SE (Civil Engg._R-2016)_Sem-IV-Choice Base_May-2018,https://drive.google.com/file/d/1ldPL3uPQDZGK267kBVoOgb4whYWReOSZ/view?usp=sharing
2018,2018-10-06,Revaluation Result TE (Civil Engg._R-2012)_Sem-VI-CBGS_May-2018,https://accounts.google.com/ServiceLogin?service=wise&passive=1209600&osid=1&continue=https://drive.google.com/file/d/1SKchoY1Z58InWiIJjU3nGVwNXxBxNlQX/view?usp%3Dsharing&followup=https://drive.google.com/file/d/1SKchoY1Z58InWiIJjU3nGVwNXxBxNlQX/view?usp%3Dsharing&ec=GAZAGQ
2018,2018-10-06,Revaluation Result TE (Civil Engg._R-2012)_Sem-VI-CBGS_May-2018,https://drive.google.com/file/d/1SKchoY1Z58InWiIJjU3nGVwNXxBxNlQX/view?usp=sharing
2018,,Revaluation Result TE (Mechanical Engg._R-2012)_Sem-VI-CBGS_May-2018,https://accounts.google.com/ServiceLogin?service=wise&passive=1209600&osid=1&continue=https://drive.google.com/file/d/1w_7pHGkIg1NGDONzQRyEoI11MgsyqrsF/view?usp%3Dsharing&followup=https://drive.google.com/file/d/1w_7pHGkIg1NGDONzQRyEoI11MgsyqrsF/view?usp%3Dsharing&ec=GAZAGQ
2018,,Revaluation Result BE (Mechanical Engg._R-2012)_Sem-VIII-CBGS_May-2018,https://accounts.google.com/ServiceLogin?service=wise&passive=1209600&osid=1&continue=https://drive.google.com/file/d/1Da0yMZaew8N4C9s2WgXOaGx26kMNtSYa/view?usp%3Dsharing&followup=https://drive.google.com/file/d/1Da0yMZaew8N4C9s2WgXOaGx26kMNtSYa/view?usp%3Dsharing&ec=GAZAGQ
2018,,Revaluation Result BE (ExTC Engg._R-2012)_Sem-VIII-CBGS_May-2018,https://accounts.google.com/ServiceLogin?service=wise&passive=1209600&osid=1&continue=https://drive.google.com/file/d/1seCmRw0-kWZ3gjBuybnCU9OcvUavuRL9/view?usp%3Dsharing&followup=https://drive.google.com/file/d/1seCmRw0-kWZ3gjBuybnCU9OcvUavuRL9/view?usp%3Dsharing&ec=GAZAGQ
2018,,Revaluation Result BE (Computer Engg._R-2012)_Sem-VIII-CBGS_May-2018,https://accounts.google.com/ServiceLogin?service=wise&passive=1209600&osid=1&continue=https://drive.google.com/file/d/14xz2n_u-J8DGOeXgH9GYp3nq2Z1pg-MY/view?usp%3Dsharing&followup=https://drive.google.com/file/d/14xz2n_u-J8DGOeXgH9GYp3nq2Z1pg-MY/view?usp%3Dsharing&ec=GAZAGQ
2018,,Revaluation Result TE (Electrical Engg._R-2012)_Sem-VI-CBGS_May-2018,https://accounts.google.com/ServiceLogin?service=wise&passive=1209600&osid=1&continue=https://drive.google.com/file/d/1dkrhiwdmvqOXSnx61OPN2AaisZYldKsA/view?usp%3Dsharing&followup=https://drive.google.com/file/d/1dkrhiwdmvqOXSnx61OPN2AaisZYldKsA/view?usp%3Dsharing&ec=GAZAGQ
2018,2018-10-04,Revaluation Result SE (Mechanical Engg._R-2012)_Sem-IV-CBGS_May-2018,https://accounts.google.com/ServiceLogin?service=wise&passive=1209600&osid=1&continue=https://drive.google.com/file/d/1d9CpkHXt3pjqifb4IRPVbrjxXElC_wqD/view?usp%3Dsharing&followup=https://drive.google.com/file/d/1d9CpkHXt3pjqifb4IRPVbrjxXElC_wqD/view?usp%3Dsharing&ec=GAZAGQ
2018,,Revaluation Result SE (Electrical Engg._R-2016)_Sem-IV-Choice Base_May-2018,https://accounts.google.com/ServiceLogin?service=wise&passive=1209600&osid=1&continue=https://drive.google.com/file/d/1MUyA4kcgAeOE99brrlIRyJ8o0M7CUItV/view?usp%3Dsharing&followup=https://drive.google.com/file/d/1MUyA4kcgAeOE99brrlIRyJ8o0M7CUItV/view?usp%3Dsharing&ec=GAZAGQ
2018,,Revaluation Result TE (Computer Engg._R-2012)_Sem-VI- May-2018,https://accounts.google.com/ServiceLogin?service=wise&passive=1209600&osid=1&continue=https://drive.google.com/file/d/1vEP_8m98p1BtENhvTkFq_I3o3Zjsc6SO/view?usp%3Dsharing&followup=https://drive.google.com/file/d/1vEP_8m98p1BtENhvTkFq_I3o3Zjsc6SO/view?usp%3Dsharing&ec=GAZAGQ
2018,,Revaluation Result SE (Computer Engg._R-2016)_Sem-IV-Choice Base_May-2018,https://accounts.google.com/ServiceLogin?service=wise&passive=1209600&osid=1&continue=https://drive.google.com/file/d/1q3LrsjUeS1Wydi2cNRW-fSw-h3qeFAX4/view?usp%3Dsharing&followup=https://drive.google.com/file/d/1q3LrsjUeS1Wydi2cNRW-fSw-h3qeFAX4/view?usp%3Dsharing&ec=GAZAGQ
2018,2018-10-03,Revaluation Result SE (ExTC Engg._R-2016)_Sem-III-Choice Base_May-2018,https://accounts.google.com/ServiceLogin?service=wise&passive=1209600&osid=1&continue=https://drive.google.com/file/d/1vJQ-POAkp24jC8EKU8XSHbJOvOUbhFgZ/view?usp%3Dsharing&followup=https://drive.google.com/file/d/1vJQ-POAkp24jC8EKU8XSHbJOvOUbhFgZ/view?usp%3Dsharing&ec=GAZAGQ
2018,,Revaluation Result SE (Civil Engg._R-2012)_Sem-V-CBGS_May-2018,https://accounts.google.com/ServiceLogin?service=wise&passive=1209600&osid=1&continue=https://drive.google.com/file/d/1rwwI7O2lnlcb2As2VMxYt7xAhvmYhKtb/view?usp%3Dsharing&followup=https://drive.google.com/file/d/1rwwI7O2lnlcb2As2VMxYt7xAhvmYhKtb/view?usp%3Dsharing&ec=GAZAGQ
2018,,Revaluation Result SE (Civil Engg._R-2012)_Sem-III-CBGS_May-2018,https://accounts.google.com/ServiceLogin?service=wise&passive=1209600&osid=1&continue=https://drive.google.com/file/d/1hlYXWmVUep73Vnl1eE1b0-y0aw39F9vx/view?usp%3Dsharing&followup=https://drive.google.com/file/d/1hlYXWmVUep73Vnl1eE1b0-y0aw39F9vx/view?usp%3Dsharing&ec=GAZAGQ
2018,2018-09-30,Revaluation Result SE (Electrical Engg._R-2016)_Sem-III-Choice Base_May-2018,https://accounts.google.com/ServiceLogin?service=wise&passive=1209600&osid=1&continue=https://drive.google.com/file/d/1A_bqP6OIR1QcgR0oY1m_twI4ucc4pWzn/view?usp%3Dsharing&followup=https://drive.google.com/file/d/1A_bqP6OIR1QcgR0oY1m_twI4ucc4pWzn/view?usp%3Dsharing&ec=GAZAGQ
2018,,Revaluation Result SE (Computer Engg._R-2016)_Sem-III-Choice Base_May-2018,https://accounts.google.com/ServiceLogin?service=wise&passive=1209600&osid=1&continue=https://drive.google.com/file/d/1XvRkhurZ5rGAw2n2jq4-MChcXOR5S_7C/view?usp%3Dsharing&followup=https://drive.google.com/file/d/1XvRkhurZ5rGAw2n2jq4-MChcXOR5S_7C/view?usp%3Dsharing&ec=GAZAGQ
2018,2018-09-29,Revaluation Result SE (Computer Engg._R-2012)_Sem-III-CBGS_May-2018,https://accounts.google.com/ServiceLogin?service=wise&passive=1209600&osid=1&continue=https://drive.google.com/file/d/1zM9___Vt6hUcNiNooey3w9RV_VxGXibj/view?usp%3Dsharing&followup=https://drive.google.com/file/d/1zM9___Vt6hUcNiNooey3w9RV_VxGXibj/view?usp%3Dsharing&ec=GAZAGQ
2018,,Revaluation Result SE (Computer Engg._R-2012)_Sem-IV-CBGS_May-2018,https://accounts.google.com/ServiceLogin?service=wise&passive=1209600&osid=1&continue=https://drive.google.com/file/d/1jGIomM0nJxa-bGxBnjCColSQ0pcZJIkB/view?usp%3Dsharing&followup=https://drive.google.com/file/d/1jGIomM0nJxa-bGxBnjCColSQ0pcZJIkB/view?usp%3Dsharing&ec=GAZAGQ
2018,,Revaluation Result SE (Electrical Engg._R-2012)_Sem-IV-CBGS_May-2018,https://accounts.google.com/ServiceLogin?service=wise&passive=1209600&osid=1&continue=https://drive.google.com/file/d/1exGfI91CLezstWTB9pXC_i3aTQz5U46t/view?usp%3Dsharing&followup=https://drive.google.com/file/d/1exGfI91CLezstWTB9pXC_i3aTQz5U46t/view?usp%3Dsharing&ec=GAZAGQ
2018,,Revaluation Result TE (ExTC Engg._R-2012)_Sem-VI-CBGS_May-2018,https://accounts.google.com/ServiceLogin?service=wise&passive=1209600&osid=1&continue=https://drive.google.com/file/d/1d98W64bqExIJRNCQmw2jx0DZ8MyCcp0K/view?usp%3Dsharing&followup=https://drive.google.com/file/d/1d98W64bqExIJRNCQmw2jx0DZ8MyCcp0K/view?usp%3Dsharing&ec=GAZAGQ
2018,,Revaluation Result SE (ExTC Engg._R-2016)_Sem-IV-Choice Base_May-2018,https://accounts.google.com/ServiceLogin?service=wise&passive=1209600&osid=1&continue=https://drive.google.com/file/d/1TDt5KWGLFjZQ2JDQzl4sM-A9RRbmhSpa/view?usp%3Dsharing&followup=https://drive.google.com/file/d/1TDt5KWGLFjZQ2JDQzl4sM-A9RRbmhSpa/view?usp%3Dsharing&ec=GAZAGQ
2018,,Revaluation Result SE (ExTC Engg._R-2012)_Sem-IV-CBGS_May-2018,https://accounts.google.com/ServiceLogin?service=wise&passive=1209600&osid=1&continue=https://drive.google.com/file/d/1cavLncPB_QNGH_AdukzC7Xb2bJUqda32/view?usp%3Dsharing&followup=https://drive.google.com/file/d/1cavLncPB_QNGH_AdukzC7Xb2bJUqda32/view?usp%3Dsharing&ec=GAZAGQ
2018,,Result TE (Civil Engg._R-2012)_Sem-VI_May-2018,https://accounts.google.com/ServiceLogin?service=wise&passive=1209600&osid=1&continue=https://drive.google.com/file/d/1TwjFkRiV5UhP4l9T8TsKol2_y1A2KGuJ/view?usp%3Dsharing&followup=https://drive.google.com/file/d/1TwjFkRiV5UhP4l9T8TsKol2_y1A2KGuJ/view?usp%3Dsharing&ec=GAZAGQ
2018,2018-09-26,Revaluation Result TE (Mechancal Engg._R-2012)_Sem-V_May-2018,https://accounts.google.com/ServiceLogin?service=wise&passive=1209600&osid=1&continue=https://drive.google.com/file/d/1Ag7qcz8KItdcCKGO6zRw_tXBWsmxKLhw/view?usp%3Dsharing&followup=https://drive.google.com/file/d/1Ag7qcz8KItdcCKGO6zRw_tXBWsmxKLhw/view?usp%3Dsharing&ec=GAZAGQ
2018,,Revaluation Result SE (Mechancal Engg._R-2016)_Sem-III (Choice Base)_May-2018,https://accounts.google.com/ServiceLogin?service=wise&passive=1209600&osid=1&continue=https://drive.google.com/file/d/1u97O8QWt-pObih5j4BLZJdjfGnSGtKF0/view?usp%3Dsharing&followup=https://drive.google.com/file/d/1u97O8QWt-pObih5j4BLZJdjfGnSGtKF0/view?usp%3Dsharing&ec=GAZAGQ
2018,,Revaluation Result SE (Mechancal Engg._R-2012)_Sem-III(CBGS)_May-2018,https://accounts.google.com/ServiceLogin?service=wise&passive=1209600&osid=1&continue=https://drive.google.com/file/d/1JJ1J0s-2KeEiapNPUmryPARCNCwBRcGF/view?usp%3Dsharing&followup=https://drive.google.com/file/d/1JJ1J0s-2KeEiapNPUmryPARCNCwBRcGF/view?usp%3Dsharing&ec=GAZAGQ
2018,2018-08-23,Revaluation Result TE (Compputer Engg._R-2012)_Sem-V_May-2018,https://accounts.google.com/ServiceLogin?service=wise&passive=1209600&osid=1&continue=https://drive.google.com/file/d/1Xx7Be64DODVK26TqJk9Izw1ajTx7SwsM/view?usp%3Dsharing&followup=https://drive.google.com/file/d/1Xx7Be64DODVK26TqJk9Izw1ajTx7SwsM/view?usp%3Dsharing&ec=GAZAGQ
2018,,Revaluation Result TE (ExTC Engg._R-2012)_Sem-V_May-2018,https://accounts.google.com/ServiceLogin?service=wise&passive=1209600&osid=1&continue=https://drive.google.com/file/d/1sjRzqgo24aqQMQst96J3l0IyW7N58ZmD/view?usp%3Dsharing&followup=https://drive.google.com/file/d/1sjRzqgo24aqQMQst96J3l0IyW7N58ZmD/view?usp%3Dsharing&ec=GAZAGQ
2018,2018-08-09,Revaluation Result FE (Sem-I Choce Base)_Dec-2017,https://accounts.google.com/ServiceLogin?service=wise&passive=1209600&osid=1&continue=https://drive.google.com/file/d/1XDFocXu5gmROY2QHexWPyDDm8d5E8vur/view?usp%3Dsharing&followup=https://drive.google.com/file/d/1XDFocXu5gmROY2QHexWPyDDm8d5E8vur/view?usp%3Dsharing&ec=GAZAGQ
2018,2018-08-07,Revaluation Result FE (Sem-II Choice Base)_Dec-2017,https://accounts.google.com/ServiceLogin?service=wise&passive=1209600&osid=1&continue=https://drive.google.com/file/d/1CQ_muoMSGNwbr3I87oiZczKxhnPPcjVc/view?usp%3Dsharing&followup=https://drive.google.com/file/d/1CQ_muoMSGNwbr3I87oiZczKxhnPPcjVc/view?usp%3Dsharing&ec=GAZAGQ
2018,,Revaluation Result FE (Sem-II CBGS) Dec-2017,https://accounts.google.com/ServiceLogin?service=wise&passive=1209600&osid=1&continue=https://drive.google.com/file/d/16PZXQ7kiW3yRLVrXiEXC3QqQtOsBaiBY/view?usp%3Dsharing&followup=https://drive.google.com/file/d/16PZXQ7kiW3yRLVrXiEXC3QqQtOsBaiBY/view?usp%3Dsharing&ec=GAZAGQ
2018,,Revaluation Result FE (Sem-I CBGS) Dec-2017,https://accounts.google.com/ServiceLogin?service=wise&passive=1209600&osid=1&continue=https://drive.google.com/file/d/1XBO895367h8WqPPVSuDtbHAVmwD2N-OT/view?usp%3Dsharing&followup=https://drive.google.com/file/d/1XBO895367h8WqPPVSuDtbHAVmwD2N-OT/view?usp%3Dsharing&ec=GAZAGQ
2018,,Result TE (Electrical Engg._Rev-2012)_Sem-V_CBGS_May-2018,https://accounts.google.com/ServiceLogin?service=wise&passive=1209600&osid=1&continue=https://drive.google.com/file/d/17jGZnt1Ap9MEqFzHQM-HBqHEWYOzUlF5/view?usp%3Dsharing&followup=https://drive.google.com/file/d/17jGZnt1Ap9MEqFzHQM-HBqHEWYOzUlF5/view?usp%3Dsharing&ec=GAZAGQ
2018,,Result SE (Electrical Engg._Rev-2016)_Sem-IV_Choice Base_May-2018,https://accounts.google.com/ServiceLogin?service=wise&passive=1209600&osid=1&continue=https://drive.google.com/file/d/1LrwqmZNQ0xcRnXgxtkfJndvgmkaGJIrb/view?usp%3Dsharing&followup=https://drive.google.com/file/d/1LrwqmZNQ0xcRnXgxtkfJndvgmkaGJIrb/view?usp%3Dsharing&ec=GAZAGQ
2018,,Result SE (Electrical Engg._Rev-2012)_Sem-IV_CBGS_May-2018,https://accounts.google.com/ServiceLogin?service=wise&passive=1209600&osid=1&continue=https://drive.google.com/file/d/1j3UsB2lfVKhUe9u56fueOmVz0gIncliV/view?usp%3Dsharing&followup=https://drive.google.com/file/d/1j3UsB2lfVKhUe9u56fueOmVz0gIncliV/view?usp%3Dsharing&ec=GAZAGQ
2018,,Result SE (Electrical Engg._Rev-2016)_Sem-III_Choice Base_May-2018,https://accounts.google.com/ServiceLogin?service=wise&passive=1209600&osid=1&continue=https://drive.google.com/file/d/1sL2i5wb0uO1G3KAWY9yk1yMCt2fAOps0/view?usp%3Dsharing&followup=https://drive.google.com/file/d/1sL2i5wb0uO1G3KAWY9yk1yMCt2fAOps0/view?usp%3Dsharing&ec=GAZAGQ
2018,,Result SE (Electrical Engg._Rev-2012)_Sem-III_CBGS_May-2018,https://accounts.google.com/ServiceLogin?service=wise&passive=1209600&osid=1&continue=https://drive.google.com/file/d/1JvvUNSCIRK40rcpygf52q9midjSM1IB5/view?usp%3Dsharing&followup=https://drive.google.com/file/d/1JvvUNSCIRK40rcpygf52q9midjSM1IB5/view?usp%3Dsharing&ec=GAZAGQ
2018,2018-07-31,Result TE (Civil Engg._Rev-2012)_Sem-VI_CBGS_May-2018,https://accounts.google.com/ServiceLogin?service=wise&passive=1209600&osid=1&continue=https://drive.google.com/file/d/1EjvwSHINvS_71It-GrPYkGo6q8Uyw9En/view?usp%3Dsharing&followup=https://drive.google.com/file/d/1EjvwSHINvS_71It-GrPYkGo6q8Uyw9En/view?usp%3Dsharing&ec=GAZAGQ
2018,,Result SE (Civil Engg._Rev-2012)_Sem-IV_CBGS_May-2018,https://accounts.google.com/ServiceLogin?service=wise&passive=1209600&osid=1&continue=https://drive.google.com/file/d/1CBuwwjMPuYSGEUiL6SqSNrUujnKNNhEa/view?usp%3Dsharing&followup=https://drive.google.com/file/d/1CBuwwjMPuYSGEUiL6SqSNrUujnKNNhEa/view?usp%3Dsharing&ec=GAZAGQ
2018,,Result SE (Civil Engg._Rev-2012)_Sem-III_CBGS_May-2018,https://accounts.google.com/ServiceLogin?service=wise&passive=1209600&osid=1&continue=https://drive.google.com/file/d/1gwTdBYQ3GjwW64nsaI93aoNAlZeD85hJ/view?usp%3Dsharing&followup=https://drive.google.com/file/d/1gwTdBYQ3GjwW64nsaI93aoNAlZeD85hJ/view?usp%3Dsharing&ec=GAZAGQ
2018,2018-07-26,Result BE (Mechanical Engg._Rev-2012)_Sem-VIII_CBGS-May-2018,https://accounts.google.com/ServiceLogin?service=wise&passive=1209600&osid=1&continue=https://drive.google.com/file/d/1Xapr7bqy02nD-QsgQ1dKz0Se99Xp7Zmd/view?usp%3Dsharing&followup=https://drive.google.com/file/d/1Xapr7bqy02nD-QsgQ1dKz0Se99Xp7Zmd/view?usp%3Dsharing&ec=GAZAGQ
2018,2018-07-25,Result BE (Civil Engg._Rev-2012)_Sem-VIII_CBGS-May-2018,https://accounts.google.com/ServiceLogin?service=wise&passive=1209600&osid=1&continue=https://drive.google.com/file/d/1oXN5xkcQ_ejoKtfth9R3zMUIJNnS-TG_/view?usp%3Dsharing&followup=https://drive.google.com/file/d/1oXN5xkcQ_ejoKtfth9R3zMUIJNnS-TG_/view?usp%3Dsharing&ec=GAZAGQ
2018,2018-07-23,Result FE (Sem-II_Rev-2012)_CBGS_May-2018,https://accounts.google.com/ServiceLogin?service=wise&passive=1209600&osid=1&continue=https://drive.google.com/file/d/1GIv96fbVNa83fQKfsKPCEogM_TJ5KkNU/view?usp%3Dsharing&followup=https://drive.google.com/file/d/1GIv96fbVNa83fQKfsKPCEogM_TJ5KkNU/view?usp%3Dsharing&ec=GAZAGQ
2018,2018-07-19,Result FE (Sem-II_Rev-2016)_Choice Base_May-2018,https://accounts.google.com/ServiceLogin?service=wise&passive=1209600&osid=1&continue=https://drive.google.com/file/d/13_H6orVazUs8nJpL4FJrmomWObY15nJR/view?usp%3Dsharing&followup=https://drive.google.com/file/d/13_H6orVazUs8nJpL4FJrmomWObY15nJR/view?usp%3Dsharing&ec=GAZAGQ
2018,,Result FE (Sem-I._Rev-2016)_Choice Base_May-2018,https://accounts.google.com/ServiceLogin?service=wise&passive=1209600&osid=1&continue=https://drive.google.com/file/d/1y0D9cnVgC4jWKxs7C__0byLy-0HLLb0r/view?usp%3Dsharing&followup=https://drive.google.com/file/d/1y0D9cnVgC4jWKxs7C__0byLy-0HLLb0r/view?usp%3Dsharing&ec=GAZAGQ
2018,2018-07-14,Result BE (Mechanical Engg._Rev-2012)_Sem-VII_CBGS_May-2018,https://accounts.google.com/ServiceLogin?service=wise&passive=1209600&osid=1&continue=https://drive.google.com/file/d/1YY4ObtZIJTt1J2-Hv-b367HOT5-S9FZv/view?usp%3Dsharing&followup=https://drive.google.com/file/d/1YY4ObtZIJTt1J2-Hv-b367HOT5-S9FZv/view?usp%3Dsharing&ec=GAZAGQ
2018,,Result BE (ExTC Engg._Rev-2012)_Sem-VIII_CBGS_May-2018,https://accounts.google.com/ServiceLogin?service=wise&passive=1209600&osid=1&continue=https://drive.google.com/file/d/1GLV9V7wgHZvTBB1JcoXU3odryZYvP-0u/view?usp%3Dsharing&followup=https://drive.google.com/file/d/1GLV9V7wgHZvTBB1JcoXU3odryZYvP-0u/view?usp%3Dsharing&ec=GAZAGQ
2018,,Result BE (Electrical Engg._Rev-2012)_Sem-VIII_CBGS_May-2018,https://accounts.google.com/ServiceLogin?service=wise&passive=1209600&osid=1&continue=https://drive.google.com/file/d/1cjb4L8pMuVyCX4OL7nuVpqeW2miE1EhW/view?usp%3Dsharing&followup=https://drive.google.com/file/d/1cjb4L8pMuVyCX4OL7nuVpqeW2miE1EhW/view?usp%3Dsharing&ec=GAZAGQ
2018,2018-07-13,Result FE (Sem-I Rev-2012)_CBGS_May-2018,https://accounts.google.com/ServiceLogin?service=wise&passive=1209600&osid=1&continue=https://drive.google.com/file/d/1-mujXx8JDlcihmVkrx_ROTcBWPWq_gdn/view?usp%3Dsharing&followup=https://drive.google.com/file/d/1-mujXx8JDlcihmVkrx_ROTcBWPWq_gdn/view?usp%3Dsharing&ec=GAZAGQ
2018,,Result BE (ExTC Engg._Rev-2012)_Sem-VII_CBGS_May-2018,https://accounts.google.com/ServiceLogin?service=wise&passive=1209600&osid=1&continue=https://drive.google.com/file/d/1sIcGytH0XcW_wDD7xHYLq3dCoCoK9YNQ/view?usp%3Dsharing&followup=https://drive.google.com/file/d/1sIcGytH0XcW_wDD7xHYLq3dCoCoK9YNQ/view?usp%3Dsharing&ec=GAZAGQ
2018,2018-07-11,Result BE (Electrical Engg._Rev-2012)_Sem-VII_CBGS_May-2018,https://accounts.google.com/ServiceLogin?service=wise&passive=1209600&osid=1&continue=https://drive.google.com/file/d/1Gf6mAoNv3mBPJ7cvqyv6_-_SvXErkKZg/view?usp%3Dsharing&followup=https://drive.google.com/file/d/1Gf6mAoNv3mBPJ7cvqyv6_-_SvXErkKZg/view?usp%3Dsharing&ec=GAZAGQ
2018,2018-07-07,Result BE (Computer Engg._Rev-2012)_Sem-VIII_CBGS_May-2018,https://accounts.google.com/ServiceLogin?service=wise&passive=1209600&osid=1&continue=https://drive.google.com/file/d/1XAnqZCsbrQ-W6xpazPr0arBIAevr1oLD/view?usp%3Dsharing&followup=https://drive.google.com/file/d/1XAnqZCsbrQ-W6xpazPr0arBIAevr1oLD/view?usp%3Dsharing&ec=GAZAGQ
2018,,Result BE (Computer Engg._Rev-2012)_Sem-VII_CBGS_May-2018,https://accounts.google.com/ServiceLogin?service=wise&passive=1209600&osid=1&continue=https://drive.google.com/file/d/1AuiPrXKHwuNnoRUhLbdnx5pOoSTozYeT/view?usp%3Dsharing&followup=https://drive.google.com/file/d/1AuiPrXKHwuNnoRUhLbdnx5pOoSTozYeT/view?usp%3Dsharing&ec=GAZAGQ
2018,2018-07-05,Revaluation Result SE (Electrical. Engg._Rev-2016)_Sem-III_CBCS_Dec-2017,https://accounts.google.com/ServiceLogin?service=wise&passive=1209600&osid=1&continue=https://drive.google.com/file/d/1a6xi1edlnAe6lOroB5H8s5nwhVJIJTGd/view?usp%3Dsharing&followup=https://drive.google.com/file/d/1a6xi1edlnAe6lOroB5H8s5nwhVJIJTGd/view?usp%3Dsharing&ec=GAZAGQ
2018,,Revaluation Result SE (Mechanical. Engg._Rev-2016)_Sem-III_CBCS_Dec-2017,https://accounts.google.com/ServiceLogin?service=wise&passive=1209600&osid=1&continue=https://drive.google.com/file/d/1GugLu3kZSMNxmrVA3YEnaIane_sx8eoA/view?usp%3Dsharing&followup=https://drive.google.com/file/d/1GugLu3kZSMNxmrVA3YEnaIane_sx8eoA/view?usp%3Dsharing&ec=GAZAGQ
2018,,Revaluation Result SE (ExTC. Engg._Rev-2016)_Sem-III_CBCS_Dec-2017,https://accounts.google.com/ServiceLogin?service=wise&passive=1209600&osid=1&continue=https://drive.google.com/file/d/1QmU6o4U2qEr3QZtVPWO0TK4C-CEIgpks/view?usp%3Dsharing&followup=https://drive.google.com/file/d/1QmU6o4U2qEr3QZtVPWO0TK4C-CEIgpks/view?usp%3Dsharing&ec=GAZAGQ
2018,,Revaluation Result SE (Civil. Engg._Rev-2016)_Sem-III_CBCS_Dec-2017,https://accounts.google.com/ServiceLogin?service=wise&passive=1209600&osid=1&continue=https://drive.google.com/file/d/1KlqeCtD0_O1vz64KTNOv9Cwpb--S1dAP/view?usp%3Dsharing&followup=https://drive.google.com/file/d/1KlqeCtD0_O1vz64KTNOv9Cwpb--S1dAP/view?usp%3Dsharing&ec=GAZAGQ
2018,2018-04-13,Revaluation Result SE (Civil. Engg._Rev-2012)_Sem-IV_CBGS_Dec-2017,https://accounts.google.com/ServiceLogin?service=wise&passive=1209600&osid=1&continue=https://drive.google.com/file/d/1v-M1dVTTkTHm5K1qR3vqoxU3yIc6l1uK/view?usp%3Dsharing&followup=https://drive.google.com/file/d/1v-M1dVTTkTHm5K1qR3vqoxU3yIc6l1uK/view?usp%3Dsharing&ec=GAZAGQ
2018,2018-04-10,Result BE_RR_ (Mech. Engg._Rev-2012)_Sem-VII_CBGS_Dec-2017,https://accounts.google.com/ServiceLogin?service=wise&passive=1209600&osid=1&continue=https://drive.google.com/file/d/1f3jLD64CnFPy_OMdFnmMjbgNWS4l3bPw/view?usp%3Dsharing&followup=https://drive.google.com/file/d/1f3jLD64CnFPy_OMdFnmMjbgNWS4l3bPw/view?usp%3Dsharing&ec=GAZAGQ
2018,2018-04-09,Revaluation Result SE (Computer. Engg._Rev-2017)_Sem-III_CBCS_Dec-2017,https://accounts.google.com/ServiceLogin?service=wise&passive=1209600&osid=1&continue=https://drive.google.com/file/d/1DHaXUvIfzpaF7gyGuAS2cafGIN0y5Ozt/view?usp%3Dsharing&followup=https://drive.google.com/file/d/1DHaXUvIfzpaF7gyGuAS2cafGIN0y5Ozt/view?usp%3Dsharing&ec=GAZAGQ
2018,2018-04-08,Revaluation Result SE (Civil Engg._Rev-2012)_Sem-III_CBGS_Dec-2017,https://accounts.google.com/ServiceLogin?service=wise&passive=1209600&osid=1&continue=https://drive.google.com/file/d/1GR_U70dujCXicXAzQhMIErbz5JVybZqm/view?usp%3Dsharing&followup=https://drive.google.com/file/d/1GR_U70dujCXicXAzQhMIErbz5JVybZqm/view?usp%3Dsharing&ec=GAZAGQ
2018,,Revaluation Result SE (ExTC Engg._Rev-2017)_Sem-III_CBCS_Dec-2017,https://accounts.google.com/ServiceLogin?service=wise&passive=1209600&osid=1&continue=https://drive.google.com/file/d/1msl4aN9t2W5xKieJQRXvvGku7Wr9vguj/view?usp%3Dsharing&followup=https://drive.google.com/file/d/1msl4aN9t2W5xKieJQRXvvGku7Wr9vguj/view?usp%3Dsharing&ec=GAZAGQ
2018,,Revaluation Result SE (Electrical Engg._Rev-2017)_Sem-III_CBCS_Dec-2017,https://accounts.google.com/ServiceLogin?service=wise&passive=1209600&osid=1&continue=https://drive.google.com/file/d/1votpHQ9BznOodB5tryHXExlJAcBqSs7M/view?usp%3Dsharing&followup=https://drive.google.com/file/d/1votpHQ9BznOodB5tryHXExlJAcBqSs7M/view?usp%3Dsharing&ec=GAZAGQ
2018,,Revaluation Result TE (Civil Engg._Rev-2012)_Sem-V_CBGS_Dec-2017,https://accounts.google.com/ServiceLogin?service=wise&passive=1209600&osid=1&continue=https://drive.google.com/file/d/1NZ_BMvQM2diBySR84cRnlYiNAqjNdB6R/view?usp%3Dsharing&followup=https://drive.google.com/file/d/1NZ_BMvQM2diBySR84cRnlYiNAqjNdB6R/view?usp%3Dsharing&ec=GAZAGQ
2018,2018-04-06,Revaluation Result SE (Civil Engg._Rev-2017)_Sem-III_CBCS_Dec-2017,https://accounts.google.com/ServiceLogin?service=wise&passive=1209600&osid=1&continue=https://drive.google.com/file/d/1AuL53O_BgD6GmkGUREhqegp2G7f68KBJ/view?usp%3Dsharing&followup=https://drive.google.com/file/d/1AuL53O_BgD6GmkGUREhqegp2G7f68KBJ/view?usp%3Dsharing&ec=GAZAGQ
2018,,Revaluation Result TE (Mechanical Engg._Rev-2012)_Sem-VI_CBGS_Dec-2017,https://accounts.google.com/ServiceLogin?service=wise&passive=1209600&osid=1&continue=https://drive.google.com/file/d/1jelm0bpHDB2VYWx7ocJU_dmhjic32YY0/view?usp%3Dsharing&followup=https://drive.google.com/file/d/1jelm0bpHDB2VYWx7ocJU_dmhjic32YY0/view?usp%3Dsharing&ec=GAZAGQ
2018,,Revaluation Result SE (Mechanical Engg._Rev-2012)_Sem-IV_CBGS_Dec-2017,https://accounts.google.com/ServiceLogin?service=wise&passive=1209600&osid=1&continue=https://drive.google.com/file/d/1mm157Pcx78DU2fFivvpBfkrcyYocy-MD/view?usp%3Dsharing&followup=https://drive.google.com/file/d/1mm157Pcx78DU2fFivvpBfkrcyYocy-MD/view?usp%3Dsharing&ec=GAZAGQ
2018,,Revaluation Result SE (Mechanical Engg._Rev-2012)_Sem-III_CBGS_Dec-2017,https://accounts.google.com/ServiceLogin?service=wise&passive=1209600&osid=1&continue=https://drive.google.com/file/d/15iqVrcKreB3Qk9oGESsUhz1kRDKgsb40/view?usp%3Dsharing&followup=https://drive.google.com/file/d/15iqVrcKreB3Qk9oGESsUhz1kRDKgsb40/view?usp%3Dsharing&ec=GAZAGQ
2018,2018-04-03,Revaluation Result TE (Electrical Engg._Rev-2012)_Sem-V_CBGS_Dec-2017,https://accounts.google.com/ServiceLogin?service=wise&passive=1209600&osid=1&continue=https://drive.google.com/file/d/1WatgtHFGlE-7GHCvLQLJb1ZZ5hqdyqMB/view?usp%3Dsharing&followup=https://drive.google.com/file/d/1WatgtHFGlE-7GHCvLQLJb1ZZ5hqdyqMB/view?usp%3Dsharing&ec=GAZAGQ
2018,,Revaluation Result SE (Electrical Engg._Rev-2012)_Sem-IV_CBGS_Dec-2017,https://accounts.google.com/ServiceLogin?service=wise&passive=1209600&osid=1&continue=https://drive.google.com/file/d/1B6HkuLROHM3ZCfTB5QrPoBXd2duNrPqW/view?usp%3Dsharing&followup=https://drive.google.com/file/d/1B6HkuLROHM3ZCfTB5QrPoBXd2duNrPqW/view?usp%3Dsharing&ec=GAZAGQ
2018,,Revaluation Result SE (Electrical Engg._Rev-2012)_Sem-III_CBGS_Dec-2017,https://accounts.google.com/ServiceLogin?service=wise&passive=1209600&osid=1&continue=https://drive.google.com/file/d/1txA4wOubbsNlC6zTKzVzSl__1waqBGsQ/view?usp%3Dsharing&followup=https://drive.google.com/file/d/1txA4wOubbsNlC6zTKzVzSl__1waqBGsQ/view?usp%3Dsharing&ec=GAZAGQ
2018,,Revaluation Result TE (ExTC Engg._Rev-2012)_Sem-VI_Dec-2017,https://accounts.google.com/ServiceLogin?service=wise&passive=1209600&osid=1&continue=https://drive.google.com/file/d/1PGneAUXMAwyYUaJ_WtT1anAksQIxRAmH/view?usp%3Dsharing&followup=https://drive.google.com/file/d/1PGneAUXMAwyYUaJ_WtT1anAksQIxRAmH/view?usp%3Dsharing&ec=GAZAGQ
2018,,Revaluation Result SE (ExTC Engg._Rev-2012)_Sem-III_CBGS_Dec-2017,https://accounts.google.com/ServiceLogin?service=wise&passive=1209600&osid=1&continue=https://drive.google.com/file/d/16xMxgadtvxNvsbU0fFxyKlb3zsGPeqxu/view?usp%3Dsharing&followup=https://drive.google.com/file/d/16xMxgadtvxNvsbU0fFxyKlb3zsGPeqxu/view?usp%3Dsharing&ec=GAZAGQ
2018,,Revaluation Result SE (ExTC Engg._Rev-2012)_Sem-IV_Dec-2017,https://accounts.google.com/ServiceLogin?service=wise&passive=1209600&osid=1&continue=https://drive.google.com/file/d/1P0HF7SDUB_0IJjbOdk4eIeWAYbJuG8aK/view?usp%3Dsharing&followup=https://drive.google.com/file/d/1P0HF7SDUB_0IJjbOdk4eIeWAYbJuG8aK/view?usp%3Dsharing&ec=GAZAGQ
2018,,Revaluation Result SE (Computer Engg._Rev-2012)_Sem-IV_Dec-2017,https://accounts.google.com/ServiceLogin?service=wise&passive=1209600&osid=1&continue=https://drive.google.com/file/d/1gEPr6vbMwwjYP195NoJvm_5YmLjTYEoy/view?usp%3Dsharing&followup=https://drive.google.com/file/d/1gEPr6vbMwwjYP195NoJvm_5YmLjTYEoy/view?usp%3Dsharing&ec=GAZAGQ
2018,2018-04-02,Revaluation Result TE (Civil Engg._Rev-2012)_Sem-VI_Dec-2017,https://accounts.google.com/ServiceLogin?service=wise&passive=1209600&osid=1&continue=https://drive.google.com/file/d/1U5_RXw4VWzS_s9iDyED0GoT2T4CzJiEC/view?usp%3Dsharing&followup=https://drive.google.com/file/d/1U5_RXw4VWzS_s9iDyED0GoT2T4CzJiEC/view?usp%3Dsharing&ec=GAZAGQ
2018,,Revaluation Result T.E (ExTC Engg. Rev-2012)_Sem-V_Dec-2017,https://accounts.google.com/ServiceLogin?service=wise&passive=1209600&osid=1&continue=https://drive.google.com/file/d/1c1GMAxRUypWakQW7OSEurgo3FFyBHVTU/view?usp%3Dsharing&followup=https://drive.google.com/file/d/1c1GMAxRUypWakQW7OSEurgo3FFyBHVTU/view?usp%3Dsharing&ec=GAZAGQ
2018,2018-03-11,Result BE (Mechanical Engg. Rev-2012)_Sem-VII_Dec-2017,https://accounts.google.com/ServiceLogin?service=wise&passive=1209600&osid=1&continue=https://drive.google.com/file/d/1r9kWN7L7j1PE5AJbzeAAHQBooEAF6clk/view?usp%3Dsharing&followup=https://drive.google.com/file/d/1r9kWN7L7j1PE5AJbzeAAHQBooEAF6clk/view?usp%3Dsharing&ec=GAZAGQ
2018,2018-03-07,Result BE (Civil Engg_R-2012) Sem-VII_Dec-2017,https://accounts.google.com/ServiceLogin?service=wise&passive=1209600&osid=1&continue=https://drive.google.com/file/d/1NhDzYsiykJ8G3N5hI-ulhjQ6kP8u19Ds/view?usp%3Dsharing&followup=https://drive.google.com/file/d/1NhDzYsiykJ8G3N5hI-ulhjQ6kP8u19Ds/view?usp%3Dsharing&ec=GAZAGQ
2018,2018-03-05,Result BE (Electrical Engg. Rev-2012)_Sem-VII_Dec-2017,https://accounts.google.com/ServiceLogin?service=wise&passive=1209600&osid=1&continue=https://drive.google.com/file/d/1jOzrz4sKXnC2tbXADuf0v0EltEfEamtZ/view?usp%3Dsharing&followup=https://drive.google.com/file/d/1jOzrz4sKXnC2tbXADuf0v0EltEfEamtZ/view?usp%3Dsharing&ec=GAZAGQ
2018,,Result BE (ExTC Engg. Rev-2012)_Sem-VII_Dec-2017,https://accounts.google.com/ServiceLogin?service=wise&passive=1209600&osid=1&continue=https://drive.google.com/file/d/1dQA5byK2ZhICZEgjD3gvv5hbDB2Np5Mh/view?usp%3Dsharing&followup=https://drive.google.com/file/d/1dQA5byK2ZhICZEgjD3gvv5hbDB2Np5Mh/view?usp%3Dsharing&ec=GAZAGQ
2018,,Result BE (Computer Engg. Rev-2012)_Sem-VII_Dec-2017,https://drive.google.com/file/d/1i7x9pHEIsoCgXwAsH-1QakwVchPwkSZr/view?usp=sharing
2018,,Result FE (Rev-2016)_Sem-II_CBCS_Dec-2017,https://accounts.google.com/ServiceLogin?service=wise&passive=1209600&osid=1&continue=https://drive.google.com/file/d/1rqrKj6Xx8MRzbt3MB3kqm6Wg_1qc1xkW/view?usp%3Dsharing&followup=https://drive.google.com/file/d/1rqrKj6Xx8MRzbt3MB3kqm6Wg_1qc1xkW/view?usp%3Dsharing&ec=GAZAGQ
2018,,Result FE (Rev-2012)_Sem-II_CBGS_Dec-2017,https://accounts.google.com/ServiceLogin?service=wise&passive=1209600&osid=1&continue=https://drive.google.com/file/d/1wbIASdRpMfNC_JstZ9kFFe9ec3w4hAyr/view?usp%3Dsharing&followup=https://drive.google.com/file/d/1wbIASdRpMfNC_JstZ9kFFe9ec3w4hAyr/view?usp%3Dsharing&ec=GAZAGQ
2018,2018-02-20,Result FE (Rev-2016)_Sem-I_CBCS_Dec-2017,https://accounts.google.com/ServiceLogin?service=wise&passive=1209600&osid=1&continue=https://drive.google.com/file/d/1HnfIpjmOT_KQk-WAhWHs3saQb9lMZL7A/view?usp%3Dsharing&followup=https://drive.google.com/file/d/1HnfIpjmOT_KQk-WAhWHs3saQb9lMZL7A/view?usp%3Dsharing&ec=GAZAGQ
2018,2018-02-15,Revaluation Result F.E(Rev-2016_CBCS)_Sem-I_May-2017,https://accounts.google.com/ServiceLogin?service=wise&passive=1209600&osid=1&continue=https://drive.google.com/file/d/1k9uFFBQGemhweVkgqEm3vkpOBcpEe1K4/view?usp%3Dsharing&followup=https://drive.google.com/file/d/1k9uFFBQGemhweVkgqEm3vkpOBcpEe1K4/view?usp%3Dsharing&ec=GAZAGQ
2018,,Revaluation Result F.E (Rev-2012_CBGS)_Sem-I_May-2017,https://accounts.google.com/ServiceLogin?service=wise&passive=1209600&osid=1&continue=https://drive.google.com/file/d/1aACxYdVE1edNcjb54toGdUzIk64XhJpg/view?usp%3Dsharing&followup=https://drive.google.com/file/d/1aACxYdVE1edNcjb54toGdUzIk64XhJpg/view?usp%3Dsharing&ec=GAZAGQ
2018,2018-02-14,Result F.E(Rev-2012)_Sem-I_CBGS_Dec-2017,https://accounts.google.com/ServiceLogin?service=wise&passive=1209600&osid=1&continue=https://drive.google.com/file/d/1AGYnFrOmUct9DAhP6SX1Mzq4rdHk8xJj/view?usp%3Dsharing&followup=https://drive.google.com/file/d/1AGYnFrOmUct9DAhP6SX1Mzq4rdHk8xJj/view?usp%3Dsharing&ec=GAZAGQ
2018,2018-02-13,Result B.E.(Computer Eng.Rev-2012)_Sem-VIII_Dec-2017,https://drive.google.com/file/d/1BGVo_AaGxmAmCliPvnCjnFWVzo3stG7q/view?usp=sharing
2018,2018-02-05,Result TE (Civil Engineering_R 2012)_Sem-VI_(CBGS)_Dec-2017,https://accounts.google.com/ServiceLogin?service=wise&passive=1209600&osid=1&continue=https://drive.google.com/file/d/14a9vwJ9AzEmQq2dFFQE2k_a49T7eRa_q/view?usp%3Dsharing&followup=https://drive.google.com/file/d/14a9vwJ9AzEmQq2dFFQE2k_a49T7eRa_q/view?usp%3Dsharing&ec=GAZAGQ
2018,,Result TE (Civil Engineering_R 2012)_Sem-V_(CBGS)_Dec-2017,https://accounts.google.com/ServiceLogin?service=wise&passive=1209600&osid=1&continue=https://drive.google.com/file/d/1J5Ilon-Qv8Fgboaywoo8DlcDImtlsI5h/view?usp%3Dsharing&followup=https://drive.google.com/file/d/1J5Ilon-Qv8Fgboaywoo8DlcDImtlsI5h/view?usp%3Dsharing&ec=GAZAGQ
2018,,Result SE (Civil Engineering_R 2012)_Sem-IV_(CBGS)_Dec-2017,https://accounts.google.com/ServiceLogin?service=wise&passive=1209600&osid=1&continue=https://drive.google.com/file/d/1AjdR-b1ElpaJNs0Bb7NvHSk2Fg6zmO0r/view?usp%3Dsharing&followup=https://drive.google.com/file/d/1AjdR-b1ElpaJNs0Bb7NvHSk2Fg6zmO0r/view?usp%3Dsharing&ec=GAZAGQ
2018,,Result SE (Civil Engineering_R 2012)_Sem-III_(CBGS)_Dec-2017,https://accounts.google.com/ServiceLogin?service=wise&passive=1209600&osid=1&continue=https://drive.google.com/file/d/1WUN6TOLvF5LVgatco64KeN0bumbjVFd_/view?usp%3Dsharing&followup=https://drive.google.com/file/d/1WUN6TOLvF5LVgatco64KeN0bumbjVFd_/view?usp%3Dsharing&ec=GAZAGQ
2018,2018-01-30,Result TE (Electrical Engineering_R 2012)_Sem-VI_(CBGS)_Dec-2017,https://accounts.google.com/ServiceLogin?service=wise&passive=1209600&osid=1&continue=https://drive.google.com/file/d/1jL2cPY6fRcWH5JooDbAqEw6fzkJEKse3/view?usp%3Dsharing&followup=https://drive.google.com/file/d/1jL2cPY6fRcWH5JooDbAqEw6fzkJEKse3/view?usp%3Dsharing&ec=GAZAGQ
2018,,Result TE (Electrical Engineering_R 2012)_Sem-V_(CBGS)_Dec-2017,https://accounts.google.com/ServiceLogin?service=wise&passive=1209600&osid=1&continue=https://drive.google.com/file/d/1YYNhyCtH0yYLucTNSuZjfhsjkbL2uDv6/view?usp%3Dsharing&followup=https://drive.google.com/file/d/1YYNhyCtH0yYLucTNSuZjfhsjkbL2uDv6/view?usp%3Dsharing&ec=GAZAGQ
2018,,Result SE (Electrical Engineering_R 2012)_Sem-III_(CBGS)_Dec-2017,https://accounts.google.com/ServiceLogin?service=wise&passive=1209600&osid=1&continue=https://drive.google.com/file/d/1ERWXHJCMw0S3_Q6BYvR7XBr-ptFtdgHY/view?usp%3Dsharing&followup=https://drive.google.com/file/d/1ERWXHJCMw0S3_Q6BYvR7XBr-ptFtdgHY/view?usp%3Dsharing&ec=GAZAGQ
2018,,Result SE (Electrical Engineering_R 2017)_Sem-III_(CBCS)_Dec-2017,https://accounts.google.com/ServiceLogin?service=wise&passive=1209600&osid=1&continue=https://drive.google.com/file/d/1EFjJ9MOlhK-P-GMWly5_iOywfhKLPJ2a/view?usp%3Dsharing&followup=https://drive.google.com/file/d/1EFjJ9MOlhK-P-GMWly5_iOywfhKLPJ2a/view?usp%3Dsharing&ec=GAZAGQ
